year,song_country,song,artist,target_country,target_iso,trend_score,youtube_score,is_home_country,status
2016,Armenia,LoveWave,Iveta Mukuchyan,Albania,AL,0,0,False,success
2016,Armenia,LoveWave,Iveta Mukuchyan,Armenia,AM,100,100,True,success
2016,Armenia,LoveWave,Iveta Mukuchyan,Austria,AT,0,0,False,success
2016,Armenia,LoveWave,Iveta Mukuchyan,Australia,AU,0,0,False,success
2016,Armenia,LoveWave,Iveta Mukuchyan,Azerbaijan,AZ,0,0,False,success
2016,Armenia,LoveWave,Iveta Mukuchyan,Belgium,BE,0,0,False,success
2016,Armenia,LoveWave,Iveta Mukuchyan,Bulgaria,BG,0,0,False,success
2016,Armenia,LoveWave,Iveta Mukuchyan,Belarus,BY,0,0,False,success
2016,Armenia,LoveWave,Iveta Mukuchyan,Switzerland,CH,0,0,False,success
2016,Armenia,LoveWave,Iveta Mukuchyan,Cyprus,CY,0,0,False,success
2016,Armenia,LoveWave,Iveta Mukuchyan,Czechia,CZ,0,0,False,success
2016,Armenia,LoveWave,Iveta Mukuchyan,Germany,DE,0,0,False,success
2016,Armenia,LoveWave,Iveta Mukuchyan,Denmark,DK,0,0,False,success
2016,Armenia,LoveWave,Iveta Mukuchyan,Estonia,EE,0,0,False,success
2016,Armenia,LoveWave,Iveta Mukuchyan,Spain,ES,0,2,False,success
2016,Armenia,LoveWave,Iveta Mukuchyan,Finland,FI,0,0,False,success
2016,Armenia,LoveWave,Iveta Mukuchyan,France,FR,0,0,False,success
2016,Armenia,LoveWave,Iveta Mukuchyan,United Kingdom,GB,0,1,False,success
2016,Armenia,LoveWave,Iveta Mukuchyan,Georgia,GE,0,0,False,success
2016,Armenia,LoveWave,Iveta Mukuchyan,Greece,GR,0,7,False,success
2016,Armenia,LoveWave,Iveta Mukuchyan,Croatia,HR,0,0,False,success
2016,Armenia,LoveWave,Iveta Mukuchyan,Hungary,HU,0,0,False,success
2016,Armenia,LoveWave,Iveta Mukuchyan,Ireland,IE,0,0,False,success
2016,Armenia,LoveWave,Iveta Mukuchyan,Israel,IL,0,0,False,success
2016,Armenia,LoveWave,Iveta Mukuchyan,Iceland,IS,0,0,False,success
2016,Armenia,LoveWave,Iveta Mukuchyan,Italy,IT,0,0,False,success
2016,Armenia,LoveWave,Iveta Mukuchyan,Lithuania,LT,0,0,False,success
2016,Armenia,LoveWave,Iveta Mukuchyan,Luxembourg,LU,0,0,False,success
2016,Armenia,LoveWave,Iveta Mukuchyan,Latvia,LV,0,0,False,success
2016,Armenia,LoveWave,Iveta Mukuchyan,Moldova,MD,0,0,False,success
2016,Armenia,LoveWave,Iveta Mukuchyan,Montenegro,ME,0,0,False,success
2016,Armenia,LoveWave,Iveta Mukuchyan,North Macedonia,MK,0,0,False,success
2016,Armenia,LoveWave,Iveta Mukuchyan,Malta,MT,0,0,False,success
2016,Armenia,LoveWave,Iveta Mukuchyan,Netherlands,NL,0,0,False,success
2016,Armenia,LoveWave,Iveta Mukuchyan,Norway,NO,0,0,False,success
2016,Armenia,LoveWave,Iveta Mukuchyan,Poland,PL,0,1,False,success
2016,Armenia,LoveWave,Iveta Mukuchyan,Portugal,PT,0,0,False,success
2016,Armenia,LoveWave,Iveta Mukuchyan,Romania,RO,0,0,False,success
2016,Armenia,LoveWave,Iveta Mukuchyan,Serbia,RS,0,0,False,success
2016,Armenia,LoveWave,Iveta Mukuchyan,Russia,RU,1,0,False,success
2016,Armenia,LoveWave,Iveta Mukuchyan,Sweden,SE,0,0,False,success
2016,Armenia,LoveWave,Iveta Mukuchyan,Slovenia,SI,0,0,False,success
2016,Armenia,LoveWave,Iveta Mukuchyan,San Marino,SM,0,0,False,success
2016,Armenia,LoveWave,Iveta Mukuchyan,Ukraine,UA,0,0,False,success
2016,Australia,Sound of Silence,Dami Im,Albania,AL,0,20,False,success
2016,Australia,Sound of Silence,Dami Im,Armenia,AM,0,0,False,success
2016,Australia,Sound of Silence,Dami Im,Austria,AT,0,64,False,success
2016,Australia,Sound of Silence,Dami Im,Australia,AU,100,80,True,success
2016,Australia,Sound of Silence,Dami Im,Azerbaijan,AZ,0,0,False,success
2016,Australia,Sound of Silence,Dami Im,Belgium,BE,23,29,False,success
2016,Australia,Sound of Silence,Dami Im,Bulgaria,BG,0,26,False,success
2016,Australia,Sound of Silence,Dami Im,Belarus,BY,0,0,False,success
2016,Australia,Sound of Silence,Dami Im,Switzerland,CH,0,19,False,success
2016,Australia,Sound of Silence,Dami Im,Cyprus,CY,0,27,False,success
2016,Australia,Sound of Silence,Dami Im,Czechia,CZ,0,20,False,success
2016,Australia,Sound of Silence,Dami Im,Germany,DE,5,21,False,success
2016,Australia,Sound of Silence,Dami Im,Denmark,DK,0,44,False,success
2016,Australia,Sound of Silence,Dami Im,Estonia,EE,0,27,False,success
2016,Australia,Sound of Silence,Dami Im,Spain,ES,6,20,False,success
2016,Australia,Sound of Silence,Dami Im,Finland,FI,0,88,False,success
2016,Australia,Sound of Silence,Dami Im,France,FR,0,19,False,success
2016,Australia,Sound of Silence,Dami Im,United Kingdom,GB,2,59,False,success
2016,Australia,Sound of Silence,Dami Im,Georgia,GE,0,21,False,success
2016,Australia,Sound of Silence,Dami Im,Greece,GR,0,28,False,success
2016,Australia,Sound of Silence,Dami Im,Croatia,HR,0,42,False,success
2016,Australia,Sound of Silence,Dami Im,Hungary,HU,0,21,False,success
2016,Australia,Sound of Silence,Dami Im,Ireland,IE,0,53,False,success
2016,Australia,Sound of Silence,Dami Im,Israel,IL,0,14,False,success
2016,Australia,Sound of Silence,Dami Im,Iceland,IS,0,100,False,success
2016,Australia,Sound of Silence,Dami Im,Italy,IT,0,41,False,success
2016,Australia,Sound of Silence,Dami Im,Lithuania,LT,0,20,False,success
2016,Australia,Sound of Silence,Dami Im,Luxembourg,LU,0,60,False,success
2016,Australia,Sound of Silence,Dami Im,Latvia,LV,0,22,False,success
2016,Australia,Sound of Silence,Dami Im,Moldova,MD,0,0,False,success
2016,Australia,Sound of Silence,Dami Im,Montenegro,ME,0,0,False,success
2016,Australia,Sound of Silence,Dami Im,North Macedonia,MK,0,19,False,success
2016,Australia,Sound of Silence,Dami Im,Malta,MT,0,97,False,success
2016,Australia,Sound of Silence,Dami Im,Netherlands,NL,0,35,False,success
2016,Australia,Sound of Silence,Dami Im,Norway,NO,0,50,False,success
2016,Australia,Sound of Silence,Dami Im,Poland,PL,8,30,False,success
2016,Australia,Sound of Silence,Dami Im,Portugal,PT,0,65,False,success
2016,Australia,Sound of Silence,Dami Im,Romania,RO,0,17,False,success
2016,Australia,Sound of Silence,Dami Im,Serbia,RS,0,19,False,success
2016,Australia,Sound of Silence,Dami Im,Russia,RU,5,2,False,success
2016,Australia,Sound of Silence,Dami Im,Sweden,SE,0,54,False,success
2016,Australia,Sound of Silence,Dami Im,Slovenia,SI,0,34,False,success
2016,Australia,Sound of Silence,Dami Im,San Marino,SM,0,0,False,success
2016,Australia,Sound of Silence,Dami Im,Ukraine,UA,0,3,False,success
2016,Austria,Loin d'ici,Zoë,Albania,AL,0,0,False,success
2016,Austria,Loin d'ici,Zoë,Armenia,AM,0,0,False,success
2016,Austria,Loin d'ici,Zoë,Austria,AT,1,0,True,success
2016,Austria,Loin d'ici,Zoë,Australia,AU,0,0,False,success
2016,Austria,Loin d'ici,Zoë,Azerbaijan,AZ,0,0,False,success
2016,Austria,Loin d'ici,Zoë,Belgium,BE,0,0,False,success
2016,Austria,Loin d'ici,Zoë,Bulgaria,BG,0,0,False,success
2016,Austria,Loin d'ici,Zoë,Belarus,BY,0,0,False,success
2016,Austria,Loin d'ici,Zoë,Switzerland,CH,0,0,False,success
2016,Austria,Loin d'ici,Zoë,Cyprus,CY,0,0,False,success
2016,Austria,Loin d'ici,Zoë,Czechia,CZ,0,0,False,success
2016,Austria,Loin d'ici,Zoë,Germany,DE,0,0,False,success
2016,Austria,Loin d'ici,Zoë,Denmark,DK,0,0,False,success
2016,Austria,Loin d'ici,Zoë,Estonia,EE,0,0,False,success
2016,Austria,Loin d'ici,Zoë,Spain,ES,0,0,False,success
2016,Austria,Loin d'ici,Zoë,Finland,FI,0,0,False,success
2016,Austria,Loin d'ici,Zoë,France,FR,0,0,False,success
2016,Austria,Loin d'ici,Zoë,United Kingdom,GB,0,0,False,success
2016,Austria,Loin d'ici,Zoë,Georgia,GE,0,0,False,success
2016,Austria,Loin d'ici,Zoë,Greece,GR,0,0,False,success
2016,Austria,Loin d'ici,Zoë,Croatia,HR,0,0,False,success
2016,Austria,Loin d'ici,Zoë,Hungary,HU,0,0,False,success
2016,Austria,Loin d'ici,Zoë,Ireland,IE,0,0,False,success
2016,Austria,Loin d'ici,Zoë,Israel,IL,0,0,False,success
2016,Austria,Loin d'ici,Zoë,Iceland,IS,0,0,False,success
2016,Austria,Loin d'ici,Zoë,Italy,IT,0,0,False,success
2016,Austria,Loin d'ici,Zoë,Lithuania,LT,0,0,False,success
2016,Austria,Loin d'ici,Zoë,Luxembourg,LU,0,0,False,success
2016,Austria,Loin d'ici,Zoë,Latvia,LV,0,0,False,success
2016,Austria,Loin d'ici,Zoë,Moldova,MD,0,0,False,success
2016,Austria,Loin d'ici,Zoë,Montenegro,ME,0,0,False,success
2016,Austria,Loin d'ici,Zoë,North Macedonia,MK,0,0,False,success
2016,Austria,Loin d'ici,Zoë,Malta,MT,0,0,False,success
2016,Austria,Loin d'ici,Zoë,Netherlands,NL,0,0,False,success
2016,Austria,Loin d'ici,Zoë,Norway,NO,0,0,False,success
2016,Austria,Loin d'ici,Zoë,Poland,PL,0,0,False,success
2016,Austria,Loin d'ici,Zoë,Portugal,PT,0,0,False,success
2016,Austria,Loin d'ici,Zoë,Romania,RO,0,0,False,success
2016,Austria,Loin d'ici,Zoë,Serbia,RS,0,0,False,success
2016,Austria,Loin d'ici,Zoë,Russia,RU,0,0,False,success
2016,Austria,Loin d'ici,Zoë,Sweden,SE,0,0,False,success
2016,Austria,Loin d'ici,Zoë,Slovenia,SI,0,0,False,success
2016,Austria,Loin d'ici,Zoë,San Marino,SM,0,0,False,success
2016,Austria,Loin d'ici,Zoë,Ukraine,UA,0,0,False,success
2016,Azerbaijan,Miracle,Samra,Albania,AL,0,0,False,success
2016,Azerbaijan,Miracle,Samra,Armenia,AM,0,10,False,success
2016,Azerbaijan,Miracle,Samra,Austria,AT,0,35,False,success
2016,Azerbaijan,Miracle,Samra,Australia,AU,0,14,False,success
2016,Azerbaijan,Miracle,Samra,Azerbaijan,AZ,43,47,True,success
2016,Azerbaijan,Miracle,Samra,Belgium,BE,0,53,False,success
2016,Azerbaijan,Miracle,Samra,Bulgaria,BG,0,13,False,success
2016,Azerbaijan,Miracle,Samra,Belarus,BY,0,16,False,success
2016,Azerbaijan,Miracle,Samra,Switzerland,CH,0,41,False,success
2016,Azerbaijan,Miracle,Samra,Cyprus,CY,0,17,False,success
2016,Azerbaijan,Miracle,Samra,Czechia,CZ,0,13,False,success
2016,Azerbaijan,Miracle,Samra,Germany,DE,0,32,False,success
2016,Azerbaijan,Miracle,Samra,Denmark,DK,0,12,False,success
2016,Azerbaijan,Miracle,Samra,Estonia,EE,0,12,False,success
2016,Azerbaijan,Miracle,Samra,Spain,ES,0,7,False,success
2016,Azerbaijan,Miracle,Samra,Finland,FI,0,17,False,success
2016,Azerbaijan,Miracle,Samra,France,FR,0,43,False,success
2016,Azerbaijan,Miracle,Samra,United Kingdom,GB,0,15,False,success
2016,Azerbaijan,Miracle,Samra,Georgia,GE,0,12,False,success
2016,Azerbaijan,Miracle,Samra,Greece,GR,0,11,False,success
2016,Azerbaijan,Miracle,Samra,Croatia,HR,0,13,False,success
2016,Azerbaijan,Miracle,Samra,Hungary,HU,0,11,False,success
2016,Azerbaijan,Miracle,Samra,Ireland,IE,0,13,False,success
2016,Azerbaijan,Miracle,Samra,Israel,IL,0,7,False,success
2016,Azerbaijan,Miracle,Samra,Iceland,IS,0,0,False,success
2016,Azerbaijan,Miracle,Samra,Italy,IT,0,18,False,success
2016,Azerbaijan,Miracle,Samra,Lithuania,LT,0,14,False,success
2016,Azerbaijan,Miracle,Samra,Luxembourg,LU,0,39,False,success
2016,Azerbaijan,Miracle,Samra,Latvia,LV,0,17,False,success
2016,Azerbaijan,Miracle,Samra,Moldova,MD,0,6,False,success
2016,Azerbaijan,Miracle,Samra,Montenegro,ME,0,0,False,success
2016,Azerbaijan,Miracle,Samra,North Macedonia,MK,0,12,False,success
2016,Azerbaijan,Miracle,Samra,Malta,MT,0,27,False,success
2016,Azerbaijan,Miracle,Samra,Netherlands,NL,0,12,False,success
2016,Azerbaijan,Miracle,Samra,Norway,NO,0,15,False,success
2016,Azerbaijan,Miracle,Samra,Poland,PL,0,21,False,success
2016,Azerbaijan,Miracle,Samra,Portugal,PT,0,9,False,success
2016,Azerbaijan,Miracle,Samra,Romania,RO,0,11,False,success
2016,Azerbaijan,Miracle,Samra,Serbia,RS,0,12,False,success
2016,Azerbaijan,Miracle,Samra,Russia,RU,0,13,False,success
2016,Azerbaijan,Miracle,Samra,Sweden,SE,0,12,False,success
2016,Azerbaijan,Miracle,Samra,Slovenia,SI,0,28,False,success
2016,Azerbaijan,Miracle,Samra,San Marino,SM,0,0,False,success
2016,Azerbaijan,Miracle,Samra,Ukraine,UA,0,12,False,success
2016,Belgium,What's the Pressure,Laura Tesoro,Albania,AL,0,0,False,success
2016,Belgium,What's the Pressure,Laura Tesoro,Armenia,AM,0,0,False,success
2016,Belgium,What's the Pressure,Laura Tesoro,Austria,AT,0,0,False,success
2016,Belgium,What's the Pressure,Laura Tesoro,Australia,AU,0,0,False,success
2016,Belgium,What's the Pressure,Laura Tesoro,Azerbaijan,AZ,0,0,False,success
2016,Belgium,What's the Pressure,Laura Tesoro,Belgium,BE,100,0,True,success
2016,Belgium,What's the Pressure,Laura Tesoro,Bulgaria,BG,0,0,False,success
2016,Belgium,What's the Pressure,Laura Tesoro,Belarus,BY,0,0,False,success
2016,Belgium,What's the Pressure,Laura Tesoro,Switzerland,CH,0,0,False,success
2016,Belgium,What's the Pressure,Laura Tesoro,Cyprus,CY,0,0,False,success
2016,Belgium,What's the Pressure,Laura Tesoro,Czechia,CZ,0,0,False,success
2016,Belgium,What's the Pressure,Laura Tesoro,Germany,DE,0,0,False,success
2016,Belgium,What's the Pressure,Laura Tesoro,Denmark,DK,0,0,False,success
2016,Belgium,What's the Pressure,Laura Tesoro,Estonia,EE,0,0,False,success
2016,Belgium,What's the Pressure,Laura Tesoro,Spain,ES,0,0,False,success
2016,Belgium,What's the Pressure,Laura Tesoro,Finland,FI,0,0,False,success
2016,Belgium,What's the Pressure,Laura Tesoro,France,FR,0,0,False,success
2016,Belgium,What's the Pressure,Laura Tesoro,United Kingdom,GB,0,0,False,success
2016,Belgium,What's the Pressure,Laura Tesoro,Georgia,GE,0,0,False,success
2016,Belgium,What's the Pressure,Laura Tesoro,Greece,GR,0,0,False,success
2016,Belgium,What's the Pressure,Laura Tesoro,Croatia,HR,0,0,False,success
2016,Belgium,What's the Pressure,Laura Tesoro,Hungary,HU,0,0,False,success
2016,Belgium,What's the Pressure,Laura Tesoro,Ireland,IE,0,0,False,success
2016,Belgium,What's the Pressure,Laura Tesoro,Israel,IL,0,0,False,success
2016,Belgium,What's the Pressure,Laura Tesoro,Iceland,IS,0,0,False,success
2016,Belgium,What's the Pressure,Laura Tesoro,Italy,IT,0,0,False,success
2016,Belgium,What's the Pressure,Laura Tesoro,Lithuania,LT,0,0,False,success
2016,Belgium,What's the Pressure,Laura Tesoro,Luxembourg,LU,0,0,False,success
2016,Belgium,What's the Pressure,Laura Tesoro,Latvia,LV,0,0,False,success
2016,Belgium,What's the Pressure,Laura Tesoro,Moldova,MD,0,0,False,success
2016,Belgium,What's the Pressure,Laura Tesoro,Montenegro,ME,0,0,False,success
2016,Belgium,What's the Pressure,Laura Tesoro,North Macedonia,MK,0,0,False,success
2016,Belgium,What's the Pressure,Laura Tesoro,Malta,MT,0,0,False,success
2016,Belgium,What's the Pressure,Laura Tesoro,Netherlands,NL,0,0,False,success
2016,Belgium,What's the Pressure,Laura Tesoro,Norway,NO,0,0,False,success
2016,Belgium,What's the Pressure,Laura Tesoro,Poland,PL,0,0,False,success
2016,Belgium,What's the Pressure,Laura Tesoro,Portugal,PT,0,0,False,success
2016,Belgium,What's the Pressure,Laura Tesoro,Romania,RO,0,0,False,success
2016,Belgium,What's the Pressure,Laura Tesoro,Serbia,RS,0,0,False,success
2016,Belgium,What's the Pressure,Laura Tesoro,Russia,RU,0,0,False,success
2016,Belgium,What's the Pressure,Laura Tesoro,Sweden,SE,0,0,False,success
2016,Belgium,What's the Pressure,Laura Tesoro,Slovenia,SI,0,0,False,success
2016,Belgium,What's the Pressure,Laura Tesoro,San Marino,SM,0,0,False,success
2016,Belgium,What's the Pressure,Laura Tesoro,Ukraine,UA,0,0,False,success
2016,Bulgaria,If Love Was a Crime,Poli Genova,Albania,AL,0,0,False,success
2016,Bulgaria,If Love Was a Crime,Poli Genova,Armenia,AM,0,0,False,success
2016,Bulgaria,If Love Was a Crime,Poli Genova,Austria,AT,0,0,False,success
2016,Bulgaria,If Love Was a Crime,Poli Genova,Australia,AU,0,0,False,success
2016,Bulgaria,If Love Was a Crime,Poli Genova,Azerbaijan,AZ,0,0,False,success
2016,Bulgaria,If Love Was a Crime,Poli Genova,Belgium,BE,0,0,False,success
2016,Bulgaria,If Love Was a Crime,Poli Genova,Bulgaria,BG,7,4,True,success
2016,Bulgaria,If Love Was a Crime,Poli Genova,Belarus,BY,0,0,False,success
2016,Bulgaria,If Love Was a Crime,Poli Genova,Switzerland,CH,0,0,False,success
2016,Bulgaria,If Love Was a Crime,Poli Genova,Cyprus,CY,0,0,False,success
2016,Bulgaria,If Love Was a Crime,Poli Genova,Czechia,CZ,0,0,False,success
2016,Bulgaria,If Love Was a Crime,Poli Genova,Germany,DE,0,0,False,success
2016,Bulgaria,If Love Was a Crime,Poli Genova,Denmark,DK,0,0,False,success
2016,Bulgaria,If Love Was a Crime,Poli Genova,Estonia,EE,0,0,False,success
2016,Bulgaria,If Love Was a Crime,Poli Genova,Spain,ES,0,0,False,success
2016,Bulgaria,If Love Was a Crime,Poli Genova,Finland,FI,0,0,False,success
2016,Bulgaria,If Love Was a Crime,Poli Genova,France,FR,0,0,False,success
2016,Bulgaria,If Love Was a Crime,Poli Genova,United Kingdom,GB,0,0,False,success
2016,Bulgaria,If Love Was a Crime,Poli Genova,Georgia,GE,0,0,False,success
2016,Bulgaria,If Love Was a Crime,Poli Genova,Greece,GR,0,0,False,success
2016,Bulgaria,If Love Was a Crime,Poli Genova,Croatia,HR,0,0,False,success
2016,Bulgaria,If Love Was a Crime,Poli Genova,Hungary,HU,0,0,False,success
2016,Bulgaria,If Love Was a Crime,Poli Genova,Ireland,IE,0,0,False,success
2016,Bulgaria,If Love Was a Crime,Poli Genova,Israel,IL,0,0,False,success
2016,Bulgaria,If Love Was a Crime,Poli Genova,Iceland,IS,0,0,False,success
2016,Bulgaria,If Love Was a Crime,Poli Genova,Italy,IT,0,0,False,success
2016,Bulgaria,If Love Was a Crime,Poli Genova,Lithuania,LT,0,0,False,success
2016,Bulgaria,If Love Was a Crime,Poli Genova,Luxembourg,LU,0,0,False,success
2016,Bulgaria,If Love Was a Crime,Poli Genova,Latvia,LV,0,0,False,success
2016,Bulgaria,If Love Was a Crime,Poli Genova,Moldova,MD,0,0,False,success
2016,Bulgaria,If Love Was a Crime,Poli Genova,Montenegro,ME,0,0,False,success
2016,Bulgaria,If Love Was a Crime,Poli Genova,North Macedonia,MK,0,0,False,success
2016,Bulgaria,If Love Was a Crime,Poli Genova,Malta,MT,0,0,False,success
2016,Bulgaria,If Love Was a Crime,Poli Genova,Netherlands,NL,0,0,False,success
2016,Bulgaria,If Love Was a Crime,Poli Genova,Norway,NO,0,0,False,success
2016,Bulgaria,If Love Was a Crime,Poli Genova,Poland,PL,0,0,False,success
2016,Bulgaria,If Love Was a Crime,Poli Genova,Portugal,PT,0,0,False,success
2016,Bulgaria,If Love Was a Crime,Poli Genova,Romania,RO,0,0,False,success
2016,Bulgaria,If Love Was a Crime,Poli Genova,Serbia,RS,0,0,False,success
2016,Bulgaria,If Love Was a Crime,Poli Genova,Russia,RU,0,0,False,success
2016,Bulgaria,If Love Was a Crime,Poli Genova,Sweden,SE,0,0,False,success
2016,Bulgaria,If Love Was a Crime,Poli Genova,Slovenia,SI,0,0,False,success
2016,Bulgaria,If Love Was a Crime,Poli Genova,San Marino,SM,0,0,False,success
2016,Bulgaria,If Love Was a Crime,Poli Genova,Ukraine,UA,0,0,False,success
2016,Croatia,Lighthouse,Nina Kraljić,Albania,AL,0,0,False,success
2016,Croatia,Lighthouse,Nina Kraljić,Armenia,AM,0,0,False,success
2016,Croatia,Lighthouse,Nina Kraljić,Austria,AT,0,3,False,success
2016,Croatia,Lighthouse,Nina Kraljić,Australia,AU,0,5,False,success
2016,Croatia,Lighthouse,Nina Kraljić,Azerbaijan,AZ,0,0,False,success
2016,Croatia,Lighthouse,Nina Kraljić,Belgium,BE,0,3,False,success
2016,Croatia,Lighthouse,Nina Kraljić,Bulgaria,BG,0,0,False,success
2016,Croatia,Lighthouse,Nina Kraljić,Belarus,BY,0,0,False,success
2016,Croatia,Lighthouse,Nina Kraljić,Switzerland,CH,0,3,False,success
2016,Croatia,Lighthouse,Nina Kraljić,Cyprus,CY,0,0,False,success
2016,Croatia,Lighthouse,Nina Kraljić,Czechia,CZ,0,3,False,success
2016,Croatia,Lighthouse,Nina Kraljić,Germany,DE,0,2,False,success
2016,Croatia,Lighthouse,Nina Kraljić,Denmark,DK,0,13,False,success
2016,Croatia,Lighthouse,Nina Kraljić,Estonia,EE,0,0,False,success
2016,Croatia,Lighthouse,Nina Kraljić,Spain,ES,0,3,False,success
2016,Croatia,Lighthouse,Nina Kraljić,Finland,FI,0,2,False,success
2016,Croatia,Lighthouse,Nina Kraljić,France,FR,0,1,False,success
2016,Croatia,Lighthouse,Nina Kraljić,United Kingdom,GB,0,5,False,success
2016,Croatia,Lighthouse,Nina Kraljić,Georgia,GE,0,0,False,success
2016,Croatia,Lighthouse,Nina Kraljić,Greece,GR,0,2,False,success
2016,Croatia,Lighthouse,Nina Kraljić,Croatia,HR,100,100,True,success
2016,Croatia,Lighthouse,Nina Kraljić,Hungary,HU,0,2,False,success
2016,Croatia,Lighthouse,Nina Kraljić,Ireland,IE,0,8,False,success
2016,Croatia,Lighthouse,Nina Kraljić,Israel,IL,0,0,False,success
2016,Croatia,Lighthouse,Nina Kraljić,Iceland,IS,0,0,False,success
2016,Croatia,Lighthouse,Nina Kraljić,Italy,IT,0,3,False,success
2016,Croatia,Lighthouse,Nina Kraljić,Lithuania,LT,0,5,False,success
2016,Croatia,Lighthouse,Nina Kraljić,Luxembourg,LU,0,0,False,success
2016,Croatia,Lighthouse,Nina Kraljić,Latvia,LV,0,0,False,success
2016,Croatia,Lighthouse,Nina Kraljić,Moldova,MD,0,0,False,success
2016,Croatia,Lighthouse,Nina Kraljić,Montenegro,ME,0,0,False,success
2016,Croatia,Lighthouse,Nina Kraljić,North Macedonia,MK,0,0,False,success
2016,Croatia,Lighthouse,Nina Kraljić,Malta,MT,0,0,False,success
2016,Croatia,Lighthouse,Nina Kraljić,Netherlands,NL,0,4,False,success
2016,Croatia,Lighthouse,Nina Kraljić,Norway,NO,0,0,False,success
2016,Croatia,Lighthouse,Nina Kraljić,Poland,PL,0,1,False,success
2016,Croatia,Lighthouse,Nina Kraljić,Portugal,PT,0,4,False,success
2016,Croatia,Lighthouse,Nina Kraljić,Romania,RO,0,2,False,success
2016,Croatia,Lighthouse,Nina Kraljić,Serbia,RS,0,2,False,success
2016,Croatia,Lighthouse,Nina Kraljić,Russia,RU,1,0,False,success
2016,Croatia,Lighthouse,Nina Kraljić,Sweden,SE,0,4,False,success
2016,Croatia,Lighthouse,Nina Kraljić,Slovenia,SI,0,7,False,success
2016,Croatia,Lighthouse,Nina Kraljić,San Marino,SM,0,0,False,success
2016,Croatia,Lighthouse,Nina Kraljić,Ukraine,UA,0,0,False,success
2016,Cyprus,Alter Ego,Minus One,Albania,AL,0,0,False,success
2016,Cyprus,Alter Ego,Minus One,Armenia,AM,0,0,False,success
2016,Cyprus,Alter Ego,Minus One,Austria,AT,0,0,False,success
2016,Cyprus,Alter Ego,Minus One,Australia,AU,0,0,False,success
2016,Cyprus,Alter Ego,Minus One,Azerbaijan,AZ,0,0,False,success
2016,Cyprus,Alter Ego,Minus One,Belgium,BE,0,9,False,success
2016,Cyprus,Alter Ego,Minus One,Bulgaria,BG,0,0,False,success
2016,Cyprus,Alter Ego,Minus One,Belarus,BY,0,0,False,success
2016,Cyprus,Alter Ego,Minus One,Switzerland,CH,0,0,False,success
2016,Cyprus,Alter Ego,Minus One,Cyprus,CY,100,100,True,success
2016,Cyprus,Alter Ego,Minus One,Czechia,CZ,0,4,False,success
2016,Cyprus,Alter Ego,Minus One,Germany,DE,0,1,False,success
2016,Cyprus,Alter Ego,Minus One,Denmark,DK,0,4,False,success
2016,Cyprus,Alter Ego,Minus One,Estonia,EE,0,0,False,success
2016,Cyprus,Alter Ego,Minus One,Spain,ES,0,1,False,success
2016,Cyprus,Alter Ego,Minus One,Finland,FI,0,0,False,success
2016,Cyprus,Alter Ego,Minus One,France,FR,0,15,False,success
2016,Cyprus,Alter Ego,Minus One,United Kingdom,GB,0,1,False,success
2016,Cyprus,Alter Ego,Minus One,Georgia,GE,0,0,False,success
2016,Cyprus,Alter Ego,Minus One,Greece,GR,4,9,False,success
2016,Cyprus,Alter Ego,Minus One,Croatia,HR,0,0,False,success
2016,Cyprus,Alter Ego,Minus One,Hungary,HU,0,2,False,success
2016,Cyprus,Alter Ego,Minus One,Ireland,IE,0,0,False,success
2016,Cyprus,Alter Ego,Minus One,Israel,IL,0,0,False,success
2016,Cyprus,Alter Ego,Minus One,Iceland,IS,0,0,False,success
2016,Cyprus,Alter Ego,Minus One,Italy,IT,0,0,False,success
2016,Cyprus,Alter Ego,Minus One,Lithuania,LT,0,0,False,success
2016,Cyprus,Alter Ego,Minus One,Luxembourg,LU,0,0,False,success
2016,Cyprus,Alter Ego,Minus One,Latvia,LV,0,0,False,success
2016,Cyprus,Alter Ego,Minus One,Moldova,MD,0,0,False,success
2016,Cyprus,Alter Ego,Minus One,Montenegro,ME,0,0,False,success
2016,Cyprus,Alter Ego,Minus One,North Macedonia,MK,0,0,False,success
2016,Cyprus,Alter Ego,Minus One,Malta,MT,0,0,False,success
2016,Cyprus,Alter Ego,Minus One,Netherlands,NL,0,2,False,success
2016,Cyprus,Alter Ego,Minus One,Norway,NO,0,0,False,success
2016,Cyprus,Alter Ego,Minus One,Poland,PL,1,6,False,success
2016,Cyprus,Alter Ego,Minus One,Portugal,PT,0,0,False,success
2016,Cyprus,Alter Ego,Minus One,Romania,RO,0,0,False,success
2016,Cyprus,Alter Ego,Minus One,Serbia,RS,0,2,False,success
2016,Cyprus,Alter Ego,Minus One,Russia,RU,1,1,False,success
2016,Cyprus,Alter Ego,Minus One,Sweden,SE,1,3,False,success
2016,Cyprus,Alter Ego,Minus One,Slovenia,SI,0,0,False,success
2016,Cyprus,Alter Ego,Minus One,San Marino,SM,0,0,False,success
2016,Cyprus,Alter Ego,Minus One,Ukraine,UA,0,0,False,success
2016,Czechia,I Stand,Gabriela Gunčíková,Albania,AL,0,0,False,success
2016,Czechia,I Stand,Gabriela Gunčíková,Armenia,AM,0,0,False,success
2016,Czechia,I Stand,Gabriela Gunčíková,Austria,AT,0,11,False,success
2016,Czechia,I Stand,Gabriela Gunčíková,Australia,AU,0,12,False,success
2016,Czechia,I Stand,Gabriela Gunčíková,Azerbaijan,AZ,0,0,False,success
2016,Czechia,I Stand,Gabriela Gunčíková,Belgium,BE,0,11,False,success
2016,Czechia,I Stand,Gabriela Gunčíková,Bulgaria,BG,0,14,False,success
2016,Czechia,I Stand,Gabriela Gunčíková,Belarus,BY,0,0,False,success
2016,Czechia,I Stand,Gabriela Gunčíková,Switzerland,CH,0,10,False,success
2016,Czechia,I Stand,Gabriela Gunčíková,Cyprus,CY,0,0,False,success
2016,Czechia,I Stand,Gabriela Gunčíková,Czechia,CZ,17,100,True,success
2016,Czechia,I Stand,Gabriela Gunčíková,Germany,DE,0,7,False,success
2016,Czechia,I Stand,Gabriela Gunčíková,Denmark,DK,0,9,False,success
2016,Czechia,I Stand,Gabriela Gunčíková,Estonia,EE,0,0,False,success
2016,Czechia,I Stand,Gabriela Gunčíková,Spain,ES,0,6,False,success
2016,Czechia,I Stand,Gabriela Gunčíková,Finland,FI,0,0,False,success
2016,Czechia,I Stand,Gabriela Gunčíková,France,FR,0,7,False,success
2016,Czechia,I Stand,Gabriela Gunčíková,United Kingdom,GB,0,13,False,success
2016,Czechia,I Stand,Gabriela Gunčíková,Georgia,GE,0,0,False,success
2016,Czechia,I Stand,Gabriela Gunčíková,Greece,GR,0,13,False,success
2016,Czechia,I Stand,Gabriela Gunčíková,Croatia,HR,0,9,False,success
2016,Czechia,I Stand,Gabriela Gunčíková,Hungary,HU,0,7,False,success
2016,Czechia,I Stand,Gabriela Gunčíková,Ireland,IE,0,12,False,success
2016,Czechia,I Stand,Gabriela Gunčíková,Israel,IL,0,6,False,success
2016,Czechia,I Stand,Gabriela Gunčíková,Iceland,IS,0,0,False,success
2016,Czechia,I Stand,Gabriela Gunčíková,Italy,IT,0,9,False,success
2016,Czechia,I Stand,Gabriela Gunčíková,Lithuania,LT,0,12,False,success
2016,Czechia,I Stand,Gabriela Gunčíková,Luxembourg,LU,0,0,False,success
2016,Czechia,I Stand,Gabriela Gunčíková,Latvia,LV,0,0,False,success
2016,Czechia,I Stand,Gabriela Gunčíková,Moldova,MD,36,0,False,success
2016,Czechia,I Stand,Gabriela Gunčíková,Montenegro,ME,0,0,False,success
2016,Czechia,I Stand,Gabriela Gunčíková,North Macedonia,MK,0,0,False,success
2016,Czechia,I Stand,Gabriela Gunčíková,Malta,MT,0,0,False,success
2016,Czechia,I Stand,Gabriela Gunčíková,Netherlands,NL,0,8,False,success
2016,Czechia,I Stand,Gabriela Gunčíková,Norway,NO,0,7,False,success
2016,Czechia,I Stand,Gabriela Gunčíková,Poland,PL,0,8,False,success
2016,Czechia,I Stand,Gabriela Gunčíková,Portugal,PT,0,12,False,success
2016,Czechia,I Stand,Gabriela Gunčíková,Romania,RO,0,12,False,success
2016,Czechia,I Stand,Gabriela Gunčíková,Serbia,RS,0,10,False,success
2016,Czechia,I Stand,Gabriela Gunčíková,Russia,RU,0,1,False,success
2016,Czechia,I Stand,Gabriela Gunčíková,Sweden,SE,0,10,False,success
2016,Czechia,I Stand,Gabriela Gunčíková,Slovenia,SI,0,16,False,success
2016,Czechia,I Stand,Gabriela Gunčíková,San Marino,SM,0,0,False,success
2016,Czechia,I Stand,Gabriela Gunčíková,Ukraine,UA,0,0,False,success
2016,France,J'ai cherché,Amir,Albania,AL,0,0,False,success
2016,France,J'ai cherché,Amir,Armenia,AM,0,0,False,success
2016,France,J'ai cherché,Amir,Austria,AT,0,0,False,success
2016,France,J'ai cherché,Amir,Australia,AU,0,0,False,success
2016,France,J'ai cherché,Amir,Azerbaijan,AZ,0,0,False,success
2016,France,J'ai cherché,Amir,Belgium,BE,13,0,False,success
2016,France,J'ai cherché,Amir,Bulgaria,BG,0,0,False,success
2016,France,J'ai cherché,Amir,Belarus,BY,15,0,False,success
2016,France,J'ai cherché,Amir,Switzerland,CH,9,0,False,success
2016,France,J'ai cherché,Amir,Cyprus,CY,0,0,False,success
2016,France,J'ai cherché,Amir,Czechia,CZ,0,0,False,success
2016,France,J'ai cherché,Amir,Germany,DE,0,0,False,success
2016,France,J'ai cherché,Amir,Denmark,DK,0,0,False,success
2016,France,J'ai cherché,Amir,Estonia,EE,0,0,False,success
2016,France,J'ai cherché,Amir,Spain,ES,4,0,False,success
2016,France,J'ai cherché,Amir,Finland,FI,0,0,False,success
2016,France,J'ai cherché,Amir,France,FR,72,0,True,success
2016,France,J'ai cherché,Amir,United Kingdom,GB,0,0,False,success
2016,France,J'ai cherché,Amir,Georgia,GE,0,0,False,success
2016,France,J'ai cherché,Amir,Greece,GR,0,0,False,success
2016,France,J'ai cherché,Amir,Croatia,HR,0,0,False,success
2016,France,J'ai cherché,Amir,Hungary,HU,0,0,False,success
2016,France,J'ai cherché,Amir,Ireland,IE,0,0,False,success
2016,France,J'ai cherché,Amir,Israel,IL,11,0,False,success
2016,France,J'ai cherché,Amir,Iceland,IS,0,0,False,success
2016,France,J'ai cherché,Amir,Italy,IT,0,0,False,success
2016,France,J'ai cherché,Amir,Lithuania,LT,0,0,False,success
2016,France,J'ai cherché,Amir,Luxembourg,LU,100,0,False,success
2016,France,J'ai cherché,Amir,Latvia,LV,0,0,False,success
2016,France,J'ai cherché,Amir,Moldova,MD,0,0,False,success
2016,France,J'ai cherché,Amir,Montenegro,ME,0,0,False,success
2016,France,J'ai cherché,Amir,North Macedonia,MK,0,0,False,success
2016,France,J'ai cherché,Amir,Malta,MT,0,0,False,success
2016,France,J'ai cherché,Amir,Netherlands,NL,5,0,False,success
2016,France,J'ai cherché,Amir,Norway,NO,0,0,False,success
2016,France,J'ai cherché,Amir,Poland,PL,0,0,False,success
2016,France,J'ai cherché,Amir,Portugal,PT,0,0,False,success
2016,France,J'ai cherché,Amir,Romania,RO,0,0,False,success
2016,France,J'ai cherché,Amir,Serbia,RS,0,0,False,success
2016,France,J'ai cherché,Amir,Russia,RU,15,0,False,success
2016,France,J'ai cherché,Amir,Sweden,SE,6,0,False,success
2016,France,J'ai cherché,Amir,Slovenia,SI,0,0,False,success
2016,France,J'ai cherché,Amir,San Marino,SM,0,0,False,success
2016,France,J'ai cherché,Amir,Ukraine,UA,6,0,False,success
2016,Georgia,Midnight Gold,Nika Kocharov & Young Georgian Lolitaz,Albania,AL,0,0,False,success
2016,Georgia,Midnight Gold,Nika Kocharov & Young Georgian Lolitaz,Armenia,AM,0,0,False,success
2016,Georgia,Midnight Gold,Nika Kocharov & Young Georgian Lolitaz,Austria,AT,0,0,False,success
2016,Georgia,Midnight Gold,Nika Kocharov & Young Georgian Lolitaz,Australia,AU,0,0,False,success
2016,Georgia,Midnight Gold,Nika Kocharov & Young Georgian Lolitaz,Azerbaijan,AZ,0,0,False,success
2016,Georgia,Midnight Gold,Nika Kocharov & Young Georgian Lolitaz,Belgium,BE,0,0,False,success
2016,Georgia,Midnight Gold,Nika Kocharov & Young Georgian Lolitaz,Bulgaria,BG,0,0,False,success
2016,Georgia,Midnight Gold,Nika Kocharov & Young Georgian Lolitaz,Belarus,BY,0,0,False,success
2016,Georgia,Midnight Gold,Nika Kocharov & Young Georgian Lolitaz,Switzerland,CH,0,0,False,success
2016,Georgia,Midnight Gold,Nika Kocharov & Young Georgian Lolitaz,Cyprus,CY,0,0,False,success
2016,Georgia,Midnight Gold,Nika Kocharov & Young Georgian Lolitaz,Czechia,CZ,0,0,False,success
2016,Georgia,Midnight Gold,Nika Kocharov & Young Georgian Lolitaz,Germany,DE,0,0,False,success
2016,Georgia,Midnight Gold,Nika Kocharov & Young Georgian Lolitaz,Denmark,DK,0,0,False,success
2016,Georgia,Midnight Gold,Nika Kocharov & Young Georgian Lolitaz,Estonia,EE,0,0,False,success
2016,Georgia,Midnight Gold,Nika Kocharov & Young Georgian Lolitaz,Spain,ES,0,100,False,success
2016,Georgia,Midnight Gold,Nika Kocharov & Young Georgian Lolitaz,Finland,FI,0,0,False,success
2016,Georgia,Midnight Gold,Nika Kocharov & Young Georgian Lolitaz,France,FR,0,0,False,success
2016,Georgia,Midnight Gold,Nika Kocharov & Young Georgian Lolitaz,United Kingdom,GB,0,0,False,success
2016,Georgia,Midnight Gold,Nika Kocharov & Young Georgian Lolitaz,Georgia,GE,0,0,True,success
2016,Georgia,Midnight Gold,Nika Kocharov & Young Georgian Lolitaz,Greece,GR,0,0,False,success
2016,Georgia,Midnight Gold,Nika Kocharov & Young Georgian Lolitaz,Croatia,HR,0,0,False,success
2016,Georgia,Midnight Gold,Nika Kocharov & Young Georgian Lolitaz,Hungary,HU,0,0,False,success
2016,Georgia,Midnight Gold,Nika Kocharov & Young Georgian Lolitaz,Ireland,IE,0,0,False,success
2016,Georgia,Midnight Gold,Nika Kocharov & Young Georgian Lolitaz,Israel,IL,0,0,False,success
2016,Georgia,Midnight Gold,Nika Kocharov & Young Georgian Lolitaz,Iceland,IS,0,0,False,success
2016,Georgia,Midnight Gold,Nika Kocharov & Young Georgian Lolitaz,Italy,IT,0,0,False,success
2016,Georgia,Midnight Gold,Nika Kocharov & Young Georgian Lolitaz,Lithuania,LT,0,0,False,success
2016,Georgia,Midnight Gold,Nika Kocharov & Young Georgian Lolitaz,Luxembourg,LU,0,0,False,success
2016,Georgia,Midnight Gold,Nika Kocharov & Young Georgian Lolitaz,Latvia,LV,0,0,False,success
2016,Georgia,Midnight Gold,Nika Kocharov & Young Georgian Lolitaz,Moldova,MD,0,0,False,success
2016,Georgia,Midnight Gold,Nika Kocharov & Young Georgian Lolitaz,Montenegro,ME,0,0,False,success
2016,Georgia,Midnight Gold,Nika Kocharov & Young Georgian Lolitaz,North Macedonia,MK,0,0,False,success
2016,Georgia,Midnight Gold,Nika Kocharov & Young Georgian Lolitaz,Malta,MT,0,0,False,success
2016,Georgia,Midnight Gold,Nika Kocharov & Young Georgian Lolitaz,Netherlands,NL,0,0,False,success
2016,Georgia,Midnight Gold,Nika Kocharov & Young Georgian Lolitaz,Norway,NO,0,0,False,success
2016,Georgia,Midnight Gold,Nika Kocharov & Young Georgian Lolitaz,Poland,PL,0,0,False,success
2016,Georgia,Midnight Gold,Nika Kocharov & Young Georgian Lolitaz,Portugal,PT,0,0,False,success
2016,Georgia,Midnight Gold,Nika Kocharov & Young Georgian Lolitaz,Romania,RO,0,0,False,success
2016,Georgia,Midnight Gold,Nika Kocharov & Young Georgian Lolitaz,Serbia,RS,0,0,False,success
2016,Georgia,Midnight Gold,Nika Kocharov & Young Georgian Lolitaz,Russia,RU,0,0,False,success
2016,Georgia,Midnight Gold,Nika Kocharov & Young Georgian Lolitaz,Sweden,SE,0,0,False,success
2016,Georgia,Midnight Gold,Nika Kocharov & Young Georgian Lolitaz,Slovenia,SI,0,0,False,success
2016,Georgia,Midnight Gold,Nika Kocharov & Young Georgian Lolitaz,San Marino,SM,0,0,False,success
2016,Georgia,Midnight Gold,Nika Kocharov & Young Georgian Lolitaz,Ukraine,UA,0,0,False,success
2016,Germany,Ghost,Jamie-Lee,Albania,AL,0,17,False,success
2016,Germany,Ghost,Jamie-Lee,Armenia,AM,0,7,False,success
2016,Germany,Ghost,Jamie-Lee,Austria,AT,0,32,False,success
2016,Germany,Ghost,Jamie-Lee,Australia,AU,0,51,False,success
2016,Germany,Ghost,Jamie-Lee,Azerbaijan,AZ,0,7,False,success
2016,Germany,Ghost,Jamie-Lee,Belgium,BE,0,41,False,success
2016,Germany,Ghost,Jamie-Lee,Bulgaria,BG,0,25,False,success
2016,Germany,Ghost,Jamie-Lee,Belarus,BY,0,5,False,success
2016,Germany,Ghost,Jamie-Lee,Switzerland,CH,0,30,False,success
2016,Germany,Ghost,Jamie-Lee,Cyprus,CY,0,21,False,success
2016,Germany,Ghost,Jamie-Lee,Czechia,CZ,0,29,False,success
2016,Germany,Ghost,Jamie-Lee,Germany,DE,0,40,True,success
2016,Germany,Ghost,Jamie-Lee,Denmark,DK,0,41,False,success
2016,Germany,Ghost,Jamie-Lee,Estonia,EE,0,39,False,success
2016,Germany,Ghost,Jamie-Lee,Spain,ES,0,20,False,success
2016,Germany,Ghost,Jamie-Lee,Finland,FI,0,60,False,success
2016,Germany,Ghost,Jamie-Lee,France,FR,0,25,False,success
2016,Germany,Ghost,Jamie-Lee,United Kingdom,GB,0,47,False,success
2016,Germany,Ghost,Jamie-Lee,Georgia,GE,0,15,False,success
2016,Germany,Ghost,Jamie-Lee,Greece,GR,0,25,False,success
2016,Germany,Ghost,Jamie-Lee,Croatia,HR,0,37,False,success
2016,Germany,Ghost,Jamie-Lee,Hungary,HU,0,34,False,success
2016,Germany,Ghost,Jamie-Lee,Ireland,IE,0,40,False,success
2016,Germany,Ghost,Jamie-Lee,Israel,IL,0,15,False,success
2016,Germany,Ghost,Jamie-Lee,Iceland,IS,0,49,False,success
2016,Germany,Ghost,Jamie-Lee,Italy,IT,0,26,False,success
2016,Germany,Ghost,Jamie-Lee,Lithuania,LT,0,37,False,success
2016,Germany,Ghost,Jamie-Lee,Luxembourg,LU,0,31,False,success
2016,Germany,Ghost,Jamie-Lee,Latvia,LV,0,29,False,success
2016,Germany,Ghost,Jamie-Lee,Moldova,MD,0,11,False,success
2016,Germany,Ghost,Jamie-Lee,Montenegro,ME,0,30,False,success
2016,Germany,Ghost,Jamie-Lee,North Macedonia,MK,0,19,False,success
2016,Germany,Ghost,Jamie-Lee,Malta,MT,0,50,False,success
2016,Germany,Ghost,Jamie-Lee,Netherlands,NL,0,37,False,success
2016,Germany,Ghost,Jamie-Lee,Norway,NO,0,47,False,success
2016,Germany,Ghost,Jamie-Lee,Poland,PL,0,23,False,success
2016,Germany,Ghost,Jamie-Lee,Portugal,PT,0,26,False,success
2016,Germany,Ghost,Jamie-Lee,Romania,RO,0,23,False,success
2016,Germany,Ghost,Jamie-Lee,Serbia,RS,0,23,False,success
2016,Germany,Ghost,Jamie-Lee,Russia,RU,0,7,False,success
2016,Germany,Ghost,Jamie-Lee,Sweden,SE,0,50,False,success
2016,Germany,Ghost,Jamie-Lee,Slovenia,SI,0,47,False,success
2016,Germany,Ghost,Jamie-Lee,San Marino,SM,0,0,False,success
2016,Germany,Ghost,Jamie-Lee,Ukraine,UA,0,7,False,success
2016,Hungary,Pioneer,Freddie,Albania,AL,0,0,False,success
2016,Hungary,Pioneer,Freddie,Armenia,AM,0,0,False,success
2016,Hungary,Pioneer,Freddie,Austria,AT,5,0,False,success
2016,Hungary,Pioneer,Freddie,Australia,AU,0,0,False,success
2016,Hungary,Pioneer,Freddie,Azerbaijan,AZ,0,0,False,success
2016,Hungary,Pioneer,Freddie,Belgium,BE,0,0,False,success
2016,Hungary,Pioneer,Freddie,Bulgaria,BG,0,0,False,success
2016,Hungary,Pioneer,Freddie,Belarus,BY,0,0,False,success
2016,Hungary,Pioneer,Freddie,Switzerland,CH,0,0,False,success
2016,Hungary,Pioneer,Freddie,Cyprus,CY,0,0,False,success
2016,Hungary,Pioneer,Freddie,Czechia,CZ,0,0,False,success
2016,Hungary,Pioneer,Freddie,Germany,DE,1,0,False,success
2016,Hungary,Pioneer,Freddie,Denmark,DK,0,0,False,success
2016,Hungary,Pioneer,Freddie,Estonia,EE,0,0,False,success
2016,Hungary,Pioneer,Freddie,Spain,ES,1,0,False,success
2016,Hungary,Pioneer,Freddie,Finland,FI,0,0,False,success
2016,Hungary,Pioneer,Freddie,France,FR,0,0,False,success
2016,Hungary,Pioneer,Freddie,United Kingdom,GB,0,0,False,success
2016,Hungary,Pioneer,Freddie,Georgia,GE,0,0,False,success
2016,Hungary,Pioneer,Freddie,Greece,GR,0,0,False,success
2016,Hungary,Pioneer,Freddie,Croatia,HR,0,0,False,success
2016,Hungary,Pioneer,Freddie,Hungary,HU,100,2,True,success
2016,Hungary,Pioneer,Freddie,Ireland,IE,0,0,False,success
2016,Hungary,Pioneer,Freddie,Israel,IL,0,0,False,success
2016,Hungary,Pioneer,Freddie,Iceland,IS,0,0,False,success
2016,Hungary,Pioneer,Freddie,Italy,IT,1,0,False,success
2016,Hungary,Pioneer,Freddie,Lithuania,LT,17,0,False,success
2016,Hungary,Pioneer,Freddie,Luxembourg,LU,0,0,False,success
2016,Hungary,Pioneer,Freddie,Latvia,LV,0,0,False,success
2016,Hungary,Pioneer,Freddie,Moldova,MD,0,0,False,success
2016,Hungary,Pioneer,Freddie,Montenegro,ME,0,0,False,success
2016,Hungary,Pioneer,Freddie,North Macedonia,MK,0,0,False,success
2016,Hungary,Pioneer,Freddie,Malta,MT,0,0,False,success
2016,Hungary,Pioneer,Freddie,Netherlands,NL,0,0,False,success
2016,Hungary,Pioneer,Freddie,Norway,NO,0,0,False,success
2016,Hungary,Pioneer,Freddie,Poland,PL,4,0,False,success
2016,Hungary,Pioneer,Freddie,Portugal,PT,0,0,False,success
2016,Hungary,Pioneer,Freddie,Romania,RO,0,0,False,success
2016,Hungary,Pioneer,Freddie,Serbia,RS,6,0,False,success
2016,Hungary,Pioneer,Freddie,Russia,RU,2,0,False,success
2016,Hungary,Pioneer,Freddie,Sweden,SE,2,0,False,success
2016,Hungary,Pioneer,Freddie,Slovenia,SI,0,0,False,success
2016,Hungary,Pioneer,Freddie,San Marino,SM,0,0,False,success
2016,Hungary,Pioneer,Freddie,Ukraine,UA,2,0,False,success
2016,Israel,Made of Stars,Hovi Star,Albania,AL,0,0,False,success
2016,Israel,Made of Stars,Hovi Star,Armenia,AM,0,0,False,success
2016,Israel,Made of Stars,Hovi Star,Austria,AT,0,0,False,success
2016,Israel,Made of Stars,Hovi Star,Australia,AU,0,0,False,success
2016,Israel,Made of Stars,Hovi Star,Azerbaijan,AZ,0,0,False,success
2016,Israel,Made of Stars,Hovi Star,Belgium,BE,0,0,False,success
2016,Israel,Made of Stars,Hovi Star,Bulgaria,BG,0,0,False,success
2016,Israel,Made of Stars,Hovi Star,Belarus,BY,0,0,False,success
2016,Israel,Made of Stars,Hovi Star,Switzerland,CH,0,0,False,success
2016,Israel,Made of Stars,Hovi Star,Cyprus,CY,0,0,False,success
2016,Israel,Made of Stars,Hovi Star,Czechia,CZ,0,0,False,success
2016,Israel,Made of Stars,Hovi Star,Germany,DE,0,0,False,success
2016,Israel,Made of Stars,Hovi Star,Denmark,DK,0,0,False,success
2016,Israel,Made of Stars,Hovi Star,Estonia,EE,0,0,False,success
2016,Israel,Made of Stars,Hovi Star,Spain,ES,0,2,False,success
2016,Israel,Made of Stars,Hovi Star,Finland,FI,0,0,False,success
2016,Israel,Made of Stars,Hovi Star,France,FR,0,0,False,success
2016,Israel,Made of Stars,Hovi Star,United Kingdom,GB,0,3,False,success
2016,Israel,Made of Stars,Hovi Star,Georgia,GE,0,0,False,success
2016,Israel,Made of Stars,Hovi Star,Greece,GR,0,0,False,success
2016,Israel,Made of Stars,Hovi Star,Croatia,HR,0,0,False,success
2016,Israel,Made of Stars,Hovi Star,Hungary,HU,0,0,False,success
2016,Israel,Made of Stars,Hovi Star,Ireland,IE,0,0,False,success
2016,Israel,Made of Stars,Hovi Star,Israel,IL,0,100,True,success
2016,Israel,Made of Stars,Hovi Star,Iceland,IS,0,0,False,success
2016,Israel,Made of Stars,Hovi Star,Italy,IT,0,3,False,success
2016,Israel,Made of Stars,Hovi Star,Lithuania,LT,0,0,False,success
2016,Israel,Made of Stars,Hovi Star,Luxembourg,LU,0,0,False,success
2016,Israel,Made of Stars,Hovi Star,Latvia,LV,0,0,False,success
2016,Israel,Made of Stars,Hovi Star,Moldova,MD,0,0,False,success
2016,Israel,Made of Stars,Hovi Star,Montenegro,ME,0,0,False,success
2016,Israel,Made of Stars,Hovi Star,North Macedonia,MK,0,0,False,success
2016,Israel,Made of Stars,Hovi Star,Malta,MT,0,0,False,success
2016,Israel,Made of Stars,Hovi Star,Netherlands,NL,0,4,False,success
2016,Israel,Made of Stars,Hovi Star,Norway,NO,0,0,False,success
2016,Israel,Made of Stars,Hovi Star,Poland,PL,0,4,False,success
2016,Israel,Made of Stars,Hovi Star,Portugal,PT,0,0,False,success
2016,Israel,Made of Stars,Hovi Star,Romania,RO,0,0,False,success
2016,Israel,Made of Stars,Hovi Star,Serbia,RS,0,0,False,success
2016,Israel,Made of Stars,Hovi Star,Russia,RU,0,0,False,success
2016,Israel,Made of Stars,Hovi Star,Sweden,SE,0,0,False,success
2016,Israel,Made of Stars,Hovi Star,Slovenia,SI,0,0,False,success
2016,Israel,Made of Stars,Hovi Star,San Marino,SM,0,0,False,success
2016,Israel,Made of Stars,Hovi Star,Ukraine,UA,0,0,False,success
2016,Italy,No Degree of Separation,Francesca Michielin,Albania,AL,0,0,False,success
2016,Italy,No Degree of Separation,Francesca Michielin,Armenia,AM,0,0,False,success
2016,Italy,No Degree of Separation,Francesca Michielin,Austria,AT,0,0,False,success
2016,Italy,No Degree of Separation,Francesca Michielin,Australia,AU,0,0,False,success
2016,Italy,No Degree of Separation,Francesca Michielin,Azerbaijan,AZ,0,0,False,success
2016,Italy,No Degree of Separation,Francesca Michielin,Belgium,BE,0,0,False,success
2016,Italy,No Degree of Separation,Francesca Michielin,Bulgaria,BG,0,0,False,success
2016,Italy,No Degree of Separation,Francesca Michielin,Belarus,BY,0,0,False,success
2016,Italy,No Degree of Separation,Francesca Michielin,Switzerland,CH,0,0,False,success
2016,Italy,No Degree of Separation,Francesca Michielin,Cyprus,CY,0,0,False,success
2016,Italy,No Degree of Separation,Francesca Michielin,Czechia,CZ,0,0,False,success
2016,Italy,No Degree of Separation,Francesca Michielin,Germany,DE,0,0,False,success
2016,Italy,No Degree of Separation,Francesca Michielin,Denmark,DK,0,0,False,success
2016,Italy,No Degree of Separation,Francesca Michielin,Estonia,EE,0,0,False,success
2016,Italy,No Degree of Separation,Francesca Michielin,Spain,ES,0,22,False,success
2016,Italy,No Degree of Separation,Francesca Michielin,Finland,FI,0,0,False,success
2016,Italy,No Degree of Separation,Francesca Michielin,France,FR,0,0,False,success
2016,Italy,No Degree of Separation,Francesca Michielin,United Kingdom,GB,0,0,False,success
2016,Italy,No Degree of Separation,Francesca Michielin,Georgia,GE,0,0,False,success
2016,Italy,No Degree of Separation,Francesca Michielin,Greece,GR,0,0,False,success
2016,Italy,No Degree of Separation,Francesca Michielin,Croatia,HR,0,0,False,success
2016,Italy,No Degree of Separation,Francesca Michielin,Hungary,HU,0,0,False,success
2016,Italy,No Degree of Separation,Francesca Michielin,Ireland,IE,0,0,False,success
2016,Italy,No Degree of Separation,Francesca Michielin,Israel,IL,0,0,False,success
2016,Italy,No Degree of Separation,Francesca Michielin,Iceland,IS,0,0,False,success
2016,Italy,No Degree of Separation,Francesca Michielin,Italy,IT,1,100,True,success
2016,Italy,No Degree of Separation,Francesca Michielin,Lithuania,LT,0,0,False,success
2016,Italy,No Degree of Separation,Francesca Michielin,Luxembourg,LU,0,0,False,success
2016,Italy,No Degree of Separation,Francesca Michielin,Latvia,LV,0,0,False,success
2016,Italy,No Degree of Separation,Francesca Michielin,Moldova,MD,0,0,False,success
2016,Italy,No Degree of Separation,Francesca Michielin,Montenegro,ME,0,0,False,success
2016,Italy,No Degree of Separation,Francesca Michielin,North Macedonia,MK,0,0,False,success
2016,Italy,No Degree of Separation,Francesca Michielin,Malta,MT,100,0,False,success
2016,Italy,No Degree of Separation,Francesca Michielin,Netherlands,NL,0,0,False,success
2016,Italy,No Degree of Separation,Francesca Michielin,Norway,NO,0,0,False,success
2016,Italy,No Degree of Separation,Francesca Michielin,Poland,PL,0,0,False,success
2016,Italy,No Degree of Separation,Francesca Michielin,Portugal,PT,0,0,False,success
2016,Italy,No Degree of Separation,Francesca Michielin,Romania,RO,0,0,False,success
2016,Italy,No Degree of Separation,Francesca Michielin,Serbia,RS,0,0,False,success
2016,Italy,No Degree of Separation,Francesca Michielin,Russia,RU,0,0,False,success
2016,Italy,No Degree of Separation,Francesca Michielin,Sweden,SE,0,0,False,success
2016,Italy,No Degree of Separation,Francesca Michielin,Slovenia,SI,0,0,False,success
2016,Italy,No Degree of Separation,Francesca Michielin,San Marino,SM,0,0,False,success
2016,Italy,No Degree of Separation,Francesca Michielin,Ukraine,UA,0,0,False,success
2016,Latvia,Heartbeat,Justs,Albania,AL,0,0,False,success
2016,Latvia,Heartbeat,Justs,Armenia,AM,0,0,False,success
2016,Latvia,Heartbeat,Justs,Austria,AT,0,6,False,success
2016,Latvia,Heartbeat,Justs,Australia,AU,0,8,False,success
2016,Latvia,Heartbeat,Justs,Azerbaijan,AZ,0,0,False,success
2016,Latvia,Heartbeat,Justs,Belgium,BE,0,6,False,success
2016,Latvia,Heartbeat,Justs,Bulgaria,BG,0,5,False,success
2016,Latvia,Heartbeat,Justs,Belarus,BY,0,0,False,success
2016,Latvia,Heartbeat,Justs,Switzerland,CH,0,3,False,success
2016,Latvia,Heartbeat,Justs,Cyprus,CY,0,0,False,success
2016,Latvia,Heartbeat,Justs,Czechia,CZ,0,4,False,success
2016,Latvia,Heartbeat,Justs,Germany,DE,0,4,False,success
2016,Latvia,Heartbeat,Justs,Denmark,DK,0,7,False,success
2016,Latvia,Heartbeat,Justs,Estonia,EE,0,9,False,success
2016,Latvia,Heartbeat,Justs,Spain,ES,1,4,False,success
2016,Latvia,Heartbeat,Justs,Finland,FI,0,7,False,success
2016,Latvia,Heartbeat,Justs,France,FR,0,3,False,success
2016,Latvia,Heartbeat,Justs,United Kingdom,GB,0,8,False,success
2016,Latvia,Heartbeat,Justs,Georgia,GE,0,2,False,success
2016,Latvia,Heartbeat,Justs,Greece,GR,0,4,False,success
2016,Latvia,Heartbeat,Justs,Croatia,HR,0,7,False,success
2016,Latvia,Heartbeat,Justs,Hungary,HU,0,7,False,success
2016,Latvia,Heartbeat,Justs,Ireland,IE,0,10,False,success
2016,Latvia,Heartbeat,Justs,Israel,IL,0,3,False,success
2016,Latvia,Heartbeat,Justs,Iceland,IS,0,0,False,success
2016,Latvia,Heartbeat,Justs,Italy,IT,1,4,False,success
2016,Latvia,Heartbeat,Justs,Lithuania,LT,12,15,False,success
2016,Latvia,Heartbeat,Justs,Luxembourg,LU,0,0,False,success
2016,Latvia,Heartbeat,Justs,Latvia,LV,100,100,True,success
2016,Latvia,Heartbeat,Justs,Moldova,MD,0,0,False,success
2016,Latvia,Heartbeat,Justs,Montenegro,ME,0,0,False,success
2016,Latvia,Heartbeat,Justs,North Macedonia,MK,0,0,False,success
2016,Latvia,Heartbeat,Justs,Malta,MT,0,0,False,success
2016,Latvia,Heartbeat,Justs,Netherlands,NL,0,4,False,success
2016,Latvia,Heartbeat,Justs,Norway,NO,0,6,False,success
2016,Latvia,Heartbeat,Justs,Poland,PL,2,11,False,success
2016,Latvia,Heartbeat,Justs,Portugal,PT,0,6,False,success
2016,Latvia,Heartbeat,Justs,Romania,RO,0,6,False,success
2016,Latvia,Heartbeat,Justs,Serbia,RS,0,3,False,success
2016,Latvia,Heartbeat,Justs,Russia,RU,0,0,False,success
2016,Latvia,Heartbeat,Justs,Sweden,SE,0,6,False,success
2016,Latvia,Heartbeat,Justs,Slovenia,SI,0,6,False,success
2016,Latvia,Heartbeat,Justs,San Marino,SM,0,0,False,success
2016,Latvia,Heartbeat,Justs,Ukraine,UA,2,0,False,success
2016,Lithuania,I've Been Waiting for This Night,Donny Montell,Albania,AL,0,0,False,success
2016,Lithuania,I've Been Waiting for This Night,Donny Montell,Armenia,AM,0,0,False,success
2016,Lithuania,I've Been Waiting for This Night,Donny Montell,Austria,AT,0,0,False,success
2016,Lithuania,I've Been Waiting for This Night,Donny Montell,Australia,AU,0,0,False,success
2016,Lithuania,I've Been Waiting for This Night,Donny Montell,Azerbaijan,AZ,0,0,False,success
2016,Lithuania,I've Been Waiting for This Night,Donny Montell,Belgium,BE,0,0,False,success
2016,Lithuania,I've Been Waiting for This Night,Donny Montell,Bulgaria,BG,0,0,False,success
2016,Lithuania,I've Been Waiting for This Night,Donny Montell,Belarus,BY,0,0,False,success
2016,Lithuania,I've Been Waiting for This Night,Donny Montell,Switzerland,CH,0,0,False,success
2016,Lithuania,I've Been Waiting for This Night,Donny Montell,Cyprus,CY,0,14,False,success
2016,Lithuania,I've Been Waiting for This Night,Donny Montell,Czechia,CZ,0,0,False,success
2016,Lithuania,I've Been Waiting for This Night,Donny Montell,Germany,DE,0,0,False,success
2016,Lithuania,I've Been Waiting for This Night,Donny Montell,Denmark,DK,0,0,False,success
2016,Lithuania,I've Been Waiting for This Night,Donny Montell,Estonia,EE,0,0,False,success
2016,Lithuania,I've Been Waiting for This Night,Donny Montell,Spain,ES,0,0,False,success
2016,Lithuania,I've Been Waiting for This Night,Donny Montell,Finland,FI,0,0,False,success
2016,Lithuania,I've Been Waiting for This Night,Donny Montell,France,FR,0,0,False,success
2016,Lithuania,I've Been Waiting for This Night,Donny Montell,United Kingdom,GB,0,0,False,success
2016,Lithuania,I've Been Waiting for This Night,Donny Montell,Georgia,GE,0,0,False,success
2016,Lithuania,I've Been Waiting for This Night,Donny Montell,Greece,GR,0,0,False,success
2016,Lithuania,I've Been Waiting for This Night,Donny Montell,Croatia,HR,0,0,False,success
2016,Lithuania,I've Been Waiting for This Night,Donny Montell,Hungary,HU,0,0,False,success
2016,Lithuania,I've Been Waiting for This Night,Donny Montell,Ireland,IE,0,0,False,success
2016,Lithuania,I've Been Waiting for This Night,Donny Montell,Israel,IL,0,0,False,success
2016,Lithuania,I've Been Waiting for This Night,Donny Montell,Iceland,IS,0,0,False,success
2016,Lithuania,I've Been Waiting for This Night,Donny Montell,Italy,IT,0,0,False,success
2016,Lithuania,I've Been Waiting for This Night,Donny Montell,Lithuania,LT,100,0,True,success
2016,Lithuania,I've Been Waiting for This Night,Donny Montell,Luxembourg,LU,0,0,False,success
2016,Lithuania,I've Been Waiting for This Night,Donny Montell,Latvia,LV,0,0,False,success
2016,Lithuania,I've Been Waiting for This Night,Donny Montell,Moldova,MD,0,0,False,success
2016,Lithuania,I've Been Waiting for This Night,Donny Montell,Montenegro,ME,0,0,False,success
2016,Lithuania,I've Been Waiting for This Night,Donny Montell,North Macedonia,MK,0,0,False,success
2016,Lithuania,I've Been Waiting for This Night,Donny Montell,Malta,MT,0,0,False,success
2016,Lithuania,I've Been Waiting for This Night,Donny Montell,Netherlands,NL,0,0,False,success
2016,Lithuania,I've Been Waiting for This Night,Donny Montell,Norway,NO,0,0,False,success
2016,Lithuania,I've Been Waiting for This Night,Donny Montell,Poland,PL,0,0,False,success
2016,Lithuania,I've Been Waiting for This Night,Donny Montell,Portugal,PT,0,0,False,success
2016,Lithuania,I've Been Waiting for This Night,Donny Montell,Romania,RO,0,0,False,success
2016,Lithuania,I've Been Waiting for This Night,Donny Montell,Serbia,RS,0,0,False,success
2016,Lithuania,I've Been Waiting for This Night,Donny Montell,Russia,RU,0,0,False,success
2016,Lithuania,I've Been Waiting for This Night,Donny Montell,Sweden,SE,0,0,False,success
2016,Lithuania,I've Been Waiting for This Night,Donny Montell,Slovenia,SI,0,0,False,success
2016,Lithuania,I've Been Waiting for This Night,Donny Montell,San Marino,SM,0,0,False,success
2016,Lithuania,I've Been Waiting for This Night,Donny Montell,Ukraine,UA,0,0,False,success
2016,Malta,Walk on Water,Ira Losco,Albania,AL,0,0,False,success
2016,Malta,Walk on Water,Ira Losco,Armenia,AM,0,0,False,success
2016,Malta,Walk on Water,Ira Losco,Austria,AT,0,0,False,success
2016,Malta,Walk on Water,Ira Losco,Australia,AU,0,0,False,success
2016,Malta,Walk on Water,Ira Losco,Azerbaijan,AZ,0,0,False,success
2016,Malta,Walk on Water,Ira Losco,Belgium,BE,0,0,False,success
2016,Malta,Walk on Water,Ira Losco,Bulgaria,BG,0,0,False,success
2016,Malta,Walk on Water,Ira Losco,Belarus,BY,0,0,False,success
2016,Malta,Walk on Water,Ira Losco,Switzerland,CH,0,0,False,success
2016,Malta,Walk on Water,Ira Losco,Cyprus,CY,0,0,False,success
2016,Malta,Walk on Water,Ira Losco,Czechia,CZ,0,0,False,success
2016,Malta,Walk on Water,Ira Losco,Germany,DE,0,0,False,success
2016,Malta,Walk on Water,Ira Losco,Denmark,DK,0,1,False,success
2016,Malta,Walk on Water,Ira Losco,Estonia,EE,0,0,False,success
2016,Malta,Walk on Water,Ira Losco,Spain,ES,0,0,False,success
2016,Malta,Walk on Water,Ira Losco,Finland,FI,0,0,False,success
2016,Malta,Walk on Water,Ira Losco,France,FR,0,0,False,success
2016,Malta,Walk on Water,Ira Losco,United Kingdom,GB,0,0,False,success
2016,Malta,Walk on Water,Ira Losco,Georgia,GE,0,0,False,success
2016,Malta,Walk on Water,Ira Losco,Greece,GR,0,0,False,success
2016,Malta,Walk on Water,Ira Losco,Croatia,HR,0,0,False,success
2016,Malta,Walk on Water,Ira Losco,Hungary,HU,0,0,False,success
2016,Malta,Walk on Water,Ira Losco,Ireland,IE,0,0,False,success
2016,Malta,Walk on Water,Ira Losco,Israel,IL,0,0,False,success
2016,Malta,Walk on Water,Ira Losco,Iceland,IS,0,0,False,success
2016,Malta,Walk on Water,Ira Losco,Italy,IT,0,0,False,success
2016,Malta,Walk on Water,Ira Losco,Lithuania,LT,0,0,False,success
2016,Malta,Walk on Water,Ira Losco,Luxembourg,LU,0,0,False,success
2016,Malta,Walk on Water,Ira Losco,Latvia,LV,0,0,False,success
2016,Malta,Walk on Water,Ira Losco,Moldova,MD,0,0,False,success
2016,Malta,Walk on Water,Ira Losco,Montenegro,ME,0,0,False,success
2016,Malta,Walk on Water,Ira Losco,North Macedonia,MK,0,0,False,success
2016,Malta,Walk on Water,Ira Losco,Malta,MT,37,100,True,success
2016,Malta,Walk on Water,Ira Losco,Netherlands,NL,0,1,False,success
2016,Malta,Walk on Water,Ira Losco,Norway,NO,0,0,False,success
2016,Malta,Walk on Water,Ira Losco,Poland,PL,0,0,False,success
2016,Malta,Walk on Water,Ira Losco,Portugal,PT,0,0,False,success
2016,Malta,Walk on Water,Ira Losco,Romania,RO,0,0,False,success
2016,Malta,Walk on Water,Ira Losco,Serbia,RS,0,0,False,success
2016,Malta,Walk on Water,Ira Losco,Russia,RU,0,0,False,success
2016,Malta,Walk on Water,Ira Losco,Sweden,SE,0,0,False,success
2016,Malta,Walk on Water,Ira Losco,Slovenia,SI,0,0,False,success
2016,Malta,Walk on Water,Ira Losco,San Marino,SM,0,0,False,success
2016,Malta,Walk on Water,Ira Losco,Ukraine,UA,0,0,False,success
2016,Netherlands,Slow Down,Douwe Bob,Albania,AL,0,0,False,success
2016,Netherlands,Slow Down,Douwe Bob,Armenia,AM,0,0,False,success
2016,Netherlands,Slow Down,Douwe Bob,Austria,AT,0,5,False,success
2016,Netherlands,Slow Down,Douwe Bob,Australia,AU,0,6,False,success
2016,Netherlands,Slow Down,Douwe Bob,Azerbaijan,AZ,0,4,False,success
2016,Netherlands,Slow Down,Douwe Bob,Belgium,BE,4,10,False,success
2016,Netherlands,Slow Down,Douwe Bob,Bulgaria,BG,0,6,False,success
2016,Netherlands,Slow Down,Douwe Bob,Belarus,BY,0,0,False,success
2016,Netherlands,Slow Down,Douwe Bob,Switzerland,CH,0,4,False,success
2016,Netherlands,Slow Down,Douwe Bob,Cyprus,CY,0,0,False,success
2016,Netherlands,Slow Down,Douwe Bob,Czechia,CZ,0,4,False,success
2016,Netherlands,Slow Down,Douwe Bob,Germany,DE,0,4,False,success
2016,Netherlands,Slow Down,Douwe Bob,Denmark,DK,0,5,False,success
2016,Netherlands,Slow Down,Douwe Bob,Estonia,EE,0,0,False,success
2016,Netherlands,Slow Down,Douwe Bob,Spain,ES,1,3,False,success
2016,Netherlands,Slow Down,Douwe Bob,Finland,FI,0,6,False,success
2016,Netherlands,Slow Down,Douwe Bob,France,FR,1,5,False,success
2016,Netherlands,Slow Down,Douwe Bob,United Kingdom,GB,0,7,False,success
2016,Netherlands,Slow Down,Douwe Bob,Georgia,GE,0,0,False,success
2016,Netherlands,Slow Down,Douwe Bob,Greece,GR,0,5,False,success
2016,Netherlands,Slow Down,Douwe Bob,Croatia,HR,0,7,False,success
2016,Netherlands,Slow Down,Douwe Bob,Hungary,HU,0,4,False,success
2016,Netherlands,Slow Down,Douwe Bob,Ireland,IE,0,6,False,success
2016,Netherlands,Slow Down,Douwe Bob,Israel,IL,0,2,False,success
2016,Netherlands,Slow Down,Douwe Bob,Iceland,IS,0,0,False,success
2016,Netherlands,Slow Down,Douwe Bob,Italy,IT,0,4,False,success
2016,Netherlands,Slow Down,Douwe Bob,Lithuania,LT,0,0,False,success
2016,Netherlands,Slow Down,Douwe Bob,Luxembourg,LU,0,0,False,success
2016,Netherlands,Slow Down,Douwe Bob,Latvia,LV,0,0,False,success
2016,Netherlands,Slow Down,Douwe Bob,Moldova,MD,0,0,False,success
2016,Netherlands,Slow Down,Douwe Bob,Montenegro,ME,0,0,False,success
2016,Netherlands,Slow Down,Douwe Bob,North Macedonia,MK,0,0,False,success
2016,Netherlands,Slow Down,Douwe Bob,Malta,MT,0,0,False,success
2016,Netherlands,Slow Down,Douwe Bob,Netherlands,NL,100,100,True,success
2016,Netherlands,Slow Down,Douwe Bob,Norway,NO,0,4,False,success
2016,Netherlands,Slow Down,Douwe Bob,Poland,PL,0,4,False,success
2016,Netherlands,Slow Down,Douwe Bob,Portugal,PT,0,3,False,success
2016,Netherlands,Slow Down,Douwe Bob,Romania,RO,0,4,False,success
2016,Netherlands,Slow Down,Douwe Bob,Serbia,RS,0,4,False,success
2016,Netherlands,Slow Down,Douwe Bob,Russia,RU,0,0,False,success
2016,Netherlands,Slow Down,Douwe Bob,Sweden,SE,0,6,False,success
2016,Netherlands,Slow Down,Douwe Bob,Slovenia,SI,0,11,False,success
2016,Netherlands,Slow Down,Douwe Bob,San Marino,SM,0,0,False,success
2016,Netherlands,Slow Down,Douwe Bob,Ukraine,UA,0,0,False,success
2016,Poland,Color of Your Life,Michał Szpak,Albania,AL,0,0,False,success
2016,Poland,Color of Your Life,Michał Szpak,Armenia,AM,0,0,False,success
2016,Poland,Color of Your Life,Michał Szpak,Austria,AT,0,0,False,success
2016,Poland,Color of Your Life,Michał Szpak,Australia,AU,0,0,False,success
2016,Poland,Color of Your Life,Michał Szpak,Azerbaijan,AZ,0,0,False,success
2016,Poland,Color of Your Life,Michał Szpak,Belgium,BE,0,0,False,success
2016,Poland,Color of Your Life,Michał Szpak,Bulgaria,BG,0,0,False,success
2016,Poland,Color of Your Life,Michał Szpak,Belarus,BY,0,0,False,success
2016,Poland,Color of Your Life,Michał Szpak,Switzerland,CH,0,0,False,success
2016,Poland,Color of Your Life,Michał Szpak,Cyprus,CY,0,0,False,success
2016,Poland,Color of Your Life,Michał Szpak,Czechia,CZ,0,0,False,success
2016,Poland,Color of Your Life,Michał Szpak,Germany,DE,3,1,False,success
2016,Poland,Color of Your Life,Michał Szpak,Denmark,DK,0,0,False,success
2016,Poland,Color of Your Life,Michał Szpak,Estonia,EE,0,0,False,success
2016,Poland,Color of Your Life,Michał Szpak,Spain,ES,0,0,False,success
2016,Poland,Color of Your Life,Michał Szpak,Finland,FI,0,0,False,success
2016,Poland,Color of Your Life,Michał Szpak,France,FR,0,0,False,success
2016,Poland,Color of Your Life,Michał Szpak,United Kingdom,GB,1,2,False,success
2016,Poland,Color of Your Life,Michał Szpak,Georgia,GE,0,0,False,success
2016,Poland,Color of Your Life,Michał Szpak,Greece,GR,0,0,False,success
2016,Poland,Color of Your Life,Michał Szpak,Croatia,HR,0,0,False,success
2016,Poland,Color of Your Life,Michał Szpak,Hungary,HU,0,0,False,success
2016,Poland,Color of Your Life,Michał Szpak,Ireland,IE,0,0,False,success
2016,Poland,Color of Your Life,Michał Szpak,Israel,IL,0,0,False,success
2016,Poland,Color of Your Life,Michał Szpak,Iceland,IS,0,0,False,success
2016,Poland,Color of Your Life,Michał Szpak,Italy,IT,2,0,False,success
2016,Poland,Color of Your Life,Michał Szpak,Lithuania,LT,0,0,False,success
2016,Poland,Color of Your Life,Michał Szpak,Luxembourg,LU,0,0,False,success
2016,Poland,Color of Your Life,Michał Szpak,Latvia,LV,0,0,False,success
2016,Poland,Color of Your Life,Michał Szpak,Moldova,MD,0,0,False,success
2016,Poland,Color of Your Life,Michał Szpak,Montenegro,ME,0,0,False,success
2016,Poland,Color of Your Life,Michał Szpak,North Macedonia,MK,0,0,False,success
2016,Poland,Color of Your Life,Michał Szpak,Malta,MT,0,0,False,success
2016,Poland,Color of Your Life,Michał Szpak,Netherlands,NL,0,3,False,success
2016,Poland,Color of Your Life,Michał Szpak,Norway,NO,0,0,False,success
2016,Poland,Color of Your Life,Michał Szpak,Poland,PL,100,100,True,success
2016,Poland,Color of Your Life,Michał Szpak,Portugal,PT,0,0,False,success
2016,Poland,Color of Your Life,Michał Szpak,Romania,RO,0,0,False,success
2016,Poland,Color of Your Life,Michał Szpak,Serbia,RS,0,0,False,success
2016,Poland,Color of Your Life,Michał Szpak,Russia,RU,0,0,False,success
2016,Poland,Color of Your Life,Michał Szpak,Sweden,SE,0,0,False,success
2016,Poland,Color of Your Life,Michał Szpak,Slovenia,SI,0,0,False,success
2016,Poland,Color of Your Life,Michał Szpak,San Marino,SM,0,0,False,success
2016,Poland,Color of Your Life,Michał Szpak,Ukraine,UA,0,0,False,success
2016,Russia,You Are the Only One,Sergey Lazarev,Albania,AL,0,0,False,success
2016,Russia,You Are the Only One,Sergey Lazarev,Armenia,AM,0,62,False,success
2016,Russia,You Are the Only One,Sergey Lazarev,Austria,AT,0,63,False,success
2016,Russia,You Are the Only One,Sergey Lazarev,Australia,AU,0,0,False,success
2016,Russia,You Are the Only One,Sergey Lazarev,Azerbaijan,AZ,3,0,False,success
2016,Russia,You Are the Only One,Sergey Lazarev,Belgium,BE,0,0,False,success
2016,Russia,You Are the Only One,Sergey Lazarev,Bulgaria,BG,0,0,False,success
2016,Russia,You Are the Only One,Sergey Lazarev,Belarus,BY,0,69,False,success
2016,Russia,You Are the Only One,Sergey Lazarev,Switzerland,CH,0,0,False,success
2016,Russia,You Are the Only One,Sergey Lazarev,Cyprus,CY,0,0,False,success
2016,Russia,You Are the Only One,Sergey Lazarev,Czechia,CZ,0,0,False,success
2016,Russia,You Are the Only One,Sergey Lazarev,Germany,DE,0,19,False,success
2016,Russia,You Are the Only One,Sergey Lazarev,Denmark,DK,0,0,False,success
2016,Russia,You Are the Only One,Sergey Lazarev,Estonia,EE,0,0,False,success
2016,Russia,You Are the Only One,Sergey Lazarev,Spain,ES,0,32,False,success
2016,Russia,You Are the Only One,Sergey Lazarev,Finland,FI,0,43,False,success
2016,Russia,You Are the Only One,Sergey Lazarev,France,FR,0,12,False,success
2016,Russia,You Are the Only One,Sergey Lazarev,United Kingdom,GB,0,9,False,success
2016,Russia,You Are the Only One,Sergey Lazarev,Georgia,GE,0,50,False,success
2016,Russia,You Are the Only One,Sergey Lazarev,Greece,GR,0,76,False,success
2016,Russia,You Are the Only One,Sergey Lazarev,Croatia,HR,0,0,False,success
2016,Russia,You Are the Only One,Sergey Lazarev,Hungary,HU,0,24,False,success
2016,Russia,You Are the Only One,Sergey Lazarev,Ireland,IE,0,0,False,success
2016,Russia,You Are the Only One,Sergey Lazarev,Israel,IL,0,23,False,success
2016,Russia,You Are the Only One,Sergey Lazarev,Iceland,IS,0,0,False,success
2016,Russia,You Are the Only One,Sergey Lazarev,Italy,IT,0,9,False,success
2016,Russia,You Are the Only One,Sergey Lazarev,Lithuania,LT,0,0,False,success
2016,Russia,You Are the Only One,Sergey Lazarev,Luxembourg,LU,0,0,False,success
2016,Russia,You Are the Only One,Sergey Lazarev,Latvia,LV,0,99,False,success
2016,Russia,You Are the Only One,Sergey Lazarev,Moldova,MD,0,68,False,success
2016,Russia,You Are the Only One,Sergey Lazarev,Montenegro,ME,0,0,False,success
2016,Russia,You Are the Only One,Sergey Lazarev,North Macedonia,MK,0,0,False,success
2016,Russia,You Are the Only One,Sergey Lazarev,Malta,MT,0,0,False,success
2016,Russia,You Are the Only One,Sergey Lazarev,Netherlands,NL,0,26,False,success
2016,Russia,You Are the Only One,Sergey Lazarev,Norway,NO,0,40,False,success
2016,Russia,You Are the Only One,Sergey Lazarev,Poland,PL,0,19,False,success
2016,Russia,You Are the Only One,Sergey Lazarev,Portugal,PT,0,0,False,success
2016,Russia,You Are the Only One,Sergey Lazarev,Romania,RO,0,0,False,success
2016,Russia,You Are the Only One,Sergey Lazarev,Serbia,RS,0,17,False,success
2016,Russia,You Are the Only One,Sergey Lazarev,Russia,RU,0,69,True,success
2016,Russia,You Are the Only One,Sergey Lazarev,Sweden,SE,0,27,False,success
2016,Russia,You Are the Only One,Sergey Lazarev,Slovenia,SI,0,100,False,success
2016,Russia,You Are the Only One,Sergey Lazarev,San Marino,SM,0,0,False,success
2016,Russia,You Are the Only One,Sergey Lazarev,Ukraine,UA,0,32,False,success
2016,Serbia,Goodbye (Shelter),Sanja Vučić ZAA,Albania,AL,0,0,False,success
2016,Serbia,Goodbye (Shelter),Sanja Vučić ZAA,Armenia,AM,0,0,False,success
2016,Serbia,Goodbye (Shelter),Sanja Vučić ZAA,Austria,AT,0,0,False,success
2016,Serbia,Goodbye (Shelter),Sanja Vučić ZAA,Australia,AU,0,0,False,success
2016,Serbia,Goodbye (Shelter),Sanja Vučić ZAA,Azerbaijan,AZ,0,0,False,success
2016,Serbia,Goodbye (Shelter),Sanja Vučić ZAA,Belgium,BE,0,0,False,success
2016,Serbia,Goodbye (Shelter),Sanja Vučić ZAA,Bulgaria,BG,0,0,False,success
2016,Serbia,Goodbye (Shelter),Sanja Vučić ZAA,Belarus,BY,0,0,False,success
2016,Serbia,Goodbye (Shelter),Sanja Vučić ZAA,Switzerland,CH,0,0,False,success
2016,Serbia,Goodbye (Shelter),Sanja Vučić ZAA,Cyprus,CY,0,0,False,success
2016,Serbia,Goodbye (Shelter),Sanja Vučić ZAA,Czechia,CZ,0,0,False,success
2016,Serbia,Goodbye (Shelter),Sanja Vučić ZAA,Germany,DE,0,0,False,success
2016,Serbia,Goodbye (Shelter),Sanja Vučić ZAA,Denmark,DK,0,0,False,success
2016,Serbia,Goodbye (Shelter),Sanja Vučić ZAA,Estonia,EE,0,0,False,success
2016,Serbia,Goodbye (Shelter),Sanja Vučić ZAA,Spain,ES,0,0,False,success
2016,Serbia,Goodbye (Shelter),Sanja Vučić ZAA,Finland,FI,0,0,False,success
2016,Serbia,Goodbye (Shelter),Sanja Vučić ZAA,France,FR,0,0,False,success
2016,Serbia,Goodbye (Shelter),Sanja Vučić ZAA,United Kingdom,GB,0,0,False,success
2016,Serbia,Goodbye (Shelter),Sanja Vučić ZAA,Georgia,GE,0,0,False,success
2016,Serbia,Goodbye (Shelter),Sanja Vučić ZAA,Greece,GR,0,0,False,success
2016,Serbia,Goodbye (Shelter),Sanja Vučić ZAA,Croatia,HR,0,0,False,success
2016,Serbia,Goodbye (Shelter),Sanja Vučić ZAA,Hungary,HU,0,0,False,success
2016,Serbia,Goodbye (Shelter),Sanja Vučić ZAA,Ireland,IE,0,0,False,success
2016,Serbia,Goodbye (Shelter),Sanja Vučić ZAA,Israel,IL,0,0,False,success
2016,Serbia,Goodbye (Shelter),Sanja Vučić ZAA,Iceland,IS,0,0,False,success
2016,Serbia,Goodbye (Shelter),Sanja Vučić ZAA,Italy,IT,0,0,False,success
2016,Serbia,Goodbye (Shelter),Sanja Vučić ZAA,Lithuania,LT,0,0,False,success
2016,Serbia,Goodbye (Shelter),Sanja Vučić ZAA,Luxembourg,LU,0,0,False,success
2016,Serbia,Goodbye (Shelter),Sanja Vučić ZAA,Latvia,LV,0,0,False,success
2016,Serbia,Goodbye (Shelter),Sanja Vučić ZAA,Moldova,MD,0,0,False,success
2016,Serbia,Goodbye (Shelter),Sanja Vučić ZAA,Montenegro,ME,0,0,False,success
2016,Serbia,Goodbye (Shelter),Sanja Vučić ZAA,North Macedonia,MK,100,0,False,success
2016,Serbia,Goodbye (Shelter),Sanja Vučić ZAA,Malta,MT,0,0,False,success
2016,Serbia,Goodbye (Shelter),Sanja Vučić ZAA,Netherlands,NL,0,0,False,success
2016,Serbia,Goodbye (Shelter),Sanja Vučić ZAA,Norway,NO,0,0,False,success
2016,Serbia,Goodbye (Shelter),Sanja Vučić ZAA,Poland,PL,0,0,False,success
2016,Serbia,Goodbye (Shelter),Sanja Vučić ZAA,Portugal,PT,0,0,False,success
2016,Serbia,Goodbye (Shelter),Sanja Vučić ZAA,Romania,RO,8,0,False,success
2016,Serbia,Goodbye (Shelter),Sanja Vučić ZAA,Serbia,RS,0,0,True,success
2016,Serbia,Goodbye (Shelter),Sanja Vučić ZAA,Russia,RU,0,0,False,success
2016,Serbia,Goodbye (Shelter),Sanja Vučić ZAA,Sweden,SE,0,0,False,success
2016,Serbia,Goodbye (Shelter),Sanja Vučić ZAA,Slovenia,SI,0,0,False,success
2016,Serbia,Goodbye (Shelter),Sanja Vučić ZAA,San Marino,SM,0,0,False,success
2016,Serbia,Goodbye (Shelter),Sanja Vučić ZAA,Ukraine,UA,0,0,False,success
2016,Spain,Say Yay!,Barei,Albania,AL,0,0,False,success
2016,Spain,Say Yay!,Barei,Armenia,AM,0,0,False,success
2016,Spain,Say Yay!,Barei,Austria,AT,0,0,False,success
2016,Spain,Say Yay!,Barei,Australia,AU,0,0,False,success
2016,Spain,Say Yay!,Barei,Azerbaijan,AZ,0,0,False,success
2016,Spain,Say Yay!,Barei,Belgium,BE,0,0,False,success
2016,Spain,Say Yay!,Barei,Bulgaria,BG,0,0,False,success
2016,Spain,Say Yay!,Barei,Belarus,BY,0,0,False,success
2016,Spain,Say Yay!,Barei,Switzerland,CH,0,0,False,success
2016,Spain,Say Yay!,Barei,Cyprus,CY,0,0,False,success
2016,Spain,Say Yay!,Barei,Czechia,CZ,0,0,False,success
2016,Spain,Say Yay!,Barei,Germany,DE,3,2,False,success
2016,Spain,Say Yay!,Barei,Denmark,DK,0,0,False,success
2016,Spain,Say Yay!,Barei,Estonia,EE,0,0,False,success
2016,Spain,Say Yay!,Barei,Spain,ES,100,100,True,success
2016,Spain,Say Yay!,Barei,Finland,FI,0,0,False,success
2016,Spain,Say Yay!,Barei,France,FR,0,0,False,success
2016,Spain,Say Yay!,Barei,United Kingdom,GB,0,2,False,success
2016,Spain,Say Yay!,Barei,Georgia,GE,0,0,False,success
2016,Spain,Say Yay!,Barei,Greece,GR,0,0,False,success
2016,Spain,Say Yay!,Barei,Croatia,HR,0,0,False,success
2016,Spain,Say Yay!,Barei,Hungary,HU,0,0,False,success
2016,Spain,Say Yay!,Barei,Ireland,IE,0,0,False,success
2016,Spain,Say Yay!,Barei,Israel,IL,0,0,False,success
2016,Spain,Say Yay!,Barei,Iceland,IS,0,0,False,success
2016,Spain,Say Yay!,Barei,Italy,IT,0,0,False,success
2016,Spain,Say Yay!,Barei,Lithuania,LT,0,22,False,success
2016,Spain,Say Yay!,Barei,Luxembourg,LU,0,0,False,success
2016,Spain,Say Yay!,Barei,Latvia,LV,0,0,False,success
2016,Spain,Say Yay!,Barei,Moldova,MD,0,0,False,success
2016,Spain,Say Yay!,Barei,Montenegro,ME,0,0,False,success
2016,Spain,Say Yay!,Barei,North Macedonia,MK,0,0,False,success
2016,Spain,Say Yay!,Barei,Malta,MT,0,0,False,success
2016,Spain,Say Yay!,Barei,Netherlands,NL,0,0,False,success
2016,Spain,Say Yay!,Barei,Norway,NO,0,0,False,success
2016,Spain,Say Yay!,Barei,Poland,PL,0,3,False,success
2016,Spain,Say Yay!,Barei,Portugal,PT,0,0,False,success
2016,Spain,Say Yay!,Barei,Romania,RO,0,0,False,success
2016,Spain,Say Yay!,Barei,Serbia,RS,0,0,False,success
2016,Spain,Say Yay!,Barei,Russia,RU,0,0,False,success
2016,Spain,Say Yay!,Barei,Sweden,SE,0,0,False,success
2016,Spain,Say Yay!,Barei,Slovenia,SI,0,0,False,success
2016,Spain,Say Yay!,Barei,San Marino,SM,0,0,False,success
2016,Spain,Say Yay!,Barei,Ukraine,UA,8,0,False,success
2016,Sweden,If I Were Sorry,Frans,Albania,AL,0,0,False,success
2016,Sweden,If I Were Sorry,Frans,Armenia,AM,0,0,False,success
2016,Sweden,If I Were Sorry,Frans,Austria,AT,0,6,False,success
2016,Sweden,If I Were Sorry,Frans,Australia,AU,0,0,False,success
2016,Sweden,If I Were Sorry,Frans,Azerbaijan,AZ,0,0,False,success
2016,Sweden,If I Were Sorry,Frans,Belgium,BE,0,0,False,success
2016,Sweden,If I Were Sorry,Frans,Bulgaria,BG,0,0,False,success
2016,Sweden,If I Were Sorry,Frans,Belarus,BY,0,0,False,success
2016,Sweden,If I Were Sorry,Frans,Switzerland,CH,0,0,False,success
2016,Sweden,If I Were Sorry,Frans,Cyprus,CY,0,0,False,success
2016,Sweden,If I Were Sorry,Frans,Czechia,CZ,0,0,False,success
2016,Sweden,If I Were Sorry,Frans,Germany,DE,0,2,False,success
2016,Sweden,If I Were Sorry,Frans,Denmark,DK,0,0,False,success
2016,Sweden,If I Were Sorry,Frans,Estonia,EE,0,99,False,success
2016,Sweden,If I Were Sorry,Frans,Spain,ES,0,2,False,success
2016,Sweden,If I Were Sorry,Frans,Finland,FI,0,19,False,success
2016,Sweden,If I Were Sorry,Frans,France,FR,0,1,False,success
2016,Sweden,If I Were Sorry,Frans,United Kingdom,GB,0,2,False,success
2016,Sweden,If I Were Sorry,Frans,Georgia,GE,0,0,False,success
2016,Sweden,If I Were Sorry,Frans,Greece,GR,0,0,False,success
2016,Sweden,If I Were Sorry,Frans,Croatia,HR,0,7,False,success
2016,Sweden,If I Were Sorry,Frans,Hungary,HU,0,3,False,success
2016,Sweden,If I Were Sorry,Frans,Ireland,IE,0,0,False,success
2016,Sweden,If I Were Sorry,Frans,Israel,IL,0,0,False,success
2016,Sweden,If I Were Sorry,Frans,Iceland,IS,0,63,False,success
2016,Sweden,If I Were Sorry,Frans,Italy,IT,0,3,False,success
2016,Sweden,If I Were Sorry,Frans,Lithuania,LT,2,100,False,success
2016,Sweden,If I Were Sorry,Frans,Luxembourg,LU,0,0,False,success
2016,Sweden,If I Were Sorry,Frans,Latvia,LV,1,41,False,success
2016,Sweden,If I Were Sorry,Frans,Moldova,MD,0,0,False,success
2016,Sweden,If I Were Sorry,Frans,Montenegro,ME,0,0,False,success
2016,Sweden,If I Were Sorry,Frans,North Macedonia,MK,0,0,False,success
2016,Sweden,If I Were Sorry,Frans,Malta,MT,0,0,False,success
2016,Sweden,If I Were Sorry,Frans,Netherlands,NL,0,6,False,success
2016,Sweden,If I Were Sorry,Frans,Norway,NO,0,11,False,success
2016,Sweden,If I Were Sorry,Frans,Poland,PL,0,3,False,success
2016,Sweden,If I Were Sorry,Frans,Portugal,PT,0,0,False,success
2016,Sweden,If I Were Sorry,Frans,Romania,RO,0,0,False,success
2016,Sweden,If I Were Sorry,Frans,Serbia,RS,0,4,False,success
2016,Sweden,If I Were Sorry,Frans,Russia,RU,0,0,False,success
2016,Sweden,If I Were Sorry,Frans,Sweden,SE,2,76,True,success
2016,Sweden,If I Were Sorry,Frans,Slovenia,SI,0,0,False,success
2016,Sweden,If I Were Sorry,Frans,San Marino,SM,0,0,False,success
2016,Sweden,If I Were Sorry,Frans,Ukraine,UA,0,0,False,success
2016,Ukraine,1944,Jamala,Albania,AL,0,0,False,success
2016,Ukraine,1944,Jamala,Armenia,AM,0,0,False,success
2016,Ukraine,1944,Jamala,Austria,AT,0,0,False,success
2016,Ukraine,1944,Jamala,Australia,AU,0,6,False,success
2016,Ukraine,1944,Jamala,Azerbaijan,AZ,0,23,False,success
2016,Ukraine,1944,Jamala,Belgium,BE,0,0,False,success
2016,Ukraine,1944,Jamala,Bulgaria,BG,0,0,False,success
2016,Ukraine,1944,Jamala,Belarus,BY,0,19,False,success
2016,Ukraine,1944,Jamala,Switzerland,CH,0,0,False,success
2016,Ukraine,1944,Jamala,Cyprus,CY,0,0,False,success
2016,Ukraine,1944,Jamala,Czechia,CZ,0,7,False,success
2016,Ukraine,1944,Jamala,Germany,DE,0,12,False,success
2016,Ukraine,1944,Jamala,Denmark,DK,0,0,False,success
2016,Ukraine,1944,Jamala,Estonia,EE,0,52,False,success
2016,Ukraine,1944,Jamala,Spain,ES,0,8,False,success
2016,Ukraine,1944,Jamala,Finland,FI,0,19,False,success
2016,Ukraine,1944,Jamala,France,FR,0,10,False,success
2016,Ukraine,1944,Jamala,United Kingdom,GB,0,10,False,success
2016,Ukraine,1944,Jamala,Georgia,GE,0,0,False,success
2016,Ukraine,1944,Jamala,Greece,GR,0,8,False,success
2016,Ukraine,1944,Jamala,Croatia,HR,0,19,False,success
2016,Ukraine,1944,Jamala,Hungary,HU,0,14,False,success
2016,Ukraine,1944,Jamala,Ireland,IE,0,0,False,success
2016,Ukraine,1944,Jamala,Israel,IL,0,0,False,success
2016,Ukraine,1944,Jamala,Iceland,IS,0,0,False,success
2016,Ukraine,1944,Jamala,Italy,IT,0,6,False,success
2016,Ukraine,1944,Jamala,Lithuania,LT,0,48,False,success
2016,Ukraine,1944,Jamala,Luxembourg,LU,0,0,False,success
2016,Ukraine,1944,Jamala,Latvia,LV,0,48,False,success
2016,Ukraine,1944,Jamala,Moldova,MD,0,0,False,success
2016,Ukraine,1944,Jamala,Montenegro,ME,0,0,False,success
2016,Ukraine,1944,Jamala,North Macedonia,MK,0,0,False,success
2016,Ukraine,1944,Jamala,Malta,MT,0,0,False,success
2016,Ukraine,1944,Jamala,Netherlands,NL,0,18,False,success
2016,Ukraine,1944,Jamala,Norway,NO,0,18,False,success
2016,Ukraine,1944,Jamala,Poland,PL,0,18,False,success
2016,Ukraine,1944,Jamala,Portugal,PT,0,0,False,success
2016,Ukraine,1944,Jamala,Romania,RO,0,0,False,success
2016,Ukraine,1944,Jamala,Serbia,RS,0,8,False,success
2016,Ukraine,1944,Jamala,Russia,RU,0,13,False,success
2016,Ukraine,1944,Jamala,Sweden,SE,0,10,False,success
2016,Ukraine,1944,Jamala,Slovenia,SI,0,0,False,success
2016,Ukraine,1944,Jamala,San Marino,SM,0,0,False,success
2016,Ukraine,1944,Jamala,Ukraine,UA,0,100,True,success
2016,United Kingdom,You're Not Alone,Joe & Jake,Albania,AL,0,0,False,success
2016,United Kingdom,You're Not Alone,Joe & Jake,Armenia,AM,0,0,False,success
2016,United Kingdom,You're Not Alone,Joe & Jake,Austria,AT,0,0,False,success
2016,United Kingdom,You're Not Alone,Joe & Jake,Australia,AU,0,0,False,success
2016,United Kingdom,You're Not Alone,Joe & Jake,Azerbaijan,AZ,0,0,False,success
2016,United Kingdom,You're Not Alone,Joe & Jake,Belgium,BE,0,0,False,success
2016,United Kingdom,You're Not Alone,Joe & Jake,Bulgaria,BG,0,0,False,success
2016,United Kingdom,You're Not Alone,Joe & Jake,Belarus,BY,0,0,False,success
2016,United Kingdom,You're Not Alone,Joe & Jake,Switzerland,CH,0,0,False,success
2016,United Kingdom,You're Not Alone,Joe & Jake,Cyprus,CY,0,0,False,success
2016,United Kingdom,You're Not Alone,Joe & Jake,Czechia,CZ,0,0,False,success
2016,United Kingdom,You're Not Alone,Joe & Jake,Germany,DE,0,0,False,success
2016,United Kingdom,You're Not Alone,Joe & Jake,Denmark,DK,0,0,False,success
2016,United Kingdom,You're Not Alone,Joe & Jake,Estonia,EE,0,0,False,success
2016,United Kingdom,You're Not Alone,Joe & Jake,Spain,ES,0,0,False,success
2016,United Kingdom,You're Not Alone,Joe & Jake,Finland,FI,0,0,False,success
2016,United Kingdom,You're Not Alone,Joe & Jake,France,FR,0,0,False,success
2016,United Kingdom,You're Not Alone,Joe & Jake,United Kingdom,GB,0,0,True,success
2016,United Kingdom,You're Not Alone,Joe & Jake,Georgia,GE,0,0,False,success
2016,United Kingdom,You're Not Alone,Joe & Jake,Greece,GR,0,0,False,success
2016,United Kingdom,You're Not Alone,Joe & Jake,Croatia,HR,0,0,False,success
2016,United Kingdom,You're Not Alone,Joe & Jake,Hungary,HU,100,0,False,success
2016,United Kingdom,You're Not Alone,Joe & Jake,Ireland,IE,0,0,False,success
2016,United Kingdom,You're Not Alone,Joe & Jake,Israel,IL,0,0,False,success
2016,United Kingdom,You're Not Alone,Joe & Jake,Iceland,IS,0,0,False,success
2016,United Kingdom,You're Not Alone,Joe & Jake,Italy,IT,0,0,False,success
2016,United Kingdom,You're Not Alone,Joe & Jake,Lithuania,LT,0,0,False,success
2016,United Kingdom,You're Not Alone,Joe & Jake,Luxembourg,LU,0,0,False,success
2016,United Kingdom,You're Not Alone,Joe & Jake,Latvia,LV,0,0,False,success
2016,United Kingdom,You're Not Alone,Joe & Jake,Moldova,MD,0,0,False,success
2016,United Kingdom,You're Not Alone,Joe & Jake,Montenegro,ME,0,0,False,success
2016,United Kingdom,You're Not Alone,Joe & Jake,North Macedonia,MK,0,0,False,success
2016,United Kingdom,You're Not Alone,Joe & Jake,Malta,MT,0,0,False,success
2016,United Kingdom,You're Not Alone,Joe & Jake,Netherlands,NL,0,0,False,success
2016,United Kingdom,You're Not Alone,Joe & Jake,Norway,NO,0,0,False,success
2016,United Kingdom,You're Not Alone,Joe & Jake,Poland,PL,0,0,False,success
2016,United Kingdom,You're Not Alone,Joe & Jake,Portugal,PT,0,0,False,success
2016,United Kingdom,You're Not Alone,Joe & Jake,Romania,RO,0,0,False,success
2016,United Kingdom,You're Not Alone,Joe & Jake,Serbia,RS,0,0,False,success
2016,United Kingdom,You're Not Alone,Joe & Jake,Russia,RU,0,0,False,success
2016,United Kingdom,You're Not Alone,Joe & Jake,Sweden,SE,0,0,False,success
2016,United Kingdom,You're Not Alone,Joe & Jake,Slovenia,SI,0,0,False,success
2016,United Kingdom,You're Not Alone,Joe & Jake,San Marino,SM,0,0,False,success
2016,United Kingdom,You're Not Alone,Joe & Jake,Ukraine,UA,0,0,False,success
2017,Armenia,Fly with Me,Artsvik,Albania,AL,0,0,False,success
2017,Armenia,Fly with Me,Artsvik,Armenia,AM,0,100,True,success
2017,Armenia,Fly with Me,Artsvik,Austria,AT,0,15,False,success
2017,Armenia,Fly with Me,Artsvik,Australia,AU,0,18,False,success
2017,Armenia,Fly with Me,Artsvik,Azerbaijan,AZ,0,0,False,success
2017,Armenia,Fly with Me,Artsvik,Belgium,BE,0,0,False,success
2017,Armenia,Fly with Me,Artsvik,Bulgaria,BG,0,0,False,success
2017,Armenia,Fly with Me,Artsvik,Belarus,BY,0,0,False,success
2017,Armenia,Fly with Me,Artsvik,Switzerland,CH,0,0,False,success
2017,Armenia,Fly with Me,Artsvik,Cyprus,CY,0,0,False,success
2017,Armenia,Fly with Me,Artsvik,Czechia,CZ,0,11,False,success
2017,Armenia,Fly with Me,Artsvik,Germany,DE,0,9,False,success
2017,Armenia,Fly with Me,Artsvik,Denmark,DK,0,0,False,success
2017,Armenia,Fly with Me,Artsvik,Estonia,EE,0,0,False,success
2017,Armenia,Fly with Me,Artsvik,Spain,ES,0,9,False,success
2017,Armenia,Fly with Me,Artsvik,Finland,FI,0,0,False,success
2017,Armenia,Fly with Me,Artsvik,France,FR,0,6,False,success
2017,Armenia,Fly with Me,Artsvik,United Kingdom,GB,0,19,False,success
2017,Armenia,Fly with Me,Artsvik,Georgia,GE,0,16,False,success
2017,Armenia,Fly with Me,Artsvik,Greece,GR,0,12,False,success
2017,Armenia,Fly with Me,Artsvik,Croatia,HR,0,0,False,success
2017,Armenia,Fly with Me,Artsvik,Hungary,HU,0,8,False,success
2017,Armenia,Fly with Me,Artsvik,Ireland,IE,0,0,False,success
2017,Armenia,Fly with Me,Artsvik,Israel,IL,0,0,False,success
2017,Armenia,Fly with Me,Artsvik,Iceland,IS,0,0,False,success
2017,Armenia,Fly with Me,Artsvik,Italy,IT,0,6,False,success
2017,Armenia,Fly with Me,Artsvik,Lithuania,LT,0,0,False,success
2017,Armenia,Fly with Me,Artsvik,Luxembourg,LU,0,0,False,success
2017,Armenia,Fly with Me,Artsvik,Latvia,LV,0,0,False,success
2017,Armenia,Fly with Me,Artsvik,Moldova,MD,0,0,False,success
2017,Armenia,Fly with Me,Artsvik,Montenegro,ME,0,0,False,success
2017,Armenia,Fly with Me,Artsvik,North Macedonia,MK,0,0,False,success
2017,Armenia,Fly with Me,Artsvik,Malta,MT,0,0,False,success
2017,Armenia,Fly with Me,Artsvik,Netherlands,NL,0,6,False,success
2017,Armenia,Fly with Me,Artsvik,Norway,NO,0,0,False,success
2017,Armenia,Fly with Me,Artsvik,Poland,PL,0,4,False,success
2017,Armenia,Fly with Me,Artsvik,Portugal,PT,0,0,False,success
2017,Armenia,Fly with Me,Artsvik,Romania,RO,0,11,False,success
2017,Armenia,Fly with Me,Artsvik,Serbia,RS,0,0,False,success
2017,Armenia,Fly with Me,Artsvik,Russia,RU,0,2,False,success
2017,Armenia,Fly with Me,Artsvik,Sweden,SE,0,9,False,success
2017,Armenia,Fly with Me,Artsvik,Slovenia,SI,0,0,False,success
2017,Armenia,Fly with Me,Artsvik,San Marino,SM,0,0,False,success
2017,Armenia,Fly with Me,Artsvik,Ukraine,UA,0,0,False,success
2017,Australia,Don't Come Easy,Isaiah,Albania,AL,0,0,False,success
2017,Australia,Don't Come Easy,Isaiah,Armenia,AM,0,0,False,success
2017,Australia,Don't Come Easy,Isaiah,Austria,AT,0,0,False,success
2017,Australia,Don't Come Easy,Isaiah,Australia,AU,7,0,True,success
2017,Australia,Don't Come Easy,Isaiah,Azerbaijan,AZ,0,0,False,success
2017,Australia,Don't Come Easy,Isaiah,Belgium,BE,0,0,False,success
2017,Australia,Don't Come Easy,Isaiah,Bulgaria,BG,0,0,False,success
2017,Australia,Don't Come Easy,Isaiah,Belarus,BY,11,0,False,success
2017,Australia,Don't Come Easy,Isaiah,Switzerland,CH,0,0,False,success
2017,Australia,Don't Come Easy,Isaiah,Cyprus,CY,0,0,False,success
2017,Australia,Don't Come Easy,Isaiah,Czechia,CZ,0,0,False,success
2017,Australia,Don't Come Easy,Isaiah,Germany,DE,1,0,False,success
2017,Australia,Don't Come Easy,Isaiah,Denmark,DK,0,0,False,success
2017,Australia,Don't Come Easy,Isaiah,Estonia,EE,0,0,False,success
2017,Australia,Don't Come Easy,Isaiah,Spain,ES,1,0,False,success
2017,Australia,Don't Come Easy,Isaiah,Finland,FI,0,0,False,success
2017,Australia,Don't Come Easy,Isaiah,France,FR,0,0,False,success
2017,Australia,Don't Come Easy,Isaiah,United Kingdom,GB,0,0,False,success
2017,Australia,Don't Come Easy,Isaiah,Georgia,GE,0,0,False,success
2017,Australia,Don't Come Easy,Isaiah,Greece,GR,0,0,False,success
2017,Australia,Don't Come Easy,Isaiah,Croatia,HR,0,0,False,success
2017,Australia,Don't Come Easy,Isaiah,Hungary,HU,0,0,False,success
2017,Australia,Don't Come Easy,Isaiah,Ireland,IE,0,0,False,success
2017,Australia,Don't Come Easy,Isaiah,Israel,IL,0,0,False,success
2017,Australia,Don't Come Easy,Isaiah,Iceland,IS,0,0,False,success
2017,Australia,Don't Come Easy,Isaiah,Italy,IT,0,0,False,success
2017,Australia,Don't Come Easy,Isaiah,Lithuania,LT,0,0,False,success
2017,Australia,Don't Come Easy,Isaiah,Luxembourg,LU,0,0,False,success
2017,Australia,Don't Come Easy,Isaiah,Latvia,LV,0,0,False,success
2017,Australia,Don't Come Easy,Isaiah,Moldova,MD,0,0,False,success
2017,Australia,Don't Come Easy,Isaiah,Montenegro,ME,0,0,False,success
2017,Australia,Don't Come Easy,Isaiah,North Macedonia,MK,0,0,False,success
2017,Australia,Don't Come Easy,Isaiah,Malta,MT,0,0,False,success
2017,Australia,Don't Come Easy,Isaiah,Netherlands,NL,3,0,False,success
2017,Australia,Don't Come Easy,Isaiah,Norway,NO,0,0,False,success
2017,Australia,Don't Come Easy,Isaiah,Poland,PL,0,0,False,success
2017,Australia,Don't Come Easy,Isaiah,Portugal,PT,0,0,False,success
2017,Australia,Don't Come Easy,Isaiah,Romania,RO,0,0,False,success
2017,Australia,Don't Come Easy,Isaiah,Serbia,RS,0,0,False,success
2017,Australia,Don't Come Easy,Isaiah,Russia,RU,0,0,False,success
2017,Australia,Don't Come Easy,Isaiah,Sweden,SE,3,0,False,success
2017,Australia,Don't Come Easy,Isaiah,Slovenia,SI,0,0,False,success
2017,Australia,Don't Come Easy,Isaiah,San Marino,SM,0,0,False,success
2017,Australia,Don't Come Easy,Isaiah,Ukraine,UA,3,0,False,success
2017,Austria,Running on Air,Nathan Trent,Albania,AL,0,0,False,success
2017,Austria,Running on Air,Nathan Trent,Armenia,AM,0,0,False,success
2017,Austria,Running on Air,Nathan Trent,Austria,AT,100,100,True,success
2017,Austria,Running on Air,Nathan Trent,Australia,AU,0,0,False,success
2017,Austria,Running on Air,Nathan Trent,Azerbaijan,AZ,0,0,False,success
2017,Austria,Running on Air,Nathan Trent,Belgium,BE,0,0,False,success
2017,Austria,Running on Air,Nathan Trent,Bulgaria,BG,0,0,False,success
2017,Austria,Running on Air,Nathan Trent,Belarus,BY,0,0,False,success
2017,Austria,Running on Air,Nathan Trent,Switzerland,CH,0,0,False,success
2017,Austria,Running on Air,Nathan Trent,Cyprus,CY,0,0,False,success
2017,Austria,Running on Air,Nathan Trent,Czechia,CZ,0,0,False,success
2017,Austria,Running on Air,Nathan Trent,Germany,DE,0,0,False,success
2017,Austria,Running on Air,Nathan Trent,Denmark,DK,0,0,False,success
2017,Austria,Running on Air,Nathan Trent,Estonia,EE,0,0,False,success
2017,Austria,Running on Air,Nathan Trent,Spain,ES,0,0,False,success
2017,Austria,Running on Air,Nathan Trent,Finland,FI,0,0,False,success
2017,Austria,Running on Air,Nathan Trent,France,FR,0,0,False,success
2017,Austria,Running on Air,Nathan Trent,United Kingdom,GB,0,4,False,success
2017,Austria,Running on Air,Nathan Trent,Georgia,GE,0,0,False,success
2017,Austria,Running on Air,Nathan Trent,Greece,GR,0,0,False,success
2017,Austria,Running on Air,Nathan Trent,Croatia,HR,0,0,False,success
2017,Austria,Running on Air,Nathan Trent,Hungary,HU,0,0,False,success
2017,Austria,Running on Air,Nathan Trent,Ireland,IE,0,0,False,success
2017,Austria,Running on Air,Nathan Trent,Israel,IL,0,0,False,success
2017,Austria,Running on Air,Nathan Trent,Iceland,IS,0,0,False,success
2017,Austria,Running on Air,Nathan Trent,Italy,IT,0,0,False,success
2017,Austria,Running on Air,Nathan Trent,Lithuania,LT,0,0,False,success
2017,Austria,Running on Air,Nathan Trent,Luxembourg,LU,0,0,False,success
2017,Austria,Running on Air,Nathan Trent,Latvia,LV,0,0,False,success
2017,Austria,Running on Air,Nathan Trent,Moldova,MD,0,0,False,success
2017,Austria,Running on Air,Nathan Trent,Montenegro,ME,0,0,False,success
2017,Austria,Running on Air,Nathan Trent,North Macedonia,MK,0,0,False,success
2017,Austria,Running on Air,Nathan Trent,Malta,MT,0,0,False,success
2017,Austria,Running on Air,Nathan Trent,Netherlands,NL,0,0,False,success
2017,Austria,Running on Air,Nathan Trent,Norway,NO,0,0,False,success
2017,Austria,Running on Air,Nathan Trent,Poland,PL,0,0,False,success
2017,Austria,Running on Air,Nathan Trent,Portugal,PT,0,0,False,success
2017,Austria,Running on Air,Nathan Trent,Romania,RO,0,0,False,success
2017,Austria,Running on Air,Nathan Trent,Serbia,RS,0,0,False,success
2017,Austria,Running on Air,Nathan Trent,Russia,RU,0,0,False,success
2017,Austria,Running on Air,Nathan Trent,Sweden,SE,0,0,False,success
2017,Austria,Running on Air,Nathan Trent,Slovenia,SI,0,0,False,success
2017,Austria,Running on Air,Nathan Trent,San Marino,SM,0,0,False,success
2017,Austria,Running on Air,Nathan Trent,Ukraine,UA,0,0,False,success
2017,Azerbaijan,Skeletons,Dihaj,Albania,AL,0,0,False,success
2017,Azerbaijan,Skeletons,Dihaj,Armenia,AM,0,0,False,success
2017,Azerbaijan,Skeletons,Dihaj,Austria,AT,0,46,False,success
2017,Azerbaijan,Skeletons,Dihaj,Australia,AU,0,42,False,success
2017,Azerbaijan,Skeletons,Dihaj,Azerbaijan,AZ,100,100,True,success
2017,Azerbaijan,Skeletons,Dihaj,Belgium,BE,0,0,False,success
2017,Azerbaijan,Skeletons,Dihaj,Bulgaria,BG,0,43,False,success
2017,Azerbaijan,Skeletons,Dihaj,Belarus,BY,0,0,False,success
2017,Azerbaijan,Skeletons,Dihaj,Switzerland,CH,0,0,False,success
2017,Azerbaijan,Skeletons,Dihaj,Cyprus,CY,0,0,False,success
2017,Azerbaijan,Skeletons,Dihaj,Czechia,CZ,0,59,False,success
2017,Azerbaijan,Skeletons,Dihaj,Germany,DE,0,28,False,success
2017,Azerbaijan,Skeletons,Dihaj,Denmark,DK,0,41,False,success
2017,Azerbaijan,Skeletons,Dihaj,Estonia,EE,0,0,False,success
2017,Azerbaijan,Skeletons,Dihaj,Spain,ES,1,24,False,success
2017,Azerbaijan,Skeletons,Dihaj,Finland,FI,0,80,False,success
2017,Azerbaijan,Skeletons,Dihaj,France,FR,0,18,False,success
2017,Azerbaijan,Skeletons,Dihaj,United Kingdom,GB,0,43,False,success
2017,Azerbaijan,Skeletons,Dihaj,Georgia,GE,0,0,False,success
2017,Azerbaijan,Skeletons,Dihaj,Greece,GR,0,47,False,success
2017,Azerbaijan,Skeletons,Dihaj,Croatia,HR,0,0,False,success
2017,Azerbaijan,Skeletons,Dihaj,Hungary,HU,0,44,False,success
2017,Azerbaijan,Skeletons,Dihaj,Ireland,IE,0,0,False,success
2017,Azerbaijan,Skeletons,Dihaj,Israel,IL,0,39,False,success
2017,Azerbaijan,Skeletons,Dihaj,Iceland,IS,0,0,False,success
2017,Azerbaijan,Skeletons,Dihaj,Italy,IT,0,20,False,success
2017,Azerbaijan,Skeletons,Dihaj,Lithuania,LT,0,67,False,success
2017,Azerbaijan,Skeletons,Dihaj,Luxembourg,LU,0,0,False,success
2017,Azerbaijan,Skeletons,Dihaj,Latvia,LV,0,94,False,success
2017,Azerbaijan,Skeletons,Dihaj,Moldova,MD,0,0,False,success
2017,Azerbaijan,Skeletons,Dihaj,Montenegro,ME,0,0,False,success
2017,Azerbaijan,Skeletons,Dihaj,North Macedonia,MK,0,0,False,success
2017,Azerbaijan,Skeletons,Dihaj,Malta,MT,0,0,False,success
2017,Azerbaijan,Skeletons,Dihaj,Netherlands,NL,0,30,False,success
2017,Azerbaijan,Skeletons,Dihaj,Norway,NO,0,64,False,success
2017,Azerbaijan,Skeletons,Dihaj,Poland,PL,2,34,False,success
2017,Azerbaijan,Skeletons,Dihaj,Portugal,PT,0,0,False,success
2017,Azerbaijan,Skeletons,Dihaj,Romania,RO,0,25,False,success
2017,Azerbaijan,Skeletons,Dihaj,Serbia,RS,0,27,False,success
2017,Azerbaijan,Skeletons,Dihaj,Russia,RU,2,11,False,success
2017,Azerbaijan,Skeletons,Dihaj,Sweden,SE,0,34,False,success
2017,Azerbaijan,Skeletons,Dihaj,Slovenia,SI,0,0,False,success
2017,Azerbaijan,Skeletons,Dihaj,San Marino,SM,0,0,False,success
2017,Azerbaijan,Skeletons,Dihaj,Ukraine,UA,6,20,False,success
2017,Belarus,Story of My Life,Naviband,Albania,AL,0,0,False,success
2017,Belarus,Story of My Life,Naviband,Armenia,AM,0,0,False,success
2017,Belarus,Story of My Life,Naviband,Austria,AT,0,0,False,success
2017,Belarus,Story of My Life,Naviband,Australia,AU,0,33,False,success
2017,Belarus,Story of My Life,Naviband,Azerbaijan,AZ,0,58,False,success
2017,Belarus,Story of My Life,Naviband,Belgium,BE,0,0,False,success
2017,Belarus,Story of My Life,Naviband,Bulgaria,BG,0,0,False,success
2017,Belarus,Story of My Life,Naviband,Belarus,BY,0,0,True,success
2017,Belarus,Story of My Life,Naviband,Switzerland,CH,0,0,False,success
2017,Belarus,Story of My Life,Naviband,Cyprus,CY,0,0,False,success
2017,Belarus,Story of My Life,Naviband,Czechia,CZ,0,30,False,success
2017,Belarus,Story of My Life,Naviband,Germany,DE,0,39,False,success
2017,Belarus,Story of My Life,Naviband,Denmark,DK,0,37,False,success
2017,Belarus,Story of My Life,Naviband,Estonia,EE,0,0,False,success
2017,Belarus,Story of My Life,Naviband,Spain,ES,0,47,False,success
2017,Belarus,Story of My Life,Naviband,Finland,FI,0,0,False,success
2017,Belarus,Story of My Life,Naviband,France,FR,0,27,False,success
2017,Belarus,Story of My Life,Naviband,United Kingdom,GB,0,31,False,success
2017,Belarus,Story of My Life,Naviband,Georgia,GE,0,50,False,success
2017,Belarus,Story of My Life,Naviband,Greece,GR,0,29,False,success
2017,Belarus,Story of My Life,Naviband,Croatia,HR,0,0,False,success
2017,Belarus,Story of My Life,Naviband,Hungary,HU,0,0,False,success
2017,Belarus,Story of My Life,Naviband,Ireland,IE,0,0,False,success
2017,Belarus,Story of My Life,Naviband,Israel,IL,0,36,False,success
2017,Belarus,Story of My Life,Naviband,Iceland,IS,0,0,False,success
2017,Belarus,Story of My Life,Naviband,Italy,IT,0,47,False,success
2017,Belarus,Story of My Life,Naviband,Lithuania,LT,0,64,False,success
2017,Belarus,Story of My Life,Naviband,Luxembourg,LU,0,0,False,success
2017,Belarus,Story of My Life,Naviband,Latvia,LV,0,0,False,success
2017,Belarus,Story of My Life,Naviband,Moldova,MD,0,0,False,success
2017,Belarus,Story of My Life,Naviband,Montenegro,ME,0,0,False,success
2017,Belarus,Story of My Life,Naviband,North Macedonia,MK,0,0,False,success
2017,Belarus,Story of My Life,Naviband,Malta,MT,0,0,False,success
2017,Belarus,Story of My Life,Naviband,Netherlands,NL,0,42,False,success
2017,Belarus,Story of My Life,Naviband,Norway,NO,0,43,False,success
2017,Belarus,Story of My Life,Naviband,Poland,PL,0,20,False,success
2017,Belarus,Story of My Life,Naviband,Portugal,PT,0,41,False,success
2017,Belarus,Story of My Life,Naviband,Romania,RO,0,47,False,success
2017,Belarus,Story of My Life,Naviband,Serbia,RS,0,41,False,success
2017,Belarus,Story of My Life,Naviband,Russia,RU,0,5,False,success
2017,Belarus,Story of My Life,Naviband,Sweden,SE,0,30,False,success
2017,Belarus,Story of My Life,Naviband,Slovenia,SI,0,0,False,success
2017,Belarus,Story of My Life,Naviband,San Marino,SM,0,0,False,success
2017,Belarus,Story of My Life,Naviband,Ukraine,UA,0,0,False,success
2017,Belgium,City Lights,Blanche,Albania,AL,0,0,False,success
2017,Belgium,City Lights,Blanche,Armenia,AM,0,0,False,success
2017,Belgium,City Lights,Blanche,Austria,AT,2,0,False,success
2017,Belgium,City Lights,Blanche,Australia,AU,0,0,False,success
2017,Belgium,City Lights,Blanche,Azerbaijan,AZ,0,0,False,success
2017,Belgium,City Lights,Blanche,Belgium,BE,100,5,True,success
2017,Belgium,City Lights,Blanche,Bulgaria,BG,0,0,False,success
2017,Belgium,City Lights,Blanche,Belarus,BY,0,0,False,success
2017,Belgium,City Lights,Blanche,Switzerland,CH,0,0,False,success
2017,Belgium,City Lights,Blanche,Cyprus,CY,0,0,False,success
2017,Belgium,City Lights,Blanche,Czechia,CZ,0,0,False,success
2017,Belgium,City Lights,Blanche,Germany,DE,1,0,False,success
2017,Belgium,City Lights,Blanche,Denmark,DK,0,0,False,success
2017,Belgium,City Lights,Blanche,Estonia,EE,0,1,False,success
2017,Belgium,City Lights,Blanche,Spain,ES,1,0,False,success
2017,Belgium,City Lights,Blanche,Finland,FI,2,0,False,success
2017,Belgium,City Lights,Blanche,France,FR,0,0,False,success
2017,Belgium,City Lights,Blanche,United Kingdom,GB,0,0,False,success
2017,Belgium,City Lights,Blanche,Georgia,GE,0,0,False,success
2017,Belgium,City Lights,Blanche,Greece,GR,0,0,False,success
2017,Belgium,City Lights,Blanche,Croatia,HR,7,0,False,success
2017,Belgium,City Lights,Blanche,Hungary,HU,0,0,False,success
2017,Belgium,City Lights,Blanche,Ireland,IE,0,0,False,success
2017,Belgium,City Lights,Blanche,Israel,IL,0,0,False,success
2017,Belgium,City Lights,Blanche,Iceland,IS,0,0,False,success
2017,Belgium,City Lights,Blanche,Italy,IT,0,0,False,success
2017,Belgium,City Lights,Blanche,Lithuania,LT,9,1,False,success
2017,Belgium,City Lights,Blanche,Luxembourg,LU,0,0,False,success
2017,Belgium,City Lights,Blanche,Latvia,LV,0,0,False,success
2017,Belgium,City Lights,Blanche,Moldova,MD,0,0,False,success
2017,Belgium,City Lights,Blanche,Montenegro,ME,0,0,False,success
2017,Belgium,City Lights,Blanche,North Macedonia,MK,0,0,False,success
2017,Belgium,City Lights,Blanche,Malta,MT,0,0,False,success
2017,Belgium,City Lights,Blanche,Netherlands,NL,4,0,False,success
2017,Belgium,City Lights,Blanche,Norway,NO,3,0,False,success
2017,Belgium,City Lights,Blanche,Poland,PL,2,0,False,success
2017,Belgium,City Lights,Blanche,Portugal,PT,2,0,False,success
2017,Belgium,City Lights,Blanche,Romania,RO,0,0,False,success
2017,Belgium,City Lights,Blanche,Serbia,RS,0,0,False,success
2017,Belgium,City Lights,Blanche,Russia,RU,0,0,False,success
2017,Belgium,City Lights,Blanche,Sweden,SE,3,0,False,success
2017,Belgium,City Lights,Blanche,Slovenia,SI,0,0,False,success
2017,Belgium,City Lights,Blanche,San Marino,SM,0,0,False,success
2017,Belgium,City Lights,Blanche,Ukraine,UA,2,0,False,success
2017,Bulgaria,Beautiful Mess,Kristian Kostov,Albania,AL,0,0,False,success
2017,Bulgaria,Beautiful Mess,Kristian Kostov,Armenia,AM,0,0,False,success
2017,Bulgaria,Beautiful Mess,Kristian Kostov,Austria,AT,0,0,False,success
2017,Bulgaria,Beautiful Mess,Kristian Kostov,Australia,AU,0,0,False,success
2017,Bulgaria,Beautiful Mess,Kristian Kostov,Azerbaijan,AZ,0,0,False,success
2017,Bulgaria,Beautiful Mess,Kristian Kostov,Belgium,BE,0,0,False,success
2017,Bulgaria,Beautiful Mess,Kristian Kostov,Bulgaria,BG,100,100,True,success
2017,Bulgaria,Beautiful Mess,Kristian Kostov,Belarus,BY,0,0,False,success
2017,Bulgaria,Beautiful Mess,Kristian Kostov,Switzerland,CH,0,0,False,success
2017,Bulgaria,Beautiful Mess,Kristian Kostov,Cyprus,CY,0,0,False,success
2017,Bulgaria,Beautiful Mess,Kristian Kostov,Czechia,CZ,0,0,False,success
2017,Bulgaria,Beautiful Mess,Kristian Kostov,Germany,DE,4,2,False,success
2017,Bulgaria,Beautiful Mess,Kristian Kostov,Denmark,DK,0,0,False,success
2017,Bulgaria,Beautiful Mess,Kristian Kostov,Estonia,EE,0,0,False,success
2017,Bulgaria,Beautiful Mess,Kristian Kostov,Spain,ES,7,3,False,success
2017,Bulgaria,Beautiful Mess,Kristian Kostov,Finland,FI,0,0,False,success
2017,Bulgaria,Beautiful Mess,Kristian Kostov,France,FR,0,0,False,success
2017,Bulgaria,Beautiful Mess,Kristian Kostov,United Kingdom,GB,0,2,False,success
2017,Bulgaria,Beautiful Mess,Kristian Kostov,Georgia,GE,0,0,False,success
2017,Bulgaria,Beautiful Mess,Kristian Kostov,Greece,GR,0,14,False,success
2017,Bulgaria,Beautiful Mess,Kristian Kostov,Croatia,HR,0,0,False,success
2017,Bulgaria,Beautiful Mess,Kristian Kostov,Hungary,HU,0,0,False,success
2017,Bulgaria,Beautiful Mess,Kristian Kostov,Ireland,IE,0,0,False,success
2017,Bulgaria,Beautiful Mess,Kristian Kostov,Israel,IL,0,0,False,success
2017,Bulgaria,Beautiful Mess,Kristian Kostov,Iceland,IS,0,0,False,success
2017,Bulgaria,Beautiful Mess,Kristian Kostov,Italy,IT,0,2,False,success
2017,Bulgaria,Beautiful Mess,Kristian Kostov,Lithuania,LT,0,18,False,success
2017,Bulgaria,Beautiful Mess,Kristian Kostov,Luxembourg,LU,0,0,False,success
2017,Bulgaria,Beautiful Mess,Kristian Kostov,Latvia,LV,0,0,False,success
2017,Bulgaria,Beautiful Mess,Kristian Kostov,Moldova,MD,0,0,False,success
2017,Bulgaria,Beautiful Mess,Kristian Kostov,Montenegro,ME,0,0,False,success
2017,Bulgaria,Beautiful Mess,Kristian Kostov,North Macedonia,MK,0,0,False,success
2017,Bulgaria,Beautiful Mess,Kristian Kostov,Malta,MT,0,0,False,success
2017,Bulgaria,Beautiful Mess,Kristian Kostov,Netherlands,NL,0,6,False,success
2017,Bulgaria,Beautiful Mess,Kristian Kostov,Norway,NO,0,0,False,success
2017,Bulgaria,Beautiful Mess,Kristian Kostov,Poland,PL,7,3,False,success
2017,Bulgaria,Beautiful Mess,Kristian Kostov,Portugal,PT,0,0,False,success
2017,Bulgaria,Beautiful Mess,Kristian Kostov,Romania,RO,0,0,False,success
2017,Bulgaria,Beautiful Mess,Kristian Kostov,Serbia,RS,0,0,False,success
2017,Bulgaria,Beautiful Mess,Kristian Kostov,Russia,RU,0,1,False,success
2017,Bulgaria,Beautiful Mess,Kristian Kostov,Sweden,SE,0,0,False,success
2017,Bulgaria,Beautiful Mess,Kristian Kostov,Slovenia,SI,0,0,False,success
2017,Bulgaria,Beautiful Mess,Kristian Kostov,San Marino,SM,0,0,False,success
2017,Bulgaria,Beautiful Mess,Kristian Kostov,Ukraine,UA,22,3,False,success
2017,Croatia,My Friend,Jacques Houdek,Albania,AL,0,0,False,success
2017,Croatia,My Friend,Jacques Houdek,Armenia,AM,0,0,False,success
2017,Croatia,My Friend,Jacques Houdek,Austria,AT,0,8,False,success
2017,Croatia,My Friend,Jacques Houdek,Australia,AU,0,14,False,success
2017,Croatia,My Friend,Jacques Houdek,Azerbaijan,AZ,0,0,False,success
2017,Croatia,My Friend,Jacques Houdek,Belgium,BE,0,11,False,success
2017,Croatia,My Friend,Jacques Houdek,Bulgaria,BG,0,8,False,success
2017,Croatia,My Friend,Jacques Houdek,Belarus,BY,0,0,False,success
2017,Croatia,My Friend,Jacques Houdek,Switzerland,CH,0,10,False,success
2017,Croatia,My Friend,Jacques Houdek,Cyprus,CY,0,0,False,success
2017,Croatia,My Friend,Jacques Houdek,Czechia,CZ,0,10,False,success
2017,Croatia,My Friend,Jacques Houdek,Germany,DE,0,7,False,success
2017,Croatia,My Friend,Jacques Houdek,Denmark,DK,0,13,False,success
2017,Croatia,My Friend,Jacques Houdek,Estonia,EE,0,15,False,success
2017,Croatia,My Friend,Jacques Houdek,Spain,ES,0,7,False,success
2017,Croatia,My Friend,Jacques Houdek,Finland,FI,0,11,False,success
2017,Croatia,My Friend,Jacques Houdek,France,FR,0,8,False,success
2017,Croatia,My Friend,Jacques Houdek,United Kingdom,GB,0,14,False,success
2017,Croatia,My Friend,Jacques Houdek,Georgia,GE,0,8,False,success
2017,Croatia,My Friend,Jacques Houdek,Greece,GR,0,7,False,success
2017,Croatia,My Friend,Jacques Houdek,Croatia,HR,5,100,True,success
2017,Croatia,My Friend,Jacques Houdek,Hungary,HU,0,11,False,success
2017,Croatia,My Friend,Jacques Houdek,Ireland,IE,0,23,False,success
2017,Croatia,My Friend,Jacques Houdek,Israel,IL,0,7,False,success
2017,Croatia,My Friend,Jacques Houdek,Iceland,IS,0,26,False,success
2017,Croatia,My Friend,Jacques Houdek,Italy,IT,0,6,False,success
2017,Croatia,My Friend,Jacques Houdek,Lithuania,LT,0,10,False,success
2017,Croatia,My Friend,Jacques Houdek,Luxembourg,LU,0,0,False,success
2017,Croatia,My Friend,Jacques Houdek,Latvia,LV,0,11,False,success
2017,Croatia,My Friend,Jacques Houdek,Moldova,MD,0,5,False,success
2017,Croatia,My Friend,Jacques Houdek,Montenegro,ME,0,0,False,success
2017,Croatia,My Friend,Jacques Houdek,North Macedonia,MK,0,10,False,success
2017,Croatia,My Friend,Jacques Houdek,Malta,MT,0,0,False,success
2017,Croatia,My Friend,Jacques Houdek,Netherlands,NL,0,9,False,success
2017,Croatia,My Friend,Jacques Houdek,Norway,NO,0,10,False,success
2017,Croatia,My Friend,Jacques Houdek,Poland,PL,0,12,False,success
2017,Croatia,My Friend,Jacques Houdek,Portugal,PT,0,9,False,success
2017,Croatia,My Friend,Jacques Houdek,Romania,RO,0,11,False,success
2017,Croatia,My Friend,Jacques Houdek,Serbia,RS,0,8,False,success
2017,Croatia,My Friend,Jacques Houdek,Russia,RU,0,2,False,success
2017,Croatia,My Friend,Jacques Houdek,Sweden,SE,0,10,False,success
2017,Croatia,My Friend,Jacques Houdek,Slovenia,SI,0,20,False,success
2017,Croatia,My Friend,Jacques Houdek,San Marino,SM,0,0,False,success
2017,Croatia,My Friend,Jacques Houdek,Ukraine,UA,0,2,False,success
2017,Cyprus,Gravity,Hovig,Albania,AL,0,0,False,success
2017,Cyprus,Gravity,Hovig,Armenia,AM,0,10,False,success
2017,Cyprus,Gravity,Hovig,Austria,AT,0,13,False,success
2017,Cyprus,Gravity,Hovig,Australia,AU,0,19,False,success
2017,Cyprus,Gravity,Hovig,Azerbaijan,AZ,0,5,False,success
2017,Cyprus,Gravity,Hovig,Belgium,BE,0,15,False,success
2017,Cyprus,Gravity,Hovig,Bulgaria,BG,0,9,False,success
2017,Cyprus,Gravity,Hovig,Belarus,BY,0,0,False,success
2017,Cyprus,Gravity,Hovig,Switzerland,CH,0,11,False,success
2017,Cyprus,Gravity,Hovig,Cyprus,CY,100,42,True,success
2017,Cyprus,Gravity,Hovig,Czechia,CZ,0,9,False,success
2017,Cyprus,Gravity,Hovig,Germany,DE,0,11,False,success
2017,Cyprus,Gravity,Hovig,Denmark,DK,0,17,False,success
2017,Cyprus,Gravity,Hovig,Estonia,EE,0,13,False,success
2017,Cyprus,Gravity,Hovig,Spain,ES,1,10,False,success
2017,Cyprus,Gravity,Hovig,Finland,FI,0,12,False,success
2017,Cyprus,Gravity,Hovig,France,FR,0,10,False,success
2017,Cyprus,Gravity,Hovig,United Kingdom,GB,1,20,False,success
2017,Cyprus,Gravity,Hovig,Georgia,GE,0,10,False,success
2017,Cyprus,Gravity,Hovig,Greece,GR,0,13,False,success
2017,Cyprus,Gravity,Hovig,Croatia,HR,0,10,False,success
2017,Cyprus,Gravity,Hovig,Hungary,HU,0,10,False,success
2017,Cyprus,Gravity,Hovig,Ireland,IE,0,19,False,success
2017,Cyprus,Gravity,Hovig,Israel,IL,0,11,False,success
2017,Cyprus,Gravity,Hovig,Iceland,IS,0,26,False,success
2017,Cyprus,Gravity,Hovig,Italy,IT,0,10,False,success
2017,Cyprus,Gravity,Hovig,Lithuania,LT,0,13,False,success
2017,Cyprus,Gravity,Hovig,Luxembourg,LU,0,0,False,success
2017,Cyprus,Gravity,Hovig,Latvia,LV,0,11,False,success
2017,Cyprus,Gravity,Hovig,Moldova,MD,0,0,False,success
2017,Cyprus,Gravity,Hovig,Montenegro,ME,0,0,False,success
2017,Cyprus,Gravity,Hovig,North Macedonia,MK,0,8,False,success
2017,Cyprus,Gravity,Hovig,Malta,MT,0,0,False,success
2017,Cyprus,Gravity,Hovig,Netherlands,NL,0,15,False,success
2017,Cyprus,Gravity,Hovig,Norway,NO,0,12,False,success
2017,Cyprus,Gravity,Hovig,Poland,PL,2,8,False,success
2017,Cyprus,Gravity,Hovig,Portugal,PT,0,13,False,success
2017,Cyprus,Gravity,Hovig,Romania,RO,0,12,False,success
2017,Cyprus,Gravity,Hovig,Serbia,RS,0,5,False,success
2017,Cyprus,Gravity,Hovig,Russia,RU,0,4,False,success
2017,Cyprus,Gravity,Hovig,Sweden,SE,0,14,False,success
2017,Cyprus,Gravity,Hovig,Slovenia,SI,0,9,False,success
2017,Cyprus,Gravity,Hovig,San Marino,SM,0,0,False,success
2017,Cyprus,Gravity,Hovig,Ukraine,UA,4,4,False,success
2017,Denmark,Where I Am,Anja,Albania,AL,0,0,False,success
2017,Denmark,Where I Am,Anja,Armenia,AM,0,0,False,success
2017,Denmark,Where I Am,Anja,Austria,AT,0,0,False,success
2017,Denmark,Where I Am,Anja,Australia,AU,0,8,False,success
2017,Denmark,Where I Am,Anja,Azerbaijan,AZ,0,0,False,success
2017,Denmark,Where I Am,Anja,Belgium,BE,0,0,False,success
2017,Denmark,Where I Am,Anja,Bulgaria,BG,0,0,False,success
2017,Denmark,Where I Am,Anja,Belarus,BY,0,0,False,success
2017,Denmark,Where I Am,Anja,Switzerland,CH,0,0,False,success
2017,Denmark,Where I Am,Anja,Cyprus,CY,0,0,False,success
2017,Denmark,Where I Am,Anja,Czechia,CZ,0,0,False,success
2017,Denmark,Where I Am,Anja,Germany,DE,0,7,False,success
2017,Denmark,Where I Am,Anja,Denmark,DK,0,100,True,success
2017,Denmark,Where I Am,Anja,Estonia,EE,0,0,False,success
2017,Denmark,Where I Am,Anja,Spain,ES,0,13,False,success
2017,Denmark,Where I Am,Anja,Finland,FI,0,0,False,success
2017,Denmark,Where I Am,Anja,France,FR,0,5,False,success
2017,Denmark,Where I Am,Anja,United Kingdom,GB,0,8,False,success
2017,Denmark,Where I Am,Anja,Georgia,GE,0,0,False,success
2017,Denmark,Where I Am,Anja,Greece,GR,0,0,False,success
2017,Denmark,Where I Am,Anja,Croatia,HR,0,0,False,success
2017,Denmark,Where I Am,Anja,Hungary,HU,0,17,False,success
2017,Denmark,Where I Am,Anja,Ireland,IE,0,0,False,success
2017,Denmark,Where I Am,Anja,Israel,IL,0,0,False,success
2017,Denmark,Where I Am,Anja,Iceland,IS,0,0,False,success
2017,Denmark,Where I Am,Anja,Italy,IT,0,6,False,success
2017,Denmark,Where I Am,Anja,Lithuania,LT,0,0,False,success
2017,Denmark,Where I Am,Anja,Luxembourg,LU,0,0,False,success
2017,Denmark,Where I Am,Anja,Latvia,LV,0,0,False,success
2017,Denmark,Where I Am,Anja,Moldova,MD,0,0,False,success
2017,Denmark,Where I Am,Anja,Montenegro,ME,0,0,False,success
2017,Denmark,Where I Am,Anja,North Macedonia,MK,0,0,False,success
2017,Denmark,Where I Am,Anja,Malta,MT,0,0,False,success
2017,Denmark,Where I Am,Anja,Netherlands,NL,0,11,False,success
2017,Denmark,Where I Am,Anja,Norway,NO,0,0,False,success
2017,Denmark,Where I Am,Anja,Poland,PL,0,6,False,success
2017,Denmark,Where I Am,Anja,Portugal,PT,0,0,False,success
2017,Denmark,Where I Am,Anja,Romania,RO,0,0,False,success
2017,Denmark,Where I Am,Anja,Serbia,RS,0,0,False,success
2017,Denmark,Where I Am,Anja,Russia,RU,0,0,False,success
2017,Denmark,Where I Am,Anja,Sweden,SE,0,0,False,success
2017,Denmark,Where I Am,Anja,Slovenia,SI,0,0,False,success
2017,Denmark,Where I Am,Anja,San Marino,SM,0,0,False,success
2017,Denmark,Where I Am,Anja,Ukraine,UA,0,0,False,success
2017,France,Requiem,Alma,Albania,AL,0,0,False,success
2017,France,Requiem,Alma,Armenia,AM,0,36,False,success
2017,France,Requiem,Alma,Austria,AT,0,41,False,success
2017,France,Requiem,Alma,Australia,AU,0,21,False,success
2017,France,Requiem,Alma,Azerbaijan,AZ,0,0,False,success
2017,France,Requiem,Alma,Belgium,BE,17,59,False,success
2017,France,Requiem,Alma,Bulgaria,BG,0,23,False,success
2017,France,Requiem,Alma,Belarus,BY,0,9,False,success
2017,France,Requiem,Alma,Switzerland,CH,9,50,False,success
2017,France,Requiem,Alma,Cyprus,CY,0,32,False,success
2017,France,Requiem,Alma,Czechia,CZ,0,40,False,success
2017,France,Requiem,Alma,Germany,DE,3,31,False,success
2017,France,Requiem,Alma,Denmark,DK,0,37,False,success
2017,France,Requiem,Alma,Estonia,EE,0,50,False,success
2017,France,Requiem,Alma,Spain,ES,10,48,False,success
2017,France,Requiem,Alma,Finland,FI,10,34,False,success
2017,France,Requiem,Alma,France,FR,100,100,True,success
2017,France,Requiem,Alma,United Kingdom,GB,1,27,False,success
2017,France,Requiem,Alma,Georgia,GE,0,23,False,success
2017,France,Requiem,Alma,Greece,GR,0,37,False,success
2017,France,Requiem,Alma,Croatia,HR,0,26,False,success
2017,France,Requiem,Alma,Hungary,HU,0,49,False,success
2017,France,Requiem,Alma,Ireland,IE,0,21,False,success
2017,France,Requiem,Alma,Israel,IL,0,14,False,success
2017,France,Requiem,Alma,Iceland,IS,0,0,False,success
2017,France,Requiem,Alma,Italy,IT,0,38,False,success
2017,France,Requiem,Alma,Lithuania,LT,0,29,False,success
2017,France,Requiem,Alma,Luxembourg,LU,0,0,False,success
2017,France,Requiem,Alma,Latvia,LV,0,0,False,success
2017,France,Requiem,Alma,Moldova,MD,0,0,False,success
2017,France,Requiem,Alma,Montenegro,ME,0,0,False,success
2017,France,Requiem,Alma,North Macedonia,MK,0,30,False,success
2017,France,Requiem,Alma,Malta,MT,0,0,False,success
2017,France,Requiem,Alma,Netherlands,NL,5,36,False,success
2017,France,Requiem,Alma,Norway,NO,0,28,False,success
2017,France,Requiem,Alma,Poland,PL,4,30,False,success
2017,France,Requiem,Alma,Portugal,PT,0,30,False,success
2017,France,Requiem,Alma,Romania,RO,0,24,False,success
2017,France,Requiem,Alma,Serbia,RS,0,22,False,success
2017,France,Requiem,Alma,Russia,RU,3,6,False,success
2017,France,Requiem,Alma,Sweden,SE,9,19,False,success
2017,France,Requiem,Alma,Slovenia,SI,0,45,False,success
2017,France,Requiem,Alma,San Marino,SM,0,0,False,success
2017,France,Requiem,Alma,Ukraine,UA,14,6,False,success
2017,Germany,Perfect Life,Levina,Albania,AL,0,0,False,success
2017,Germany,Perfect Life,Levina,Armenia,AM,12,0,False,success
2017,Germany,Perfect Life,Levina,Austria,AT,0,43,False,success
2017,Germany,Perfect Life,Levina,Australia,AU,0,11,False,success
2017,Germany,Perfect Life,Levina,Azerbaijan,AZ,0,0,False,success
2017,Germany,Perfect Life,Levina,Belgium,BE,0,0,False,success
2017,Germany,Perfect Life,Levina,Bulgaria,BG,0,0,False,success
2017,Germany,Perfect Life,Levina,Belarus,BY,0,0,False,success
2017,Germany,Perfect Life,Levina,Switzerland,CH,0,0,False,success
2017,Germany,Perfect Life,Levina,Cyprus,CY,0,0,False,success
2017,Germany,Perfect Life,Levina,Czechia,CZ,0,22,False,success
2017,Germany,Perfect Life,Levina,Germany,DE,6,100,True,success
2017,Germany,Perfect Life,Levina,Denmark,DK,0,0,False,success
2017,Germany,Perfect Life,Levina,Estonia,EE,0,0,False,success
2017,Germany,Perfect Life,Levina,Spain,ES,0,9,False,success
2017,Germany,Perfect Life,Levina,Finland,FI,0,0,False,success
2017,Germany,Perfect Life,Levina,France,FR,0,11,False,success
2017,Germany,Perfect Life,Levina,United Kingdom,GB,0,19,False,success
2017,Germany,Perfect Life,Levina,Georgia,GE,0,0,False,success
2017,Germany,Perfect Life,Levina,Greece,GR,0,0,False,success
2017,Germany,Perfect Life,Levina,Croatia,HR,0,0,False,success
2017,Germany,Perfect Life,Levina,Hungary,HU,0,0,False,success
2017,Germany,Perfect Life,Levina,Ireland,IE,0,0,False,success
2017,Germany,Perfect Life,Levina,Israel,IL,0,0,False,success
2017,Germany,Perfect Life,Levina,Iceland,IS,0,0,False,success
2017,Germany,Perfect Life,Levina,Italy,IT,0,16,False,success
2017,Germany,Perfect Life,Levina,Lithuania,LT,0,0,False,success
2017,Germany,Perfect Life,Levina,Luxembourg,LU,0,0,False,success
2017,Germany,Perfect Life,Levina,Latvia,LV,0,0,False,success
2017,Germany,Perfect Life,Levina,Moldova,MD,0,0,False,success
2017,Germany,Perfect Life,Levina,Montenegro,ME,0,0,False,success
2017,Germany,Perfect Life,Levina,North Macedonia,MK,0,0,False,success
2017,Germany,Perfect Life,Levina,Malta,MT,0,0,False,success
2017,Germany,Perfect Life,Levina,Netherlands,NL,0,0,False,success
2017,Germany,Perfect Life,Levina,Norway,NO,0,0,False,success
2017,Germany,Perfect Life,Levina,Poland,PL,0,11,False,success
2017,Germany,Perfect Life,Levina,Portugal,PT,0,0,False,success
2017,Germany,Perfect Life,Levina,Romania,RO,0,0,False,success
2017,Germany,Perfect Life,Levina,Serbia,RS,0,0,False,success
2017,Germany,Perfect Life,Levina,Russia,RU,0,0,False,success
2017,Germany,Perfect Life,Levina,Sweden,SE,0,0,False,success
2017,Germany,Perfect Life,Levina,Slovenia,SI,0,0,False,success
2017,Germany,Perfect Life,Levina,San Marino,SM,0,0,False,success
2017,Germany,Perfect Life,Levina,Ukraine,UA,0,0,False,success
2017,Greece,This Is Love,Demy,Albania,AL,0,14,False,success
2017,Greece,This Is Love,Demy,Armenia,AM,0,0,False,success
2017,Greece,This Is Love,Demy,Austria,AT,0,12,False,success
2017,Greece,This Is Love,Demy,Australia,AU,0,13,False,success
2017,Greece,This Is Love,Demy,Azerbaijan,AZ,0,0,False,success
2017,Greece,This Is Love,Demy,Belgium,BE,0,14,False,success
2017,Greece,This Is Love,Demy,Bulgaria,BG,0,19,False,success
2017,Greece,This Is Love,Demy,Belarus,BY,0,0,False,success
2017,Greece,This Is Love,Demy,Switzerland,CH,0,10,False,success
2017,Greece,This Is Love,Demy,Cyprus,CY,0,36,False,success
2017,Greece,This Is Love,Demy,Czechia,CZ,0,6,False,success
2017,Greece,This Is Love,Demy,Germany,DE,0,8,False,success
2017,Greece,This Is Love,Demy,Denmark,DK,0,7,False,success
2017,Greece,This Is Love,Demy,Estonia,EE,9,0,False,success
2017,Greece,This Is Love,Demy,Spain,ES,0,11,False,success
2017,Greece,This Is Love,Demy,Finland,FI,0,7,False,success
2017,Greece,This Is Love,Demy,France,FR,0,11,False,success
2017,Greece,This Is Love,Demy,United Kingdom,GB,0,16,False,success
2017,Greece,This Is Love,Demy,Georgia,GE,0,9,False,success
2017,Greece,This Is Love,Demy,Greece,GR,7,71,True,success
2017,Greece,This Is Love,Demy,Croatia,HR,0,15,False,success
2017,Greece,This Is Love,Demy,Hungary,HU,0,14,False,success
2017,Greece,This Is Love,Demy,Ireland,IE,0,21,False,success
2017,Greece,This Is Love,Demy,Israel,IL,0,9,False,success
2017,Greece,This Is Love,Demy,Iceland,IS,0,0,False,success
2017,Greece,This Is Love,Demy,Italy,IT,0,12,False,success
2017,Greece,This Is Love,Demy,Lithuania,LT,0,18,False,success
2017,Greece,This Is Love,Demy,Luxembourg,LU,0,0,False,success
2017,Greece,This Is Love,Demy,Latvia,LV,0,0,False,success
2017,Greece,This Is Love,Demy,Moldova,MD,0,0,False,success
2017,Greece,This Is Love,Demy,Montenegro,ME,0,0,False,success
2017,Greece,This Is Love,Demy,North Macedonia,MK,0,0,False,success
2017,Greece,This Is Love,Demy,Malta,MT,0,33,False,success
2017,Greece,This Is Love,Demy,Netherlands,NL,0,13,False,success
2017,Greece,This Is Love,Demy,Norway,NO,0,8,False,success
2017,Greece,This Is Love,Demy,Poland,PL,0,8,False,success
2017,Greece,This Is Love,Demy,Portugal,PT,0,20,False,success
2017,Greece,This Is Love,Demy,Romania,RO,0,9,False,success
2017,Greece,This Is Love,Demy,Serbia,RS,0,11,False,success
2017,Greece,This Is Love,Demy,Russia,RU,0,1,False,success
2017,Greece,This Is Love,Demy,Sweden,SE,0,6,False,success
2017,Greece,This Is Love,Demy,Slovenia,SI,0,12,False,success
2017,Greece,This Is Love,Demy,San Marino,SM,0,0,False,success
2017,Greece,This Is Love,Demy,Ukraine,UA,0,1,False,success
2017,Hungary,Origo,Joci Pápai,Albania,AL,0,0,False,success
2017,Hungary,Origo,Joci Pápai,Armenia,AM,0,5,False,success
2017,Hungary,Origo,Joci Pápai,Austria,AT,0,2,False,success
2017,Hungary,Origo,Joci Pápai,Australia,AU,0,0,False,success
2017,Hungary,Origo,Joci Pápai,Azerbaijan,AZ,0,0,False,success
2017,Hungary,Origo,Joci Pápai,Belgium,BE,0,0,False,success
2017,Hungary,Origo,Joci Pápai,Bulgaria,BG,0,0,False,success
2017,Hungary,Origo,Joci Pápai,Belarus,BY,0,0,False,success
2017,Hungary,Origo,Joci Pápai,Switzerland,CH,0,3,False,success
2017,Hungary,Origo,Joci Pápai,Cyprus,CY,0,0,False,success
2017,Hungary,Origo,Joci Pápai,Czechia,CZ,0,1,False,success
2017,Hungary,Origo,Joci Pápai,Germany,DE,0,1,False,success
2017,Hungary,Origo,Joci Pápai,Denmark,DK,0,0,False,success
2017,Hungary,Origo,Joci Pápai,Estonia,EE,0,0,False,success
2017,Hungary,Origo,Joci Pápai,Spain,ES,0,1,False,success
2017,Hungary,Origo,Joci Pápai,Finland,FI,0,0,False,success
2017,Hungary,Origo,Joci Pápai,France,FR,0,0,False,success
2017,Hungary,Origo,Joci Pápai,United Kingdom,GB,0,1,False,success
2017,Hungary,Origo,Joci Pápai,Georgia,GE,0,0,False,success
2017,Hungary,Origo,Joci Pápai,Greece,GR,0,0,False,success
2017,Hungary,Origo,Joci Pápai,Croatia,HR,0,0,False,success
2017,Hungary,Origo,Joci Pápai,Hungary,HU,100,100,True,success
2017,Hungary,Origo,Joci Pápai,Ireland,IE,0,0,False,success
2017,Hungary,Origo,Joci Pápai,Israel,IL,0,0,False,success
2017,Hungary,Origo,Joci Pápai,Iceland,IS,0,0,False,success
2017,Hungary,Origo,Joci Pápai,Italy,IT,0,0,False,success
2017,Hungary,Origo,Joci Pápai,Lithuania,LT,0,0,False,success
2017,Hungary,Origo,Joci Pápai,Luxembourg,LU,0,0,False,success
2017,Hungary,Origo,Joci Pápai,Latvia,LV,0,0,False,success
2017,Hungary,Origo,Joci Pápai,Moldova,MD,0,0,False,success
2017,Hungary,Origo,Joci Pápai,Montenegro,ME,0,0,False,success
2017,Hungary,Origo,Joci Pápai,North Macedonia,MK,0,0,False,success
2017,Hungary,Origo,Joci Pápai,Malta,MT,0,0,False,success
2017,Hungary,Origo,Joci Pápai,Netherlands,NL,0,1,False,success
2017,Hungary,Origo,Joci Pápai,Norway,NO,0,0,False,success
2017,Hungary,Origo,Joci Pápai,Poland,PL,0,0,False,success
2017,Hungary,Origo,Joci Pápai,Portugal,PT,0,0,False,success
2017,Hungary,Origo,Joci Pápai,Romania,RO,3,8,False,success
2017,Hungary,Origo,Joci Pápai,Serbia,RS,0,4,False,success
2017,Hungary,Origo,Joci Pápai,Russia,RU,0,0,False,success
2017,Hungary,Origo,Joci Pápai,Sweden,SE,0,0,False,success
2017,Hungary,Origo,Joci Pápai,Slovenia,SI,0,0,False,success
2017,Hungary,Origo,Joci Pápai,San Marino,SM,0,0,False,success
2017,Hungary,Origo,Joci Pápai,Ukraine,UA,3,1,False,success
2017,Israel,I Feel Alive,IMRI,Albania,AL,0,0,False,success
2017,Israel,I Feel Alive,IMRI,Armenia,AM,0,0,False,success
2017,Israel,I Feel Alive,IMRI,Austria,AT,0,0,False,success
2017,Israel,I Feel Alive,IMRI,Australia,AU,0,0,False,success
2017,Israel,I Feel Alive,IMRI,Azerbaijan,AZ,0,0,False,success
2017,Israel,I Feel Alive,IMRI,Belgium,BE,0,0,False,success
2017,Israel,I Feel Alive,IMRI,Bulgaria,BG,0,0,False,success
2017,Israel,I Feel Alive,IMRI,Belarus,BY,0,0,False,success
2017,Israel,I Feel Alive,IMRI,Switzerland,CH,0,0,False,success
2017,Israel,I Feel Alive,IMRI,Cyprus,CY,0,0,False,success
2017,Israel,I Feel Alive,IMRI,Czechia,CZ,0,0,False,success
2017,Israel,I Feel Alive,IMRI,Germany,DE,8,3,False,success
2017,Israel,I Feel Alive,IMRI,Denmark,DK,0,0,False,success
2017,Israel,I Feel Alive,IMRI,Estonia,EE,0,0,False,success
2017,Israel,I Feel Alive,IMRI,Spain,ES,0,7,False,success
2017,Israel,I Feel Alive,IMRI,Finland,FI,0,0,False,success
2017,Israel,I Feel Alive,IMRI,France,FR,0,2,False,success
2017,Israel,I Feel Alive,IMRI,United Kingdom,GB,6,3,False,success
2017,Israel,I Feel Alive,IMRI,Georgia,GE,0,0,False,success
2017,Israel,I Feel Alive,IMRI,Greece,GR,0,0,False,success
2017,Israel,I Feel Alive,IMRI,Croatia,HR,0,0,False,success
2017,Israel,I Feel Alive,IMRI,Hungary,HU,0,0,False,success
2017,Israel,I Feel Alive,IMRI,Ireland,IE,0,0,False,success
2017,Israel,I Feel Alive,IMRI,Israel,IL,100,100,True,success
2017,Israel,I Feel Alive,IMRI,Iceland,IS,0,0,False,success
2017,Israel,I Feel Alive,IMRI,Italy,IT,0,4,False,success
2017,Israel,I Feel Alive,IMRI,Lithuania,LT,0,0,False,success
2017,Israel,I Feel Alive,IMRI,Luxembourg,LU,0,0,False,success
2017,Israel,I Feel Alive,IMRI,Latvia,LV,0,0,False,success
2017,Israel,I Feel Alive,IMRI,Moldova,MD,0,0,False,success
2017,Israel,I Feel Alive,IMRI,Montenegro,ME,0,0,False,success
2017,Israel,I Feel Alive,IMRI,North Macedonia,MK,0,0,False,success
2017,Israel,I Feel Alive,IMRI,Malta,MT,0,0,False,success
2017,Israel,I Feel Alive,IMRI,Netherlands,NL,0,8,False,success
2017,Israel,I Feel Alive,IMRI,Norway,NO,0,0,False,success
2017,Israel,I Feel Alive,IMRI,Poland,PL,0,3,False,success
2017,Israel,I Feel Alive,IMRI,Portugal,PT,0,0,False,success
2017,Israel,I Feel Alive,IMRI,Romania,RO,0,0,False,success
2017,Israel,I Feel Alive,IMRI,Serbia,RS,0,0,False,success
2017,Israel,I Feel Alive,IMRI,Russia,RU,0,0,False,success
2017,Israel,I Feel Alive,IMRI,Sweden,SE,41,0,False,success
2017,Israel,I Feel Alive,IMRI,Slovenia,SI,0,0,False,success
2017,Israel,I Feel Alive,IMRI,San Marino,SM,0,0,False,success
2017,Israel,I Feel Alive,IMRI,Ukraine,UA,31,0,False,success
2017,Italy,Occidentali's Karma,Francesco Gabbani,Albania,AL,0,0,False,success
2017,Italy,Occidentali's Karma,Francesco Gabbani,Armenia,AM,0,0,False,success
2017,Italy,Occidentali's Karma,Francesco Gabbani,Austria,AT,3,0,False,success
2017,Italy,Occidentali's Karma,Francesco Gabbani,Australia,AU,0,0,False,success
2017,Italy,Occidentali's Karma,Francesco Gabbani,Azerbaijan,AZ,0,0,False,success
2017,Italy,Occidentali's Karma,Francesco Gabbani,Belgium,BE,0,0,False,success
2017,Italy,Occidentali's Karma,Francesco Gabbani,Bulgaria,BG,0,0,False,success
2017,Italy,Occidentali's Karma,Francesco Gabbani,Belarus,BY,0,0,False,success
2017,Italy,Occidentali's Karma,Francesco Gabbani,Switzerland,CH,0,0,False,success
2017,Italy,Occidentali's Karma,Francesco Gabbani,Cyprus,CY,0,0,False,success
2017,Italy,Occidentali's Karma,Francesco Gabbani,Czechia,CZ,0,0,False,success
2017,Italy,Occidentali's Karma,Francesco Gabbani,Germany,DE,0,0,False,success
2017,Italy,Occidentali's Karma,Francesco Gabbani,Denmark,DK,0,0,False,success
2017,Italy,Occidentali's Karma,Francesco Gabbani,Estonia,EE,0,0,False,success
2017,Italy,Occidentali's Karma,Francesco Gabbani,Spain,ES,1,0,False,success
2017,Italy,Occidentali's Karma,Francesco Gabbani,Finland,FI,0,0,False,success
2017,Italy,Occidentali's Karma,Francesco Gabbani,France,FR,0,0,False,success
2017,Italy,Occidentali's Karma,Francesco Gabbani,United Kingdom,GB,0,0,False,success
2017,Italy,Occidentali's Karma,Francesco Gabbani,Georgia,GE,0,0,False,success
2017,Italy,Occidentali's Karma,Francesco Gabbani,Greece,GR,0,0,False,success
2017,Italy,Occidentali's Karma,Francesco Gabbani,Croatia,HR,0,0,False,success
2017,Italy,Occidentali's Karma,Francesco Gabbani,Hungary,HU,0,0,False,success
2017,Italy,Occidentali's Karma,Francesco Gabbani,Ireland,IE,0,0,False,success
2017,Italy,Occidentali's Karma,Francesco Gabbani,Israel,IL,0,0,False,success
2017,Italy,Occidentali's Karma,Francesco Gabbani,Iceland,IS,0,0,False,success
2017,Italy,Occidentali's Karma,Francesco Gabbani,Italy,IT,15,0,True,success
2017,Italy,Occidentali's Karma,Francesco Gabbani,Lithuania,LT,0,0,False,success
2017,Italy,Occidentali's Karma,Francesco Gabbani,Luxembourg,LU,0,0,False,success
2017,Italy,Occidentali's Karma,Francesco Gabbani,Latvia,LV,0,0,False,success
2017,Italy,Occidentali's Karma,Francesco Gabbani,Moldova,MD,0,0,False,success
2017,Italy,Occidentali's Karma,Francesco Gabbani,Montenegro,ME,0,0,False,success
2017,Italy,Occidentali's Karma,Francesco Gabbani,North Macedonia,MK,0,0,False,success
2017,Italy,Occidentali's Karma,Francesco Gabbani,Malta,MT,0,0,False,success
2017,Italy,Occidentali's Karma,Francesco Gabbani,Netherlands,NL,0,0,False,success
2017,Italy,Occidentali's Karma,Francesco Gabbani,Norway,NO,0,0,False,success
2017,Italy,Occidentali's Karma,Francesco Gabbani,Poland,PL,1,0,False,success
2017,Italy,Occidentali's Karma,Francesco Gabbani,Portugal,PT,0,0,False,success
2017,Italy,Occidentali's Karma,Francesco Gabbani,Romania,RO,0,0,False,success
2017,Italy,Occidentali's Karma,Francesco Gabbani,Serbia,RS,0,0,False,success
2017,Italy,Occidentali's Karma,Francesco Gabbani,Russia,RU,0,0,False,success
2017,Italy,Occidentali's Karma,Francesco Gabbani,Sweden,SE,0,0,False,success
2017,Italy,Occidentali's Karma,Francesco Gabbani,Slovenia,SI,0,0,False,success
2017,Italy,Occidentali's Karma,Francesco Gabbani,San Marino,SM,0,0,False,success
2017,Italy,Occidentali's Karma,Francesco Gabbani,Ukraine,UA,0,0,False,success
2017,Moldova,"Hey, Mamma!",SunStroke Project,Albania,AL,0,0,False,success
2017,Moldova,"Hey, Mamma!",SunStroke Project,Armenia,AM,0,0,False,success
2017,Moldova,"Hey, Mamma!",SunStroke Project,Austria,AT,0,0,False,success
2017,Moldova,"Hey, Mamma!",SunStroke Project,Australia,AU,0,0,False,success
2017,Moldova,"Hey, Mamma!",SunStroke Project,Azerbaijan,AZ,0,0,False,success
2017,Moldova,"Hey, Mamma!",SunStroke Project,Belgium,BE,0,0,False,success
2017,Moldova,"Hey, Mamma!",SunStroke Project,Bulgaria,BG,0,0,False,success
2017,Moldova,"Hey, Mamma!",SunStroke Project,Belarus,BY,0,0,False,success
2017,Moldova,"Hey, Mamma!",SunStroke Project,Switzerland,CH,0,0,False,success
2017,Moldova,"Hey, Mamma!",SunStroke Project,Cyprus,CY,0,0,False,success
2017,Moldova,"Hey, Mamma!",SunStroke Project,Czechia,CZ,0,0,False,success
2017,Moldova,"Hey, Mamma!",SunStroke Project,Germany,DE,0,0,False,success
2017,Moldova,"Hey, Mamma!",SunStroke Project,Denmark,DK,0,0,False,success
2017,Moldova,"Hey, Mamma!",SunStroke Project,Estonia,EE,0,0,False,success
2017,Moldova,"Hey, Mamma!",SunStroke Project,Spain,ES,0,0,False,success
2017,Moldova,"Hey, Mamma!",SunStroke Project,Finland,FI,0,0,False,success
2017,Moldova,"Hey, Mamma!",SunStroke Project,France,FR,0,0,False,success
2017,Moldova,"Hey, Mamma!",SunStroke Project,United Kingdom,GB,0,0,False,success
2017,Moldova,"Hey, Mamma!",SunStroke Project,Georgia,GE,0,0,False,success
2017,Moldova,"Hey, Mamma!",SunStroke Project,Greece,GR,0,0,False,success
2017,Moldova,"Hey, Mamma!",SunStroke Project,Croatia,HR,0,0,False,success
2017,Moldova,"Hey, Mamma!",SunStroke Project,Hungary,HU,0,0,False,success
2017,Moldova,"Hey, Mamma!",SunStroke Project,Ireland,IE,0,0,False,success
2017,Moldova,"Hey, Mamma!",SunStroke Project,Israel,IL,0,0,False,success
2017,Moldova,"Hey, Mamma!",SunStroke Project,Iceland,IS,0,0,False,success
2017,Moldova,"Hey, Mamma!",SunStroke Project,Italy,IT,0,0,False,success
2017,Moldova,"Hey, Mamma!",SunStroke Project,Lithuania,LT,0,0,False,success
2017,Moldova,"Hey, Mamma!",SunStroke Project,Luxembourg,LU,0,0,False,success
2017,Moldova,"Hey, Mamma!",SunStroke Project,Latvia,LV,0,0,False,success
2017,Moldova,"Hey, Mamma!",SunStroke Project,Moldova,MD,0,0,True,success
2017,Moldova,"Hey, Mamma!",SunStroke Project,Montenegro,ME,0,0,False,success
2017,Moldova,"Hey, Mamma!",SunStroke Project,North Macedonia,MK,0,0,False,success
2017,Moldova,"Hey, Mamma!",SunStroke Project,Malta,MT,0,0,False,success
2017,Moldova,"Hey, Mamma!",SunStroke Project,Netherlands,NL,0,0,False,success
2017,Moldova,"Hey, Mamma!",SunStroke Project,Norway,NO,0,0,False,success
2017,Moldova,"Hey, Mamma!",SunStroke Project,Poland,PL,0,0,False,success
2017,Moldova,"Hey, Mamma!",SunStroke Project,Portugal,PT,0,0,False,success
2017,Moldova,"Hey, Mamma!",SunStroke Project,Romania,RO,0,0,False,success
2017,Moldova,"Hey, Mamma!",SunStroke Project,Serbia,RS,0,0,False,success
2017,Moldova,"Hey, Mamma!",SunStroke Project,Russia,RU,0,0,False,success
2017,Moldova,"Hey, Mamma!",SunStroke Project,Sweden,SE,0,0,False,success
2017,Moldova,"Hey, Mamma!",SunStroke Project,Slovenia,SI,0,0,False,success
2017,Moldova,"Hey, Mamma!",SunStroke Project,San Marino,SM,0,0,False,success
2017,Moldova,"Hey, Mamma!",SunStroke Project,Ukraine,UA,0,0,False,success
2017,Netherlands,Lights and Shadows,O'G3NE,Albania,AL,0,0,False,success
2017,Netherlands,Lights and Shadows,O'G3NE,Armenia,AM,0,0,False,success
2017,Netherlands,Lights and Shadows,O'G3NE,Austria,AT,0,0,False,success
2017,Netherlands,Lights and Shadows,O'G3NE,Australia,AU,0,0,False,success
2017,Netherlands,Lights and Shadows,O'G3NE,Azerbaijan,AZ,0,0,False,success
2017,Netherlands,Lights and Shadows,O'G3NE,Belgium,BE,0,0,False,success
2017,Netherlands,Lights and Shadows,O'G3NE,Bulgaria,BG,0,0,False,success
2017,Netherlands,Lights and Shadows,O'G3NE,Belarus,BY,0,0,False,success
2017,Netherlands,Lights and Shadows,O'G3NE,Switzerland,CH,0,0,False,success
2017,Netherlands,Lights and Shadows,O'G3NE,Cyprus,CY,0,0,False,success
2017,Netherlands,Lights and Shadows,O'G3NE,Czechia,CZ,0,0,False,success
2017,Netherlands,Lights and Shadows,O'G3NE,Germany,DE,0,0,False,success
2017,Netherlands,Lights and Shadows,O'G3NE,Denmark,DK,0,0,False,success
2017,Netherlands,Lights and Shadows,O'G3NE,Estonia,EE,0,0,False,success
2017,Netherlands,Lights and Shadows,O'G3NE,Spain,ES,0,0,False,success
2017,Netherlands,Lights and Shadows,O'G3NE,Finland,FI,0,0,False,success
2017,Netherlands,Lights and Shadows,O'G3NE,France,FR,0,0,False,success
2017,Netherlands,Lights and Shadows,O'G3NE,United Kingdom,GB,0,0,False,success
2017,Netherlands,Lights and Shadows,O'G3NE,Georgia,GE,0,0,False,success
2017,Netherlands,Lights and Shadows,O'G3NE,Greece,GR,0,0,False,success
2017,Netherlands,Lights and Shadows,O'G3NE,Croatia,HR,0,0,False,success
2017,Netherlands,Lights and Shadows,O'G3NE,Hungary,HU,0,0,False,success
2017,Netherlands,Lights and Shadows,O'G3NE,Ireland,IE,0,0,False,success
2017,Netherlands,Lights and Shadows,O'G3NE,Israel,IL,0,0,False,success
2017,Netherlands,Lights and Shadows,O'G3NE,Iceland,IS,0,0,False,success
2017,Netherlands,Lights and Shadows,O'G3NE,Italy,IT,0,0,False,success
2017,Netherlands,Lights and Shadows,O'G3NE,Lithuania,LT,0,0,False,success
2017,Netherlands,Lights and Shadows,O'G3NE,Luxembourg,LU,0,0,False,success
2017,Netherlands,Lights and Shadows,O'G3NE,Latvia,LV,0,0,False,success
2017,Netherlands,Lights and Shadows,O'G3NE,Moldova,MD,0,0,False,success
2017,Netherlands,Lights and Shadows,O'G3NE,Montenegro,ME,0,0,False,success
2017,Netherlands,Lights and Shadows,O'G3NE,North Macedonia,MK,0,0,False,success
2017,Netherlands,Lights and Shadows,O'G3NE,Malta,MT,0,0,False,success
2017,Netherlands,Lights and Shadows,O'G3NE,Netherlands,NL,100,100,True,success
2017,Netherlands,Lights and Shadows,O'G3NE,Norway,NO,0,0,False,success
2017,Netherlands,Lights and Shadows,O'G3NE,Poland,PL,0,0,False,success
2017,Netherlands,Lights and Shadows,O'G3NE,Portugal,PT,0,0,False,success
2017,Netherlands,Lights and Shadows,O'G3NE,Romania,RO,0,0,False,success
2017,Netherlands,Lights and Shadows,O'G3NE,Serbia,RS,0,0,False,success
2017,Netherlands,Lights and Shadows,O'G3NE,Russia,RU,0,0,False,success
2017,Netherlands,Lights and Shadows,O'G3NE,Sweden,SE,0,0,False,success
2017,Netherlands,Lights and Shadows,O'G3NE,Slovenia,SI,0,0,False,success
2017,Netherlands,Lights and Shadows,O'G3NE,San Marino,SM,0,0,False,success
2017,Netherlands,Lights and Shadows,O'G3NE,Ukraine,UA,0,0,False,success
2017,Norway,Grab the Moment,JOWST,Albania,AL,0,0,False,success
2017,Norway,Grab the Moment,JOWST,Armenia,AM,0,0,False,success
2017,Norway,Grab the Moment,JOWST,Austria,AT,0,0,False,success
2017,Norway,Grab the Moment,JOWST,Australia,AU,0,0,False,success
2017,Norway,Grab the Moment,JOWST,Azerbaijan,AZ,0,0,False,success
2017,Norway,Grab the Moment,JOWST,Belgium,BE,0,0,False,success
2017,Norway,Grab the Moment,JOWST,Bulgaria,BG,0,0,False,success
2017,Norway,Grab the Moment,JOWST,Belarus,BY,0,0,False,success
2017,Norway,Grab the Moment,JOWST,Switzerland,CH,0,0,False,success
2017,Norway,Grab the Moment,JOWST,Cyprus,CY,0,0,False,success
2017,Norway,Grab the Moment,JOWST,Czechia,CZ,0,0,False,success
2017,Norway,Grab the Moment,JOWST,Germany,DE,0,0,False,success
2017,Norway,Grab the Moment,JOWST,Denmark,DK,0,0,False,success
2017,Norway,Grab the Moment,JOWST,Estonia,EE,0,0,False,success
2017,Norway,Grab the Moment,JOWST,Spain,ES,0,0,False,success
2017,Norway,Grab the Moment,JOWST,Finland,FI,0,0,False,success
2017,Norway,Grab the Moment,JOWST,France,FR,0,0,False,success
2017,Norway,Grab the Moment,JOWST,United Kingdom,GB,0,0,False,success
2017,Norway,Grab the Moment,JOWST,Georgia,GE,0,0,False,success
2017,Norway,Grab the Moment,JOWST,Greece,GR,0,0,False,success
2017,Norway,Grab the Moment,JOWST,Croatia,HR,0,0,False,success
2017,Norway,Grab the Moment,JOWST,Hungary,HU,0,0,False,success
2017,Norway,Grab the Moment,JOWST,Ireland,IE,0,0,False,success
2017,Norway,Grab the Moment,JOWST,Israel,IL,0,0,False,success
2017,Norway,Grab the Moment,JOWST,Iceland,IS,0,0,False,success
2017,Norway,Grab the Moment,JOWST,Italy,IT,0,0,False,success
2017,Norway,Grab the Moment,JOWST,Lithuania,LT,0,0,False,success
2017,Norway,Grab the Moment,JOWST,Luxembourg,LU,0,0,False,success
2017,Norway,Grab the Moment,JOWST,Latvia,LV,0,0,False,success
2017,Norway,Grab the Moment,JOWST,Moldova,MD,0,0,False,success
2017,Norway,Grab the Moment,JOWST,Montenegro,ME,0,0,False,success
2017,Norway,Grab the Moment,JOWST,North Macedonia,MK,0,0,False,success
2017,Norway,Grab the Moment,JOWST,Malta,MT,0,0,False,success
2017,Norway,Grab the Moment,JOWST,Netherlands,NL,0,0,False,success
2017,Norway,Grab the Moment,JOWST,Norway,NO,1,100,True,success
2017,Norway,Grab the Moment,JOWST,Poland,PL,0,0,False,success
2017,Norway,Grab the Moment,JOWST,Portugal,PT,0,0,False,success
2017,Norway,Grab the Moment,JOWST,Romania,RO,0,0,False,success
2017,Norway,Grab the Moment,JOWST,Serbia,RS,0,0,False,success
2017,Norway,Grab the Moment,JOWST,Russia,RU,0,0,False,success
2017,Norway,Grab the Moment,JOWST,Sweden,SE,0,0,False,success
2017,Norway,Grab the Moment,JOWST,Slovenia,SI,0,0,False,success
2017,Norway,Grab the Moment,JOWST,San Marino,SM,0,0,False,success
2017,Norway,Grab the Moment,JOWST,Ukraine,UA,0,0,False,success
2017,Poland,Flashlight,Kasia Moś,Albania,AL,0,34,False,success
2017,Poland,Flashlight,Kasia Moś,Armenia,AM,0,27,False,success
2017,Poland,Flashlight,Kasia Moś,Austria,AT,0,17,False,success
2017,Poland,Flashlight,Kasia Moś,Australia,AU,0,19,False,success
2017,Poland,Flashlight,Kasia Moś,Azerbaijan,AZ,0,0,False,success
2017,Poland,Flashlight,Kasia Moś,Belgium,BE,0,13,False,success
2017,Poland,Flashlight,Kasia Moś,Bulgaria,BG,0,44,False,success
2017,Poland,Flashlight,Kasia Moś,Belarus,BY,0,0,False,success
2017,Poland,Flashlight,Kasia Moś,Switzerland,CH,0,15,False,success
2017,Poland,Flashlight,Kasia Moś,Cyprus,CY,0,0,False,success
2017,Poland,Flashlight,Kasia Moś,Czechia,CZ,0,13,False,success
2017,Poland,Flashlight,Kasia Moś,Germany,DE,0,13,False,success
2017,Poland,Flashlight,Kasia Moś,Denmark,DK,0,14,False,success
2017,Poland,Flashlight,Kasia Moś,Estonia,EE,0,36,False,success
2017,Poland,Flashlight,Kasia Moś,Spain,ES,0,11,False,success
2017,Poland,Flashlight,Kasia Moś,Finland,FI,0,0,False,success
2017,Poland,Flashlight,Kasia Moś,France,FR,0,10,False,success
2017,Poland,Flashlight,Kasia Moś,United Kingdom,GB,0,15,False,success
2017,Poland,Flashlight,Kasia Moś,Georgia,GE,0,35,False,success
2017,Poland,Flashlight,Kasia Moś,Greece,GR,0,9,False,success
2017,Poland,Flashlight,Kasia Moś,Croatia,HR,0,28,False,success
2017,Poland,Flashlight,Kasia Moś,Hungary,HU,0,11,False,success
2017,Poland,Flashlight,Kasia Moś,Ireland,IE,0,17,False,success
2017,Poland,Flashlight,Kasia Moś,Israel,IL,0,9,False,success
2017,Poland,Flashlight,Kasia Moś,Iceland,IS,0,0,False,success
2017,Poland,Flashlight,Kasia Moś,Italy,IT,0,16,False,success
2017,Poland,Flashlight,Kasia Moś,Lithuania,LT,0,18,False,success
2017,Poland,Flashlight,Kasia Moś,Luxembourg,LU,0,0,False,success
2017,Poland,Flashlight,Kasia Moś,Latvia,LV,0,0,False,success
2017,Poland,Flashlight,Kasia Moś,Moldova,MD,0,0,False,success
2017,Poland,Flashlight,Kasia Moś,Montenegro,ME,0,0,False,success
2017,Poland,Flashlight,Kasia Moś,North Macedonia,MK,0,23,False,success
2017,Poland,Flashlight,Kasia Moś,Malta,MT,0,0,False,success
2017,Poland,Flashlight,Kasia Moś,Netherlands,NL,0,21,False,success
2017,Poland,Flashlight,Kasia Moś,Norway,NO,0,14,False,success
2017,Poland,Flashlight,Kasia Moś,Poland,PL,0,31,True,success
2017,Poland,Flashlight,Kasia Moś,Portugal,PT,0,29,False,success
2017,Poland,Flashlight,Kasia Moś,Romania,RO,0,15,False,success
2017,Poland,Flashlight,Kasia Moś,Serbia,RS,0,12,False,success
2017,Poland,Flashlight,Kasia Moś,Russia,RU,0,2,False,success
2017,Poland,Flashlight,Kasia Moś,Sweden,SE,0,14,False,success
2017,Poland,Flashlight,Kasia Moś,Slovenia,SI,0,0,False,success
2017,Poland,Flashlight,Kasia Moś,San Marino,SM,0,0,False,success
2017,Poland,Flashlight,Kasia Moś,Ukraine,UA,0,0,False,success
2017,Portugal,Amar pelos dois,Salvador Sobral,Albania,AL,0,0,False,success
2017,Portugal,Amar pelos dois,Salvador Sobral,Armenia,AM,0,0,False,success
2017,Portugal,Amar pelos dois,Salvador Sobral,Austria,AT,0,0,False,success
2017,Portugal,Amar pelos dois,Salvador Sobral,Australia,AU,0,0,False,success
2017,Portugal,Amar pelos dois,Salvador Sobral,Azerbaijan,AZ,0,0,False,success
2017,Portugal,Amar pelos dois,Salvador Sobral,Belgium,BE,0,0,False,success
2017,Portugal,Amar pelos dois,Salvador Sobral,Bulgaria,BG,0,0,False,success
2017,Portugal,Amar pelos dois,Salvador Sobral,Belarus,BY,0,0,False,success
2017,Portugal,Amar pelos dois,Salvador Sobral,Switzerland,CH,0,3,False,success
2017,Portugal,Amar pelos dois,Salvador Sobral,Cyprus,CY,0,0,False,success
2017,Portugal,Amar pelos dois,Salvador Sobral,Czechia,CZ,0,0,False,success
2017,Portugal,Amar pelos dois,Salvador Sobral,Germany,DE,0,0,False,success
2017,Portugal,Amar pelos dois,Salvador Sobral,Denmark,DK,0,0,False,success
2017,Portugal,Amar pelos dois,Salvador Sobral,Estonia,EE,0,0,False,success
2017,Portugal,Amar pelos dois,Salvador Sobral,Spain,ES,2,1,False,success
2017,Portugal,Amar pelos dois,Salvador Sobral,Finland,FI,0,0,False,success
2017,Portugal,Amar pelos dois,Salvador Sobral,France,FR,0,0,False,success
2017,Portugal,Amar pelos dois,Salvador Sobral,United Kingdom,GB,0,1,False,success
2017,Portugal,Amar pelos dois,Salvador Sobral,Georgia,GE,0,0,False,success
2017,Portugal,Amar pelos dois,Salvador Sobral,Greece,GR,0,0,False,success
2017,Portugal,Amar pelos dois,Salvador Sobral,Croatia,HR,0,0,False,success
2017,Portugal,Amar pelos dois,Salvador Sobral,Hungary,HU,0,1,False,success
2017,Portugal,Amar pelos dois,Salvador Sobral,Ireland,IE,0,0,False,success
2017,Portugal,Amar pelos dois,Salvador Sobral,Israel,IL,0,0,False,success
2017,Portugal,Amar pelos dois,Salvador Sobral,Iceland,IS,0,0,False,success
2017,Portugal,Amar pelos dois,Salvador Sobral,Italy,IT,0,1,False,success
2017,Portugal,Amar pelos dois,Salvador Sobral,Lithuania,LT,0,0,False,success
2017,Portugal,Amar pelos dois,Salvador Sobral,Luxembourg,LU,0,0,False,success
2017,Portugal,Amar pelos dois,Salvador Sobral,Latvia,LV,0,0,False,success
2017,Portugal,Amar pelos dois,Salvador Sobral,Moldova,MD,0,0,False,success
2017,Portugal,Amar pelos dois,Salvador Sobral,Montenegro,ME,0,0,False,success
2017,Portugal,Amar pelos dois,Salvador Sobral,North Macedonia,MK,0,0,False,success
2017,Portugal,Amar pelos dois,Salvador Sobral,Malta,MT,0,0,False,success
2017,Portugal,Amar pelos dois,Salvador Sobral,Netherlands,NL,1,1,False,success
2017,Portugal,Amar pelos dois,Salvador Sobral,Norway,NO,0,0,False,success
2017,Portugal,Amar pelos dois,Salvador Sobral,Poland,PL,1,0,False,success
2017,Portugal,Amar pelos dois,Salvador Sobral,Portugal,PT,100,100,True,success
2017,Portugal,Amar pelos dois,Salvador Sobral,Romania,RO,0,0,False,success
2017,Portugal,Amar pelos dois,Salvador Sobral,Serbia,RS,0,0,False,success
2017,Portugal,Amar pelos dois,Salvador Sobral,Russia,RU,0,0,False,success
2017,Portugal,Amar pelos dois,Salvador Sobral,Sweden,SE,0,0,False,success
2017,Portugal,Amar pelos dois,Salvador Sobral,Slovenia,SI,13,0,False,success
2017,Portugal,Amar pelos dois,Salvador Sobral,San Marino,SM,0,0,False,success
2017,Portugal,Amar pelos dois,Salvador Sobral,Ukraine,UA,1,0,False,success
2017,Romania,Yodel It!,Ilinca feat. Alex Florea,Albania,AL,0,0,False,success
2017,Romania,Yodel It!,Ilinca feat. Alex Florea,Armenia,AM,0,0,False,success
2017,Romania,Yodel It!,Ilinca feat. Alex Florea,Austria,AT,0,0,False,success
2017,Romania,Yodel It!,Ilinca feat. Alex Florea,Australia,AU,0,0,False,success
2017,Romania,Yodel It!,Ilinca feat. Alex Florea,Azerbaijan,AZ,0,0,False,success
2017,Romania,Yodel It!,Ilinca feat. Alex Florea,Belgium,BE,0,0,False,success
2017,Romania,Yodel It!,Ilinca feat. Alex Florea,Bulgaria,BG,0,0,False,success
2017,Romania,Yodel It!,Ilinca feat. Alex Florea,Belarus,BY,0,0,False,success
2017,Romania,Yodel It!,Ilinca feat. Alex Florea,Switzerland,CH,0,0,False,success
2017,Romania,Yodel It!,Ilinca feat. Alex Florea,Cyprus,CY,0,0,False,success
2017,Romania,Yodel It!,Ilinca feat. Alex Florea,Czechia,CZ,0,0,False,success
2017,Romania,Yodel It!,Ilinca feat. Alex Florea,Germany,DE,0,3,False,success
2017,Romania,Yodel It!,Ilinca feat. Alex Florea,Denmark,DK,0,0,False,success
2017,Romania,Yodel It!,Ilinca feat. Alex Florea,Estonia,EE,0,0,False,success
2017,Romania,Yodel It!,Ilinca feat. Alex Florea,Spain,ES,0,5,False,success
2017,Romania,Yodel It!,Ilinca feat. Alex Florea,Finland,FI,0,0,False,success
2017,Romania,Yodel It!,Ilinca feat. Alex Florea,France,FR,0,2,False,success
2017,Romania,Yodel It!,Ilinca feat. Alex Florea,United Kingdom,GB,0,3,False,success
2017,Romania,Yodel It!,Ilinca feat. Alex Florea,Georgia,GE,0,0,False,success
2017,Romania,Yodel It!,Ilinca feat. Alex Florea,Greece,GR,0,0,False,success
2017,Romania,Yodel It!,Ilinca feat. Alex Florea,Croatia,HR,0,0,False,success
2017,Romania,Yodel It!,Ilinca feat. Alex Florea,Hungary,HU,0,9,False,success
2017,Romania,Yodel It!,Ilinca feat. Alex Florea,Ireland,IE,0,0,False,success
2017,Romania,Yodel It!,Ilinca feat. Alex Florea,Israel,IL,0,7,False,success
2017,Romania,Yodel It!,Ilinca feat. Alex Florea,Iceland,IS,0,0,False,success
2017,Romania,Yodel It!,Ilinca feat. Alex Florea,Italy,IT,0,3,False,success
2017,Romania,Yodel It!,Ilinca feat. Alex Florea,Lithuania,LT,0,0,False,success
2017,Romania,Yodel It!,Ilinca feat. Alex Florea,Luxembourg,LU,0,0,False,success
2017,Romania,Yodel It!,Ilinca feat. Alex Florea,Latvia,LV,0,0,False,success
2017,Romania,Yodel It!,Ilinca feat. Alex Florea,Moldova,MD,0,24,False,success
2017,Romania,Yodel It!,Ilinca feat. Alex Florea,Montenegro,ME,0,0,False,success
2017,Romania,Yodel It!,Ilinca feat. Alex Florea,North Macedonia,MK,0,0,False,success
2017,Romania,Yodel It!,Ilinca feat. Alex Florea,Malta,MT,0,0,False,success
2017,Romania,Yodel It!,Ilinca feat. Alex Florea,Netherlands,NL,0,16,False,success
2017,Romania,Yodel It!,Ilinca feat. Alex Florea,Norway,NO,0,0,False,success
2017,Romania,Yodel It!,Ilinca feat. Alex Florea,Poland,PL,0,3,False,success
2017,Romania,Yodel It!,Ilinca feat. Alex Florea,Portugal,PT,0,8,False,success
2017,Romania,Yodel It!,Ilinca feat. Alex Florea,Romania,RO,0,100,True,success
2017,Romania,Yodel It!,Ilinca feat. Alex Florea,Serbia,RS,0,0,False,success
2017,Romania,Yodel It!,Ilinca feat. Alex Florea,Russia,RU,0,0,False,success
2017,Romania,Yodel It!,Ilinca feat. Alex Florea,Sweden,SE,0,0,False,success
2017,Romania,Yodel It!,Ilinca feat. Alex Florea,Slovenia,SI,0,0,False,success
2017,Romania,Yodel It!,Ilinca feat. Alex Florea,San Marino,SM,0,0,False,success
2017,Romania,Yodel It!,Ilinca feat. Alex Florea,Ukraine,UA,0,0,False,success
2017,Spain,Do It for Your Lover,Manel Navarro,Albania,AL,0,0,False,success
2017,Spain,Do It for Your Lover,Manel Navarro,Armenia,AM,0,0,False,success
2017,Spain,Do It for Your Lover,Manel Navarro,Austria,AT,0,0,False,success
2017,Spain,Do It for Your Lover,Manel Navarro,Australia,AU,0,0,False,success
2017,Spain,Do It for Your Lover,Manel Navarro,Azerbaijan,AZ,0,0,False,success
2017,Spain,Do It for Your Lover,Manel Navarro,Belgium,BE,0,0,False,success
2017,Spain,Do It for Your Lover,Manel Navarro,Bulgaria,BG,0,0,False,success
2017,Spain,Do It for Your Lover,Manel Navarro,Belarus,BY,0,0,False,success
2017,Spain,Do It for Your Lover,Manel Navarro,Switzerland,CH,0,0,False,success
2017,Spain,Do It for Your Lover,Manel Navarro,Cyprus,CY,0,0,False,success
2017,Spain,Do It for Your Lover,Manel Navarro,Czechia,CZ,0,0,False,success
2017,Spain,Do It for Your Lover,Manel Navarro,Germany,DE,0,0,False,success
2017,Spain,Do It for Your Lover,Manel Navarro,Denmark,DK,0,0,False,success
2017,Spain,Do It for Your Lover,Manel Navarro,Estonia,EE,0,0,False,success
2017,Spain,Do It for Your Lover,Manel Navarro,Spain,ES,0,100,True,success
2017,Spain,Do It for Your Lover,Manel Navarro,Finland,FI,0,0,False,success
2017,Spain,Do It for Your Lover,Manel Navarro,France,FR,0,0,False,success
2017,Spain,Do It for Your Lover,Manel Navarro,United Kingdom,GB,0,0,False,success
2017,Spain,Do It for Your Lover,Manel Navarro,Georgia,GE,0,0,False,success
2017,Spain,Do It for Your Lover,Manel Navarro,Greece,GR,0,0,False,success
2017,Spain,Do It for Your Lover,Manel Navarro,Croatia,HR,0,0,False,success
2017,Spain,Do It for Your Lover,Manel Navarro,Hungary,HU,0,0,False,success
2017,Spain,Do It for Your Lover,Manel Navarro,Ireland,IE,0,0,False,success
2017,Spain,Do It for Your Lover,Manel Navarro,Israel,IL,0,0,False,success
2017,Spain,Do It for Your Lover,Manel Navarro,Iceland,IS,0,0,False,success
2017,Spain,Do It for Your Lover,Manel Navarro,Italy,IT,0,0,False,success
2017,Spain,Do It for Your Lover,Manel Navarro,Lithuania,LT,0,0,False,success
2017,Spain,Do It for Your Lover,Manel Navarro,Luxembourg,LU,0,0,False,success
2017,Spain,Do It for Your Lover,Manel Navarro,Latvia,LV,0,0,False,success
2017,Spain,Do It for Your Lover,Manel Navarro,Moldova,MD,0,0,False,success
2017,Spain,Do It for Your Lover,Manel Navarro,Montenegro,ME,0,0,False,success
2017,Spain,Do It for Your Lover,Manel Navarro,North Macedonia,MK,0,0,False,success
2017,Spain,Do It for Your Lover,Manel Navarro,Malta,MT,0,0,False,success
2017,Spain,Do It for Your Lover,Manel Navarro,Netherlands,NL,0,0,False,success
2017,Spain,Do It for Your Lover,Manel Navarro,Norway,NO,0,0,False,success
2017,Spain,Do It for Your Lover,Manel Navarro,Poland,PL,0,0,False,success
2017,Spain,Do It for Your Lover,Manel Navarro,Portugal,PT,0,0,False,success
2017,Spain,Do It for Your Lover,Manel Navarro,Romania,RO,0,0,False,success
2017,Spain,Do It for Your Lover,Manel Navarro,Serbia,RS,0,0,False,success
2017,Spain,Do It for Your Lover,Manel Navarro,Russia,RU,0,0,False,success
2017,Spain,Do It for Your Lover,Manel Navarro,Sweden,SE,0,0,False,success
2017,Spain,Do It for Your Lover,Manel Navarro,Slovenia,SI,0,0,False,success
2017,Spain,Do It for Your Lover,Manel Navarro,San Marino,SM,0,0,False,success
2017,Spain,Do It for Your Lover,Manel Navarro,Ukraine,UA,0,0,False,success
2017,Sweden,I Can't Go On,Robin Bengtsson,Albania,AL,0,0,False,success
2017,Sweden,I Can't Go On,Robin Bengtsson,Armenia,AM,0,0,False,success
2017,Sweden,I Can't Go On,Robin Bengtsson,Austria,AT,0,0,False,success
2017,Sweden,I Can't Go On,Robin Bengtsson,Australia,AU,0,0,False,success
2017,Sweden,I Can't Go On,Robin Bengtsson,Azerbaijan,AZ,0,0,False,success
2017,Sweden,I Can't Go On,Robin Bengtsson,Belgium,BE,0,0,False,success
2017,Sweden,I Can't Go On,Robin Bengtsson,Bulgaria,BG,0,0,False,success
2017,Sweden,I Can't Go On,Robin Bengtsson,Belarus,BY,0,0,False,success
2017,Sweden,I Can't Go On,Robin Bengtsson,Switzerland,CH,0,0,False,success
2017,Sweden,I Can't Go On,Robin Bengtsson,Cyprus,CY,0,0,False,success
2017,Sweden,I Can't Go On,Robin Bengtsson,Czechia,CZ,0,0,False,success
2017,Sweden,I Can't Go On,Robin Bengtsson,Germany,DE,5,0,False,success
2017,Sweden,I Can't Go On,Robin Bengtsson,Denmark,DK,0,0,False,success
2017,Sweden,I Can't Go On,Robin Bengtsson,Estonia,EE,0,0,False,success
2017,Sweden,I Can't Go On,Robin Bengtsson,Spain,ES,9,0,False,success
2017,Sweden,I Can't Go On,Robin Bengtsson,Finland,FI,0,0,False,success
2017,Sweden,I Can't Go On,Robin Bengtsson,France,FR,0,0,False,success
2017,Sweden,I Can't Go On,Robin Bengtsson,United Kingdom,GB,3,0,False,success
2017,Sweden,I Can't Go On,Robin Bengtsson,Georgia,GE,0,0,False,success
2017,Sweden,I Can't Go On,Robin Bengtsson,Greece,GR,0,0,False,success
2017,Sweden,I Can't Go On,Robin Bengtsson,Croatia,HR,0,0,False,success
2017,Sweden,I Can't Go On,Robin Bengtsson,Hungary,HU,0,0,False,success
2017,Sweden,I Can't Go On,Robin Bengtsson,Ireland,IE,0,0,False,success
2017,Sweden,I Can't Go On,Robin Bengtsson,Israel,IL,0,0,False,success
2017,Sweden,I Can't Go On,Robin Bengtsson,Iceland,IS,0,0,False,success
2017,Sweden,I Can't Go On,Robin Bengtsson,Italy,IT,0,0,False,success
2017,Sweden,I Can't Go On,Robin Bengtsson,Lithuania,LT,0,0,False,success
2017,Sweden,I Can't Go On,Robin Bengtsson,Luxembourg,LU,0,0,False,success
2017,Sweden,I Can't Go On,Robin Bengtsson,Latvia,LV,0,0,False,success
2017,Sweden,I Can't Go On,Robin Bengtsson,Moldova,MD,0,0,False,success
2017,Sweden,I Can't Go On,Robin Bengtsson,Montenegro,ME,0,0,False,success
2017,Sweden,I Can't Go On,Robin Bengtsson,North Macedonia,MK,0,0,False,success
2017,Sweden,I Can't Go On,Robin Bengtsson,Malta,MT,0,0,False,success
2017,Sweden,I Can't Go On,Robin Bengtsson,Netherlands,NL,0,0,False,success
2017,Sweden,I Can't Go On,Robin Bengtsson,Norway,NO,0,0,False,success
2017,Sweden,I Can't Go On,Robin Bengtsson,Poland,PL,14,0,False,success
2017,Sweden,I Can't Go On,Robin Bengtsson,Portugal,PT,0,0,False,success
2017,Sweden,I Can't Go On,Robin Bengtsson,Romania,RO,0,0,False,success
2017,Sweden,I Can't Go On,Robin Bengtsson,Serbia,RS,0,0,False,success
2017,Sweden,I Can't Go On,Robin Bengtsson,Russia,RU,0,0,False,success
2017,Sweden,I Can't Go On,Robin Bengtsson,Sweden,SE,75,0,True,success
2017,Sweden,I Can't Go On,Robin Bengtsson,Slovenia,SI,0,0,False,success
2017,Sweden,I Can't Go On,Robin Bengtsson,San Marino,SM,0,0,False,success
2017,Sweden,I Can't Go On,Robin Bengtsson,Ukraine,UA,28,0,False,success
2017,Ukraine,Time,O.Torvald,Albania,AL,0,25,False,success
2017,Ukraine,Time,O.Torvald,Armenia,AM,0,7,False,success
2017,Ukraine,Time,O.Torvald,Austria,AT,0,30,False,success
2017,Ukraine,Time,O.Torvald,Australia,AU,0,47,False,success
2017,Ukraine,Time,O.Torvald,Azerbaijan,AZ,0,5,False,success
2017,Ukraine,Time,O.Torvald,Belgium,BE,0,25,False,success
2017,Ukraine,Time,O.Torvald,Bulgaria,BG,0,19,False,success
2017,Ukraine,Time,O.Torvald,Belarus,BY,0,4,False,success
2017,Ukraine,Time,O.Torvald,Switzerland,CH,0,24,False,success
2017,Ukraine,Time,O.Torvald,Cyprus,CY,0,25,False,success
2017,Ukraine,Time,O.Torvald,Czechia,CZ,0,22,False,success
2017,Ukraine,Time,O.Torvald,Germany,DE,0,26,False,success
2017,Ukraine,Time,O.Torvald,Denmark,DK,0,37,False,success
2017,Ukraine,Time,O.Torvald,Estonia,EE,0,32,False,success
2017,Ukraine,Time,O.Torvald,Spain,ES,0,18,False,success
2017,Ukraine,Time,O.Torvald,Finland,FI,0,25,False,success
2017,Ukraine,Time,O.Torvald,France,FR,0,19,False,success
2017,Ukraine,Time,O.Torvald,United Kingdom,GB,0,45,False,success
2017,Ukraine,Time,O.Torvald,Georgia,GE,0,15,False,success
2017,Ukraine,Time,O.Torvald,Greece,GR,0,25,False,success
2017,Ukraine,Time,O.Torvald,Croatia,HR,0,27,False,success
2017,Ukraine,Time,O.Torvald,Hungary,HU,0,23,False,success
2017,Ukraine,Time,O.Torvald,Ireland,IE,0,54,False,success
2017,Ukraine,Time,O.Torvald,Israel,IL,0,20,False,success
2017,Ukraine,Time,O.Torvald,Iceland,IS,0,37,False,success
2017,Ukraine,Time,O.Torvald,Italy,IT,0,25,False,success
2017,Ukraine,Time,O.Torvald,Lithuania,LT,0,26,False,success
2017,Ukraine,Time,O.Torvald,Luxembourg,LU,0,29,False,success
2017,Ukraine,Time,O.Torvald,Latvia,LV,0,22,False,success
2017,Ukraine,Time,O.Torvald,Moldova,MD,0,7,False,success
2017,Ukraine,Time,O.Torvald,Montenegro,ME,0,18,False,success
2017,Ukraine,Time,O.Torvald,North Macedonia,MK,0,25,False,success
2017,Ukraine,Time,O.Torvald,Malta,MT,0,50,False,success
2017,Ukraine,Time,O.Torvald,Netherlands,NL,0,25,False,success
2017,Ukraine,Time,O.Torvald,Norway,NO,0,33,False,success
2017,Ukraine,Time,O.Torvald,Poland,PL,0,17,False,success
2017,Ukraine,Time,O.Torvald,Portugal,PT,0,24,False,success
2017,Ukraine,Time,O.Torvald,Romania,RO,0,21,False,success
2017,Ukraine,Time,O.Torvald,Serbia,RS,0,19,False,success
2017,Ukraine,Time,O.Torvald,Russia,RU,0,4,False,success
2017,Ukraine,Time,O.Torvald,Sweden,SE,0,26,False,success
2017,Ukraine,Time,O.Torvald,Slovenia,SI,0,33,False,success
2017,Ukraine,Time,O.Torvald,San Marino,SM,0,0,False,success
2017,Ukraine,Time,O.Torvald,Ukraine,UA,17,5,True,success
2017,United Kingdom,Never Give Up on You,Lucie Jones,Albania,AL,0,0,False,success
2017,United Kingdom,Never Give Up on You,Lucie Jones,Armenia,AM,0,0,False,success
2017,United Kingdom,Never Give Up on You,Lucie Jones,Austria,AT,0,0,False,success
2017,United Kingdom,Never Give Up on You,Lucie Jones,Australia,AU,0,0,False,success
2017,United Kingdom,Never Give Up on You,Lucie Jones,Azerbaijan,AZ,0,0,False,success
2017,United Kingdom,Never Give Up on You,Lucie Jones,Belgium,BE,0,0,False,success
2017,United Kingdom,Never Give Up on You,Lucie Jones,Bulgaria,BG,0,0,False,success
2017,United Kingdom,Never Give Up on You,Lucie Jones,Belarus,BY,0,0,False,success
2017,United Kingdom,Never Give Up on You,Lucie Jones,Switzerland,CH,0,0,False,success
2017,United Kingdom,Never Give Up on You,Lucie Jones,Cyprus,CY,0,0,False,success
2017,United Kingdom,Never Give Up on You,Lucie Jones,Czechia,CZ,0,0,False,success
2017,United Kingdom,Never Give Up on You,Lucie Jones,Germany,DE,0,18,False,success
2017,United Kingdom,Never Give Up on You,Lucie Jones,Denmark,DK,0,0,False,success
2017,United Kingdom,Never Give Up on You,Lucie Jones,Estonia,EE,0,0,False,success
2017,United Kingdom,Never Give Up on You,Lucie Jones,Spain,ES,0,26,False,success
2017,United Kingdom,Never Give Up on You,Lucie Jones,Finland,FI,0,0,False,success
2017,United Kingdom,Never Give Up on You,Lucie Jones,France,FR,0,29,False,success
2017,United Kingdom,Never Give Up on You,Lucie Jones,United Kingdom,GB,100,68,True,success
2017,United Kingdom,Never Give Up on You,Lucie Jones,Georgia,GE,0,0,False,success
2017,United Kingdom,Never Give Up on You,Lucie Jones,Greece,GR,0,0,False,success
2017,United Kingdom,Never Give Up on You,Lucie Jones,Croatia,HR,0,0,False,success
2017,United Kingdom,Never Give Up on You,Lucie Jones,Hungary,HU,0,0,False,success
2017,United Kingdom,Never Give Up on You,Lucie Jones,Ireland,IE,0,0,False,success
2017,United Kingdom,Never Give Up on You,Lucie Jones,Israel,IL,0,0,False,success
2017,United Kingdom,Never Give Up on You,Lucie Jones,Iceland,IS,0,0,False,success
2017,United Kingdom,Never Give Up on You,Lucie Jones,Italy,IT,0,20,False,success
2017,United Kingdom,Never Give Up on You,Lucie Jones,Lithuania,LT,0,0,False,success
2017,United Kingdom,Never Give Up on You,Lucie Jones,Luxembourg,LU,0,0,False,success
2017,United Kingdom,Never Give Up on You,Lucie Jones,Latvia,LV,0,0,False,success
2017,United Kingdom,Never Give Up on You,Lucie Jones,Moldova,MD,0,0,False,success
2017,United Kingdom,Never Give Up on You,Lucie Jones,Montenegro,ME,0,0,False,success
2017,United Kingdom,Never Give Up on You,Lucie Jones,North Macedonia,MK,0,0,False,success
2017,United Kingdom,Never Give Up on You,Lucie Jones,Malta,MT,0,0,False,success
2017,United Kingdom,Never Give Up on You,Lucie Jones,Netherlands,NL,0,0,False,success
2017,United Kingdom,Never Give Up on You,Lucie Jones,Norway,NO,0,0,False,success
2017,United Kingdom,Never Give Up on You,Lucie Jones,Poland,PL,0,16,False,success
2017,United Kingdom,Never Give Up on You,Lucie Jones,Portugal,PT,0,0,False,success
2017,United Kingdom,Never Give Up on You,Lucie Jones,Romania,RO,0,0,False,success
2017,United Kingdom,Never Give Up on You,Lucie Jones,Serbia,RS,0,0,False,success
2017,United Kingdom,Never Give Up on You,Lucie Jones,Russia,RU,0,0,False,success
2017,United Kingdom,Never Give Up on You,Lucie Jones,Sweden,SE,0,0,False,success
2017,United Kingdom,Never Give Up on You,Lucie Jones,Slovenia,SI,0,0,False,success
2017,United Kingdom,Never Give Up on You,Lucie Jones,San Marino,SM,0,0,False,success
2017,United Kingdom,Never Give Up on You,Lucie Jones,Ukraine,UA,0,0,False,success
2018,Albania,Mall,Eugent Bushpepa,Albania,AL,100,100,True,success
2018,Albania,Mall,Eugent Bushpepa,Armenia,AM,0,2,False,success
2018,Albania,Mall,Eugent Bushpepa,Austria,AT,0,2,False,success
2018,Albania,Mall,Eugent Bushpepa,Australia,AU,0,4,False,success
2018,Albania,Mall,Eugent Bushpepa,Azerbaijan,AZ,0,2,False,success
2018,Albania,Mall,Eugent Bushpepa,Belgium,BE,0,3,False,success
2018,Albania,Mall,Eugent Bushpepa,Bulgaria,BG,0,3,False,success
2018,Albania,Mall,Eugent Bushpepa,Belarus,BY,0,1,False,success
2018,Albania,Mall,Eugent Bushpepa,Switzerland,CH,0,3,False,success
2018,Albania,Mall,Eugent Bushpepa,Cyprus,CY,0,3,False,success
2018,Albania,Mall,Eugent Bushpepa,Czechia,CZ,0,3,False,success
2018,Albania,Mall,Eugent Bushpepa,Germany,DE,0,2,False,success
2018,Albania,Mall,Eugent Bushpepa,Denmark,DK,0,3,False,success
2018,Albania,Mall,Eugent Bushpepa,Estonia,EE,0,3,False,success
2018,Albania,Mall,Eugent Bushpepa,Spain,ES,0,1,False,success
2018,Albania,Mall,Eugent Bushpepa,Finland,FI,0,2,False,success
2018,Albania,Mall,Eugent Bushpepa,France,FR,0,1,False,success
2018,Albania,Mall,Eugent Bushpepa,United Kingdom,GB,0,7,False,success
2018,Albania,Mall,Eugent Bushpepa,Georgia,GE,0,2,False,success
2018,Albania,Mall,Eugent Bushpepa,Greece,GR,0,4,False,success
2018,Albania,Mall,Eugent Bushpepa,Croatia,HR,0,4,False,success
2018,Albania,Mall,Eugent Bushpepa,Hungary,HU,0,2,False,success
2018,Albania,Mall,Eugent Bushpepa,Ireland,IE,0,13,False,success
2018,Albania,Mall,Eugent Bushpepa,Israel,IL,0,1,False,success
2018,Albania,Mall,Eugent Bushpepa,Iceland,IS,0,0,False,success
2018,Albania,Mall,Eugent Bushpepa,Italy,IT,0,2,False,success
2018,Albania,Mall,Eugent Bushpepa,Lithuania,LT,0,3,False,success
2018,Albania,Mall,Eugent Bushpepa,Luxembourg,LU,0,0,False,success
2018,Albania,Mall,Eugent Bushpepa,Latvia,LV,0,0,False,success
2018,Albania,Mall,Eugent Bushpepa,Moldova,MD,0,2,False,success
2018,Albania,Mall,Eugent Bushpepa,Montenegro,ME,0,4,False,success
2018,Albania,Mall,Eugent Bushpepa,North Macedonia,MK,0,12,False,success
2018,Albania,Mall,Eugent Bushpepa,Malta,MT,0,5,False,success
2018,Albania,Mall,Eugent Bushpepa,Netherlands,NL,0,3,False,success
2018,Albania,Mall,Eugent Bushpepa,Norway,NO,0,5,False,success
2018,Albania,Mall,Eugent Bushpepa,Poland,PL,0,1,False,success
2018,Albania,Mall,Eugent Bushpepa,Portugal,PT,0,1,False,success
2018,Albania,Mall,Eugent Bushpepa,Romania,RO,0,6,False,success
2018,Albania,Mall,Eugent Bushpepa,Serbia,RS,0,2,False,success
2018,Albania,Mall,Eugent Bushpepa,Russia,RU,0,0,False,success
2018,Albania,Mall,Eugent Bushpepa,Sweden,SE,1,4,False,success
2018,Albania,Mall,Eugent Bushpepa,Slovenia,SI,0,3,False,success
2018,Albania,Mall,Eugent Bushpepa,San Marino,SM,0,0,False,success
2018,Albania,Mall,Eugent Bushpepa,Ukraine,UA,0,1,False,success
2018,Australia,We Got Love,Jessica Mauboy,Albania,AL,0,0,False,success
2018,Australia,We Got Love,Jessica Mauboy,Armenia,AM,0,0,False,success
2018,Australia,We Got Love,Jessica Mauboy,Austria,AT,0,0,False,success
2018,Australia,We Got Love,Jessica Mauboy,Australia,AU,0,0,True,success
2018,Australia,We Got Love,Jessica Mauboy,Azerbaijan,AZ,0,0,False,success
2018,Australia,We Got Love,Jessica Mauboy,Belgium,BE,0,0,False,success
2018,Australia,We Got Love,Jessica Mauboy,Bulgaria,BG,0,0,False,success
2018,Australia,We Got Love,Jessica Mauboy,Belarus,BY,0,0,False,success
2018,Australia,We Got Love,Jessica Mauboy,Switzerland,CH,0,0,False,success
2018,Australia,We Got Love,Jessica Mauboy,Cyprus,CY,0,0,False,success
2018,Australia,We Got Love,Jessica Mauboy,Czechia,CZ,0,0,False,success
2018,Australia,We Got Love,Jessica Mauboy,Germany,DE,0,0,False,success
2018,Australia,We Got Love,Jessica Mauboy,Denmark,DK,0,0,False,success
2018,Australia,We Got Love,Jessica Mauboy,Estonia,EE,0,0,False,success
2018,Australia,We Got Love,Jessica Mauboy,Spain,ES,0,0,False,success
2018,Australia,We Got Love,Jessica Mauboy,Finland,FI,0,0,False,success
2018,Australia,We Got Love,Jessica Mauboy,France,FR,0,0,False,success
2018,Australia,We Got Love,Jessica Mauboy,United Kingdom,GB,0,0,False,success
2018,Australia,We Got Love,Jessica Mauboy,Georgia,GE,0,0,False,success
2018,Australia,We Got Love,Jessica Mauboy,Greece,GR,0,0,False,success
2018,Australia,We Got Love,Jessica Mauboy,Croatia,HR,0,0,False,success
2018,Australia,We Got Love,Jessica Mauboy,Hungary,HU,0,0,False,success
2018,Australia,We Got Love,Jessica Mauboy,Ireland,IE,0,0,False,success
2018,Australia,We Got Love,Jessica Mauboy,Israel,IL,0,0,False,success
2018,Australia,We Got Love,Jessica Mauboy,Iceland,IS,0,0,False,success
2018,Australia,We Got Love,Jessica Mauboy,Italy,IT,0,0,False,success
2018,Australia,We Got Love,Jessica Mauboy,Lithuania,LT,0,0,False,success
2018,Australia,We Got Love,Jessica Mauboy,Luxembourg,LU,0,0,False,success
2018,Australia,We Got Love,Jessica Mauboy,Latvia,LV,0,0,False,success
2018,Australia,We Got Love,Jessica Mauboy,Moldova,MD,0,0,False,success
2018,Australia,We Got Love,Jessica Mauboy,Montenegro,ME,0,0,False,success
2018,Australia,We Got Love,Jessica Mauboy,North Macedonia,MK,0,0,False,success
2018,Australia,We Got Love,Jessica Mauboy,Malta,MT,0,0,False,success
2018,Australia,We Got Love,Jessica Mauboy,Netherlands,NL,0,0,False,success
2018,Australia,We Got Love,Jessica Mauboy,Norway,NO,0,0,False,success
2018,Australia,We Got Love,Jessica Mauboy,Poland,PL,0,0,False,success
2018,Australia,We Got Love,Jessica Mauboy,Portugal,PT,0,0,False,success
2018,Australia,We Got Love,Jessica Mauboy,Romania,RO,0,0,False,success
2018,Australia,We Got Love,Jessica Mauboy,Serbia,RS,0,0,False,success
2018,Australia,We Got Love,Jessica Mauboy,Russia,RU,0,0,False,success
2018,Australia,We Got Love,Jessica Mauboy,Sweden,SE,0,0,False,success
2018,Australia,We Got Love,Jessica Mauboy,Slovenia,SI,0,0,False,success
2018,Australia,We Got Love,Jessica Mauboy,San Marino,SM,0,0,False,success
2018,Australia,We Got Love,Jessica Mauboy,Ukraine,UA,0,0,False,success
2018,Austria,Nobody but You,Cesár Sampson,Albania,AL,0,0,False,success
2018,Austria,Nobody but You,Cesár Sampson,Armenia,AM,0,0,False,success
2018,Austria,Nobody but You,Cesár Sampson,Austria,AT,0,100,True,success
2018,Austria,Nobody but You,Cesár Sampson,Australia,AU,0,6,False,success
2018,Austria,Nobody but You,Cesár Sampson,Azerbaijan,AZ,0,0,False,success
2018,Austria,Nobody but You,Cesár Sampson,Belgium,BE,0,4,False,success
2018,Austria,Nobody but You,Cesár Sampson,Bulgaria,BG,0,6,False,success
2018,Austria,Nobody but You,Cesár Sampson,Belarus,BY,0,0,False,success
2018,Austria,Nobody but You,Cesár Sampson,Switzerland,CH,0,4,False,success
2018,Austria,Nobody but You,Cesár Sampson,Cyprus,CY,0,0,False,success
2018,Austria,Nobody but You,Cesár Sampson,Czechia,CZ,0,3,False,success
2018,Austria,Nobody but You,Cesár Sampson,Germany,DE,0,2,False,success
2018,Austria,Nobody but You,Cesár Sampson,Denmark,DK,0,0,False,success
2018,Austria,Nobody but You,Cesár Sampson,Estonia,EE,0,26,False,success
2018,Austria,Nobody but You,Cesár Sampson,Spain,ES,0,4,False,success
2018,Austria,Nobody but You,Cesár Sampson,Finland,FI,0,7,False,success
2018,Austria,Nobody but You,Cesár Sampson,France,FR,0,2,False,success
2018,Austria,Nobody but You,Cesár Sampson,United Kingdom,GB,0,5,False,success
2018,Austria,Nobody but You,Cesár Sampson,Georgia,GE,0,0,False,success
2018,Austria,Nobody but You,Cesár Sampson,Greece,GR,0,8,False,success
2018,Austria,Nobody but You,Cesár Sampson,Croatia,HR,0,0,False,success
2018,Austria,Nobody but You,Cesár Sampson,Hungary,HU,0,5,False,success
2018,Austria,Nobody but You,Cesár Sampson,Ireland,IE,0,7,False,success
2018,Austria,Nobody but You,Cesár Sampson,Israel,IL,0,3,False,success
2018,Austria,Nobody but You,Cesár Sampson,Iceland,IS,0,53,False,success
2018,Austria,Nobody but You,Cesár Sampson,Italy,IT,0,2,False,success
2018,Austria,Nobody but You,Cesár Sampson,Lithuania,LT,0,22,False,success
2018,Austria,Nobody but You,Cesár Sampson,Luxembourg,LU,0,0,False,success
2018,Austria,Nobody but You,Cesár Sampson,Latvia,LV,0,0,False,success
2018,Austria,Nobody but You,Cesár Sampson,Moldova,MD,0,0,False,success
2018,Austria,Nobody but You,Cesár Sampson,Montenegro,ME,0,0,False,success
2018,Austria,Nobody but You,Cesár Sampson,North Macedonia,MK,0,0,False,success
2018,Austria,Nobody but You,Cesár Sampson,Malta,MT,0,0,False,success
2018,Austria,Nobody but You,Cesár Sampson,Netherlands,NL,0,6,False,success
2018,Austria,Nobody but You,Cesár Sampson,Norway,NO,0,11,False,success
2018,Austria,Nobody but You,Cesár Sampson,Poland,PL,0,4,False,success
2018,Austria,Nobody but You,Cesár Sampson,Portugal,PT,0,8,False,success
2018,Austria,Nobody but You,Cesár Sampson,Romania,RO,0,3,False,success
2018,Austria,Nobody but You,Cesár Sampson,Serbia,RS,0,3,False,success
2018,Austria,Nobody but You,Cesár Sampson,Russia,RU,0,1,False,success
2018,Austria,Nobody but You,Cesár Sampson,Sweden,SE,0,5,False,success
2018,Austria,Nobody but You,Cesár Sampson,Slovenia,SI,0,11,False,success
2018,Austria,Nobody but You,Cesár Sampson,San Marino,SM,0,0,False,success
2018,Austria,Nobody but You,Cesár Sampson,Ukraine,UA,100,2,False,success
2018,Bulgaria,Bones,Equinox,Albania,AL,0,7,False,success
2018,Bulgaria,Bones,Equinox,Armenia,AM,0,5,False,success
2018,Bulgaria,Bones,Equinox,Austria,AT,0,9,False,success
2018,Bulgaria,Bones,Equinox,Australia,AU,0,16,False,success
2018,Bulgaria,Bones,Equinox,Azerbaijan,AZ,0,2,False,success
2018,Bulgaria,Bones,Equinox,Belgium,BE,0,10,False,success
2018,Bulgaria,Bones,Equinox,Bulgaria,BG,100,100,True,success
2018,Bulgaria,Bones,Equinox,Belarus,BY,12,9,False,success
2018,Bulgaria,Bones,Equinox,Switzerland,CH,0,9,False,success
2018,Bulgaria,Bones,Equinox,Cyprus,CY,0,9,False,success
2018,Bulgaria,Bones,Equinox,Czechia,CZ,0,13,False,success
2018,Bulgaria,Bones,Equinox,Germany,DE,1,8,False,success
2018,Bulgaria,Bones,Equinox,Denmark,DK,0,12,False,success
2018,Bulgaria,Bones,Equinox,Estonia,EE,0,29,False,success
2018,Bulgaria,Bones,Equinox,Spain,ES,1,7,False,success
2018,Bulgaria,Bones,Equinox,Finland,FI,0,18,False,success
2018,Bulgaria,Bones,Equinox,France,FR,0,7,False,success
2018,Bulgaria,Bones,Equinox,United Kingdom,GB,0,13,False,success
2018,Bulgaria,Bones,Equinox,Georgia,GE,0,12,False,success
2018,Bulgaria,Bones,Equinox,Greece,GR,0,19,False,success
2018,Bulgaria,Bones,Equinox,Croatia,HR,0,13,False,success
2018,Bulgaria,Bones,Equinox,Hungary,HU,0,12,False,success
2018,Bulgaria,Bones,Equinox,Ireland,IE,0,18,False,success
2018,Bulgaria,Bones,Equinox,Israel,IL,0,6,False,success
2018,Bulgaria,Bones,Equinox,Iceland,IS,0,26,False,success
2018,Bulgaria,Bones,Equinox,Italy,IT,0,5,False,success
2018,Bulgaria,Bones,Equinox,Lithuania,LT,0,39,False,success
2018,Bulgaria,Bones,Equinox,Luxembourg,LU,0,8,False,success
2018,Bulgaria,Bones,Equinox,Latvia,LV,0,25,False,success
2018,Bulgaria,Bones,Equinox,Moldova,MD,0,12,False,success
2018,Bulgaria,Bones,Equinox,Montenegro,ME,0,6,False,success
2018,Bulgaria,Bones,Equinox,North Macedonia,MK,0,13,False,success
2018,Bulgaria,Bones,Equinox,Malta,MT,0,22,False,success
2018,Bulgaria,Bones,Equinox,Netherlands,NL,2,9,False,success
2018,Bulgaria,Bones,Equinox,Norway,NO,0,14,False,success
2018,Bulgaria,Bones,Equinox,Poland,PL,2,15,False,success
2018,Bulgaria,Bones,Equinox,Portugal,PT,0,10,False,success
2018,Bulgaria,Bones,Equinox,Romania,RO,0,9,False,success
2018,Bulgaria,Bones,Equinox,Serbia,RS,0,9,False,success
2018,Bulgaria,Bones,Equinox,Russia,RU,3,5,False,success
2018,Bulgaria,Bones,Equinox,Sweden,SE,0,10,False,success
2018,Bulgaria,Bones,Equinox,Slovenia,SI,0,14,False,success
2018,Bulgaria,Bones,Equinox,San Marino,SM,0,0,False,success
2018,Bulgaria,Bones,Equinox,Ukraine,UA,8,10,False,success
2018,Cyprus,Fuego,Eleni Foureira,Albania,AL,0,16,False,success
2018,Cyprus,Fuego,Eleni Foureira,Armenia,AM,0,1,False,success
2018,Cyprus,Fuego,Eleni Foureira,Austria,AT,0,2,False,success
2018,Cyprus,Fuego,Eleni Foureira,Australia,AU,0,1,False,success
2018,Cyprus,Fuego,Eleni Foureira,Azerbaijan,AZ,0,0,False,success
2018,Cyprus,Fuego,Eleni Foureira,Belgium,BE,0,3,False,success
2018,Cyprus,Fuego,Eleni Foureira,Bulgaria,BG,0,2,False,success
2018,Cyprus,Fuego,Eleni Foureira,Belarus,BY,0,0,False,success
2018,Cyprus,Fuego,Eleni Foureira,Switzerland,CH,0,3,False,success
2018,Cyprus,Fuego,Eleni Foureira,Cyprus,CY,100,100,True,success
2018,Cyprus,Fuego,Eleni Foureira,Czechia,CZ,0,1,False,success
2018,Cyprus,Fuego,Eleni Foureira,Germany,DE,2,2,False,success
2018,Cyprus,Fuego,Eleni Foureira,Denmark,DK,0,2,False,success
2018,Cyprus,Fuego,Eleni Foureira,Estonia,EE,0,5,False,success
2018,Cyprus,Fuego,Eleni Foureira,Spain,ES,11,27,False,success
2018,Cyprus,Fuego,Eleni Foureira,Finland,FI,0,2,False,success
2018,Cyprus,Fuego,Eleni Foureira,France,FR,0,2,False,success
2018,Cyprus,Fuego,Eleni Foureira,United Kingdom,GB,1,1,False,success
2018,Cyprus,Fuego,Eleni Foureira,Georgia,GE,0,0,False,success
2018,Cyprus,Fuego,Eleni Foureira,Greece,GR,11,67,False,success
2018,Cyprus,Fuego,Eleni Foureira,Croatia,HR,0,4,False,success
2018,Cyprus,Fuego,Eleni Foureira,Hungary,HU,0,1,False,success
2018,Cyprus,Fuego,Eleni Foureira,Ireland,IE,0,1,False,success
2018,Cyprus,Fuego,Eleni Foureira,Israel,IL,0,3,False,success
2018,Cyprus,Fuego,Eleni Foureira,Iceland,IS,0,3,False,success
2018,Cyprus,Fuego,Eleni Foureira,Italy,IT,1,2,False,success
2018,Cyprus,Fuego,Eleni Foureira,Lithuania,LT,0,5,False,success
2018,Cyprus,Fuego,Eleni Foureira,Luxembourg,LU,0,4,False,success
2018,Cyprus,Fuego,Eleni Foureira,Latvia,LV,0,1,False,success
2018,Cyprus,Fuego,Eleni Foureira,Moldova,MD,0,4,False,success
2018,Cyprus,Fuego,Eleni Foureira,Montenegro,ME,0,1,False,success
2018,Cyprus,Fuego,Eleni Foureira,North Macedonia,MK,0,8,False,success
2018,Cyprus,Fuego,Eleni Foureira,Malta,MT,0,8,False,success
2018,Cyprus,Fuego,Eleni Foureira,Netherlands,NL,2,3,False,success
2018,Cyprus,Fuego,Eleni Foureira,Norway,NO,0,2,False,success
2018,Cyprus,Fuego,Eleni Foureira,Poland,PL,2,1,False,success
2018,Cyprus,Fuego,Eleni Foureira,Portugal,PT,8,5,False,success
2018,Cyprus,Fuego,Eleni Foureira,Romania,RO,0,6,False,success
2018,Cyprus,Fuego,Eleni Foureira,Serbia,RS,0,2,False,success
2018,Cyprus,Fuego,Eleni Foureira,Russia,RU,1,0,False,success
2018,Cyprus,Fuego,Eleni Foureira,Sweden,SE,0,2,False,success
2018,Cyprus,Fuego,Eleni Foureira,Slovenia,SI,0,3,False,success
2018,Cyprus,Fuego,Eleni Foureira,San Marino,SM,0,0,False,success
2018,Cyprus,Fuego,Eleni Foureira,Ukraine,UA,3,0,False,success
2018,Czechia,Lie to Me,Mikolas Josef,Albania,AL,0,7,False,success
2018,Czechia,Lie to Me,Mikolas Josef,Armenia,AM,0,5,False,success
2018,Czechia,Lie to Me,Mikolas Josef,Austria,AT,0,16,False,success
2018,Czechia,Lie to Me,Mikolas Josef,Australia,AU,0,4,False,success
2018,Czechia,Lie to Me,Mikolas Josef,Azerbaijan,AZ,0,2,False,success
2018,Czechia,Lie to Me,Mikolas Josef,Belgium,BE,0,11,False,success
2018,Czechia,Lie to Me,Mikolas Josef,Bulgaria,BG,0,7,False,success
2018,Czechia,Lie to Me,Mikolas Josef,Belarus,BY,0,3,False,success
2018,Czechia,Lie to Me,Mikolas Josef,Switzerland,CH,0,6,False,success
2018,Czechia,Lie to Me,Mikolas Josef,Cyprus,CY,0,32,False,success
2018,Czechia,Lie to Me,Mikolas Josef,Czechia,CZ,1,38,True,success
2018,Czechia,Lie to Me,Mikolas Josef,Germany,DE,0,7,False,success
2018,Czechia,Lie to Me,Mikolas Josef,Denmark,DK,0,12,False,success
2018,Czechia,Lie to Me,Mikolas Josef,Estonia,EE,0,35,False,success
2018,Czechia,Lie to Me,Mikolas Josef,Spain,ES,0,22,False,success
2018,Czechia,Lie to Me,Mikolas Josef,Finland,FI,0,15,False,success
2018,Czechia,Lie to Me,Mikolas Josef,France,FR,0,2,False,success
2018,Czechia,Lie to Me,Mikolas Josef,United Kingdom,GB,0,4,False,success
2018,Czechia,Lie to Me,Mikolas Josef,Georgia,GE,0,3,False,success
2018,Czechia,Lie to Me,Mikolas Josef,Greece,GR,0,40,False,success
2018,Czechia,Lie to Me,Mikolas Josef,Croatia,HR,0,13,False,success
2018,Czechia,Lie to Me,Mikolas Josef,Hungary,HU,0,7,False,success
2018,Czechia,Lie to Me,Mikolas Josef,Ireland,IE,0,8,False,success
2018,Czechia,Lie to Me,Mikolas Josef,Israel,IL,0,25,False,success
2018,Czechia,Lie to Me,Mikolas Josef,Iceland,IS,0,100,False,success
2018,Czechia,Lie to Me,Mikolas Josef,Italy,IT,0,4,False,success
2018,Czechia,Lie to Me,Mikolas Josef,Lithuania,LT,0,60,False,success
2018,Czechia,Lie to Me,Mikolas Josef,Luxembourg,LU,0,0,False,success
2018,Czechia,Lie to Me,Mikolas Josef,Latvia,LV,0,11,False,success
2018,Czechia,Lie to Me,Mikolas Josef,Moldova,MD,0,5,False,success
2018,Czechia,Lie to Me,Mikolas Josef,Montenegro,ME,0,0,False,success
2018,Czechia,Lie to Me,Mikolas Josef,North Macedonia,MK,0,13,False,success
2018,Czechia,Lie to Me,Mikolas Josef,Malta,MT,0,26,False,success
2018,Czechia,Lie to Me,Mikolas Josef,Netherlands,NL,0,10,False,success
2018,Czechia,Lie to Me,Mikolas Josef,Norway,NO,0,11,False,success
2018,Czechia,Lie to Me,Mikolas Josef,Poland,PL,0,7,False,success
2018,Czechia,Lie to Me,Mikolas Josef,Portugal,PT,0,12,False,success
2018,Czechia,Lie to Me,Mikolas Josef,Romania,RO,0,8,False,success
2018,Czechia,Lie to Me,Mikolas Josef,Serbia,RS,0,7,False,success
2018,Czechia,Lie to Me,Mikolas Josef,Russia,RU,0,1,False,success
2018,Czechia,Lie to Me,Mikolas Josef,Sweden,SE,0,13,False,success
2018,Czechia,Lie to Me,Mikolas Josef,Slovenia,SI,0,20,False,success
2018,Czechia,Lie to Me,Mikolas Josef,San Marino,SM,0,0,False,success
2018,Czechia,Lie to Me,Mikolas Josef,Ukraine,UA,0,6,False,success
2018,Denmark,Higher Ground,Rasmussen,Albania,AL,0,0,False,success
2018,Denmark,Higher Ground,Rasmussen,Armenia,AM,0,0,False,success
2018,Denmark,Higher Ground,Rasmussen,Austria,AT,0,4,False,success
2018,Denmark,Higher Ground,Rasmussen,Australia,AU,0,2,False,success
2018,Denmark,Higher Ground,Rasmussen,Azerbaijan,AZ,0,0,False,success
2018,Denmark,Higher Ground,Rasmussen,Belgium,BE,0,2,False,success
2018,Denmark,Higher Ground,Rasmussen,Bulgaria,BG,0,0,False,success
2018,Denmark,Higher Ground,Rasmussen,Belarus,BY,0,0,False,success
2018,Denmark,Higher Ground,Rasmussen,Switzerland,CH,0,2,False,success
2018,Denmark,Higher Ground,Rasmussen,Cyprus,CY,0,0,False,success
2018,Denmark,Higher Ground,Rasmussen,Czechia,CZ,0,1,False,success
2018,Denmark,Higher Ground,Rasmussen,Germany,DE,0,1,False,success
2018,Denmark,Higher Ground,Rasmussen,Denmark,DK,2,100,True,success
2018,Denmark,Higher Ground,Rasmussen,Estonia,EE,0,0,False,success
2018,Denmark,Higher Ground,Rasmussen,Spain,ES,0,1,False,success
2018,Denmark,Higher Ground,Rasmussen,Finland,FI,0,4,False,success
2018,Denmark,Higher Ground,Rasmussen,France,FR,0,1,False,success
2018,Denmark,Higher Ground,Rasmussen,United Kingdom,GB,0,2,False,success
2018,Denmark,Higher Ground,Rasmussen,Georgia,GE,0,0,False,success
2018,Denmark,Higher Ground,Rasmussen,Greece,GR,0,3,False,success
2018,Denmark,Higher Ground,Rasmussen,Croatia,HR,0,3,False,success
2018,Denmark,Higher Ground,Rasmussen,Hungary,HU,0,3,False,success
2018,Denmark,Higher Ground,Rasmussen,Ireland,IE,0,3,False,success
2018,Denmark,Higher Ground,Rasmussen,Israel,IL,0,1,False,success
2018,Denmark,Higher Ground,Rasmussen,Iceland,IS,0,0,False,success
2018,Denmark,Higher Ground,Rasmussen,Italy,IT,0,2,False,success
2018,Denmark,Higher Ground,Rasmussen,Lithuania,LT,0,4,False,success
2018,Denmark,Higher Ground,Rasmussen,Luxembourg,LU,0,0,False,success
2018,Denmark,Higher Ground,Rasmussen,Latvia,LV,0,0,False,success
2018,Denmark,Higher Ground,Rasmussen,Moldova,MD,0,0,False,success
2018,Denmark,Higher Ground,Rasmussen,Montenegro,ME,0,0,False,success
2018,Denmark,Higher Ground,Rasmussen,North Macedonia,MK,0,0,False,success
2018,Denmark,Higher Ground,Rasmussen,Malta,MT,0,0,False,success
2018,Denmark,Higher Ground,Rasmussen,Netherlands,NL,0,4,False,success
2018,Denmark,Higher Ground,Rasmussen,Norway,NO,0,4,False,success
2018,Denmark,Higher Ground,Rasmussen,Poland,PL,0,2,False,success
2018,Denmark,Higher Ground,Rasmussen,Portugal,PT,0,2,False,success
2018,Denmark,Higher Ground,Rasmussen,Romania,RO,0,1,False,success
2018,Denmark,Higher Ground,Rasmussen,Serbia,RS,0,2,False,success
2018,Denmark,Higher Ground,Rasmussen,Russia,RU,0,0,False,success
2018,Denmark,Higher Ground,Rasmussen,Sweden,SE,0,5,False,success
2018,Denmark,Higher Ground,Rasmussen,Slovenia,SI,0,0,False,success
2018,Denmark,Higher Ground,Rasmussen,San Marino,SM,0,0,False,success
2018,Denmark,Higher Ground,Rasmussen,Ukraine,UA,0,1,False,success
2018,Estonia,La forza,Elina Nechayeva,Albania,AL,0,0,False,success
2018,Estonia,La forza,Elina Nechayeva,Armenia,AM,0,0,False,success
2018,Estonia,La forza,Elina Nechayeva,Austria,AT,0,0,False,success
2018,Estonia,La forza,Elina Nechayeva,Australia,AU,0,0,False,success
2018,Estonia,La forza,Elina Nechayeva,Azerbaijan,AZ,0,0,False,success
2018,Estonia,La forza,Elina Nechayeva,Belgium,BE,0,1,False,success
2018,Estonia,La forza,Elina Nechayeva,Bulgaria,BG,0,1,False,success
2018,Estonia,La forza,Elina Nechayeva,Belarus,BY,0,0,False,success
2018,Estonia,La forza,Elina Nechayeva,Switzerland,CH,0,1,False,success
2018,Estonia,La forza,Elina Nechayeva,Cyprus,CY,0,0,False,success
2018,Estonia,La forza,Elina Nechayeva,Czechia,CZ,0,0,False,success
2018,Estonia,La forza,Elina Nechayeva,Germany,DE,0,0,False,success
2018,Estonia,La forza,Elina Nechayeva,Denmark,DK,0,0,False,success
2018,Estonia,La forza,Elina Nechayeva,Estonia,EE,0,100,True,success
2018,Estonia,La forza,Elina Nechayeva,Spain,ES,0,1,False,success
2018,Estonia,La forza,Elina Nechayeva,Finland,FI,0,3,False,success
2018,Estonia,La forza,Elina Nechayeva,France,FR,0,0,False,success
2018,Estonia,La forza,Elina Nechayeva,United Kingdom,GB,0,0,False,success
2018,Estonia,La forza,Elina Nechayeva,Georgia,GE,0,0,False,success
2018,Estonia,La forza,Elina Nechayeva,Greece,GR,0,1,False,success
2018,Estonia,La forza,Elina Nechayeva,Croatia,HR,0,1,False,success
2018,Estonia,La forza,Elina Nechayeva,Hungary,HU,0,0,False,success
2018,Estonia,La forza,Elina Nechayeva,Ireland,IE,0,0,False,success
2018,Estonia,La forza,Elina Nechayeva,Israel,IL,0,1,False,success
2018,Estonia,La forza,Elina Nechayeva,Iceland,IS,0,0,False,success
2018,Estonia,La forza,Elina Nechayeva,Italy,IT,0,5,False,success
2018,Estonia,La forza,Elina Nechayeva,Lithuania,LT,0,2,False,success
2018,Estonia,La forza,Elina Nechayeva,Luxembourg,LU,0,0,False,success
2018,Estonia,La forza,Elina Nechayeva,Latvia,LV,0,0,False,success
2018,Estonia,La forza,Elina Nechayeva,Moldova,MD,0,0,False,success
2018,Estonia,La forza,Elina Nechayeva,Montenegro,ME,0,0,False,success
2018,Estonia,La forza,Elina Nechayeva,North Macedonia,MK,0,0,False,success
2018,Estonia,La forza,Elina Nechayeva,Malta,MT,0,6,False,success
2018,Estonia,La forza,Elina Nechayeva,Netherlands,NL,0,0,False,success
2018,Estonia,La forza,Elina Nechayeva,Norway,NO,0,1,False,success
2018,Estonia,La forza,Elina Nechayeva,Poland,PL,0,0,False,success
2018,Estonia,La forza,Elina Nechayeva,Portugal,PT,0,1,False,success
2018,Estonia,La forza,Elina Nechayeva,Romania,RO,0,0,False,success
2018,Estonia,La forza,Elina Nechayeva,Serbia,RS,0,0,False,success
2018,Estonia,La forza,Elina Nechayeva,Russia,RU,0,0,False,success
2018,Estonia,La forza,Elina Nechayeva,Sweden,SE,0,0,False,success
2018,Estonia,La forza,Elina Nechayeva,Slovenia,SI,0,0,False,success
2018,Estonia,La forza,Elina Nechayeva,San Marino,SM,0,0,False,success
2018,Estonia,La forza,Elina Nechayeva,Ukraine,UA,0,0,False,success
2018,Finland,Monsters,Saara Aalto,Albania,AL,0,5,False,success
2018,Finland,Monsters,Saara Aalto,Armenia,AM,0,2,False,success
2018,Finland,Monsters,Saara Aalto,Austria,AT,0,7,False,success
2018,Finland,Monsters,Saara Aalto,Australia,AU,0,15,False,success
2018,Finland,Monsters,Saara Aalto,Azerbaijan,AZ,0,1,False,success
2018,Finland,Monsters,Saara Aalto,Belgium,BE,0,7,False,success
2018,Finland,Monsters,Saara Aalto,Bulgaria,BG,0,6,False,success
2018,Finland,Monsters,Saara Aalto,Belarus,BY,0,2,False,success
2018,Finland,Monsters,Saara Aalto,Switzerland,CH,0,5,False,success
2018,Finland,Monsters,Saara Aalto,Cyprus,CY,0,6,False,success
2018,Finland,Monsters,Saara Aalto,Czechia,CZ,0,9,False,success
2018,Finland,Monsters,Saara Aalto,Germany,DE,0,6,False,success
2018,Finland,Monsters,Saara Aalto,Denmark,DK,0,11,False,success
2018,Finland,Monsters,Saara Aalto,Estonia,EE,0,18,False,success
2018,Finland,Monsters,Saara Aalto,Spain,ES,1,6,False,success
2018,Finland,Monsters,Saara Aalto,Finland,FI,100,100,True,success
2018,Finland,Monsters,Saara Aalto,France,FR,0,3,False,success
2018,Finland,Monsters,Saara Aalto,United Kingdom,GB,1,14,False,success
2018,Finland,Monsters,Saara Aalto,Georgia,GE,0,4,False,success
2018,Finland,Monsters,Saara Aalto,Greece,GR,0,8,False,success
2018,Finland,Monsters,Saara Aalto,Croatia,HR,0,8,False,success
2018,Finland,Monsters,Saara Aalto,Hungary,HU,0,8,False,success
2018,Finland,Monsters,Saara Aalto,Ireland,IE,0,16,False,success
2018,Finland,Monsters,Saara Aalto,Israel,IL,0,4,False,success
2018,Finland,Monsters,Saara Aalto,Iceland,IS,0,32,False,success
2018,Finland,Monsters,Saara Aalto,Italy,IT,0,6,False,success
2018,Finland,Monsters,Saara Aalto,Lithuania,LT,0,13,False,success
2018,Finland,Monsters,Saara Aalto,Luxembourg,LU,0,0,False,success
2018,Finland,Monsters,Saara Aalto,Latvia,LV,0,6,False,success
2018,Finland,Monsters,Saara Aalto,Moldova,MD,0,3,False,success
2018,Finland,Monsters,Saara Aalto,Montenegro,ME,0,4,False,success
2018,Finland,Monsters,Saara Aalto,North Macedonia,MK,0,4,False,success
2018,Finland,Monsters,Saara Aalto,Malta,MT,0,18,False,success
2018,Finland,Monsters,Saara Aalto,Netherlands,NL,0,8,False,success
2018,Finland,Monsters,Saara Aalto,Norway,NO,0,10,False,success
2018,Finland,Monsters,Saara Aalto,Poland,PL,0,5,False,success
2018,Finland,Monsters,Saara Aalto,Portugal,PT,0,7,False,success
2018,Finland,Monsters,Saara Aalto,Romania,RO,0,6,False,success
2018,Finland,Monsters,Saara Aalto,Serbia,RS,0,5,False,success
2018,Finland,Monsters,Saara Aalto,Russia,RU,0,2,False,success
2018,Finland,Monsters,Saara Aalto,Sweden,SE,3,10,False,success
2018,Finland,Monsters,Saara Aalto,Slovenia,SI,0,10,False,success
2018,Finland,Monsters,Saara Aalto,San Marino,SM,0,0,False,success
2018,Finland,Monsters,Saara Aalto,Ukraine,UA,1,2,False,success
2018,France,Mercy,Madame Monsieur,Albania,AL,0,7,False,success
2018,France,Mercy,Madame Monsieur,Armenia,AM,0,2,False,success
2018,France,Mercy,Madame Monsieur,Austria,AT,0,9,False,success
2018,France,Mercy,Madame Monsieur,Australia,AU,0,10,False,success
2018,France,Mercy,Madame Monsieur,Azerbaijan,AZ,0,1,False,success
2018,France,Mercy,Madame Monsieur,Belgium,BE,1,15,False,success
2018,France,Mercy,Madame Monsieur,Bulgaria,BG,0,9,False,success
2018,France,Mercy,Madame Monsieur,Belarus,BY,0,1,False,success
2018,France,Mercy,Madame Monsieur,Switzerland,CH,0,9,False,success
2018,France,Mercy,Madame Monsieur,Cyprus,CY,0,9,False,success
2018,France,Mercy,Madame Monsieur,Czechia,CZ,0,7,False,success
2018,France,Mercy,Madame Monsieur,Germany,DE,0,7,False,success
2018,France,Mercy,Madame Monsieur,Denmark,DK,0,8,False,success
2018,France,Mercy,Madame Monsieur,Estonia,EE,0,9,False,success
2018,France,Mercy,Madame Monsieur,Spain,ES,1,7,False,success
2018,France,Mercy,Madame Monsieur,Finland,FI,0,8,False,success
2018,France,Mercy,Madame Monsieur,France,FR,5,21,True,success
2018,France,Mercy,Madame Monsieur,United Kingdom,GB,0,9,False,success
2018,France,Mercy,Madame Monsieur,Georgia,GE,0,4,False,success
2018,France,Mercy,Madame Monsieur,Greece,GR,0,10,False,success
2018,France,Mercy,Madame Monsieur,Croatia,HR,0,8,False,success
2018,France,Mercy,Madame Monsieur,Hungary,HU,0,9,False,success
2018,France,Mercy,Madame Monsieur,Ireland,IE,1,11,False,success
2018,France,Mercy,Madame Monsieur,Israel,IL,0,6,False,success
2018,France,Mercy,Madame Monsieur,Iceland,IS,0,12,False,success
2018,France,Mercy,Madame Monsieur,Italy,IT,0,5,False,success
2018,France,Mercy,Madame Monsieur,Lithuania,LT,0,12,False,success
2018,France,Mercy,Madame Monsieur,Luxembourg,LU,0,11,False,success
2018,France,Mercy,Madame Monsieur,Latvia,LV,0,6,False,success
2018,France,Mercy,Madame Monsieur,Moldova,MD,0,2,False,success
2018,France,Mercy,Madame Monsieur,Montenegro,ME,0,6,False,success
2018,France,Mercy,Madame Monsieur,North Macedonia,MK,0,6,False,success
2018,France,Mercy,Madame Monsieur,Malta,MT,0,12,False,success
2018,France,Mercy,Madame Monsieur,Netherlands,NL,0,8,False,success
2018,France,Mercy,Madame Monsieur,Norway,NO,1,9,False,success
2018,France,Mercy,Madame Monsieur,Poland,PL,0,7,False,success
2018,France,Mercy,Madame Monsieur,Portugal,PT,1,9,False,success
2018,France,Mercy,Madame Monsieur,Romania,RO,0,7,False,success
2018,France,Mercy,Madame Monsieur,Serbia,RS,0,5,False,success
2018,France,Mercy,Madame Monsieur,Russia,RU,0,1,False,success
2018,France,Mercy,Madame Monsieur,Sweden,SE,0,8,False,success
2018,France,Mercy,Madame Monsieur,Slovenia,SI,0,10,False,success
2018,France,Mercy,Madame Monsieur,San Marino,SM,0,0,False,success
2018,France,Mercy,Madame Monsieur,Ukraine,UA,1,2,False,success
2018,Germany,You Let Me Walk Alone,Michael Schulte,Albania,AL,0,0,False,success
2018,Germany,You Let Me Walk Alone,Michael Schulte,Armenia,AM,0,0,False,success
2018,Germany,You Let Me Walk Alone,Michael Schulte,Austria,AT,0,2,False,success
2018,Germany,You Let Me Walk Alone,Michael Schulte,Australia,AU,0,0,False,success
2018,Germany,You Let Me Walk Alone,Michael Schulte,Azerbaijan,AZ,0,0,False,success
2018,Germany,You Let Me Walk Alone,Michael Schulte,Belgium,BE,0,0,False,success
2018,Germany,You Let Me Walk Alone,Michael Schulte,Bulgaria,BG,0,0,False,success
2018,Germany,You Let Me Walk Alone,Michael Schulte,Belarus,BY,0,0,False,success
2018,Germany,You Let Me Walk Alone,Michael Schulte,Switzerland,CH,0,0,False,success
2018,Germany,You Let Me Walk Alone,Michael Schulte,Cyprus,CY,0,4,False,success
2018,Germany,You Let Me Walk Alone,Michael Schulte,Czechia,CZ,0,0,False,success
2018,Germany,You Let Me Walk Alone,Michael Schulte,Germany,DE,100,7,True,success
2018,Germany,You Let Me Walk Alone,Michael Schulte,Denmark,DK,0,1,False,success
2018,Germany,You Let Me Walk Alone,Michael Schulte,Estonia,EE,0,0,False,success
2018,Germany,You Let Me Walk Alone,Michael Schulte,Spain,ES,0,1,False,success
2018,Germany,You Let Me Walk Alone,Michael Schulte,Finland,FI,0,1,False,success
2018,Germany,You Let Me Walk Alone,Michael Schulte,France,FR,0,0,False,success
2018,Germany,You Let Me Walk Alone,Michael Schulte,United Kingdom,GB,0,0,False,success
2018,Germany,You Let Me Walk Alone,Michael Schulte,Georgia,GE,0,0,False,success
2018,Germany,You Let Me Walk Alone,Michael Schulte,Greece,GR,0,1,False,success
2018,Germany,You Let Me Walk Alone,Michael Schulte,Croatia,HR,0,0,False,success
2018,Germany,You Let Me Walk Alone,Michael Schulte,Hungary,HU,0,0,False,success
2018,Germany,You Let Me Walk Alone,Michael Schulte,Ireland,IE,0,0,False,success
2018,Germany,You Let Me Walk Alone,Michael Schulte,Israel,IL,0,1,False,success
2018,Germany,You Let Me Walk Alone,Michael Schulte,Iceland,IS,0,0,False,success
2018,Germany,You Let Me Walk Alone,Michael Schulte,Italy,IT,0,1,False,success
2018,Germany,You Let Me Walk Alone,Michael Schulte,Lithuania,LT,0,0,False,success
2018,Germany,You Let Me Walk Alone,Michael Schulte,Luxembourg,LU,0,0,False,success
2018,Germany,You Let Me Walk Alone,Michael Schulte,Latvia,LV,0,0,False,success
2018,Germany,You Let Me Walk Alone,Michael Schulte,Moldova,MD,0,0,False,success
2018,Germany,You Let Me Walk Alone,Michael Schulte,Montenegro,ME,0,0,False,success
2018,Germany,You Let Me Walk Alone,Michael Schulte,North Macedonia,MK,0,0,False,success
2018,Germany,You Let Me Walk Alone,Michael Schulte,Malta,MT,0,0,False,success
2018,Germany,You Let Me Walk Alone,Michael Schulte,Netherlands,NL,0,1,False,success
2018,Germany,You Let Me Walk Alone,Michael Schulte,Norway,NO,0,0,False,success
2018,Germany,You Let Me Walk Alone,Michael Schulte,Poland,PL,0,1,False,success
2018,Germany,You Let Me Walk Alone,Michael Schulte,Portugal,PT,0,3,False,success
2018,Germany,You Let Me Walk Alone,Michael Schulte,Romania,RO,0,0,False,success
2018,Germany,You Let Me Walk Alone,Michael Schulte,Serbia,RS,0,0,False,success
2018,Germany,You Let Me Walk Alone,Michael Schulte,Russia,RU,0,0,False,success
2018,Germany,You Let Me Walk Alone,Michael Schulte,Sweden,SE,0,1,False,success
2018,Germany,You Let Me Walk Alone,Michael Schulte,Slovenia,SI,0,0,False,success
2018,Germany,You Let Me Walk Alone,Michael Schulte,San Marino,SM,0,0,False,success
2018,Germany,You Let Me Walk Alone,Michael Schulte,Ukraine,UA,0,0,False,success
2018,Hungary,Viszlát nyár,AWS,Albania,AL,0,0,False,success
2018,Hungary,Viszlát nyár,AWS,Armenia,AM,0,0,False,success
2018,Hungary,Viszlát nyár,AWS,Austria,AT,0,2,False,success
2018,Hungary,Viszlát nyár,AWS,Australia,AU,0,0,False,success
2018,Hungary,Viszlát nyár,AWS,Azerbaijan,AZ,0,0,False,success
2018,Hungary,Viszlát nyár,AWS,Belgium,BE,0,1,False,success
2018,Hungary,Viszlát nyár,AWS,Bulgaria,BG,0,0,False,success
2018,Hungary,Viszlát nyár,AWS,Belarus,BY,0,0,False,success
2018,Hungary,Viszlát nyár,AWS,Switzerland,CH,0,0,False,success
2018,Hungary,Viszlát nyár,AWS,Cyprus,CY,0,0,False,success
2018,Hungary,Viszlát nyár,AWS,Czechia,CZ,0,0,False,success
2018,Hungary,Viszlát nyár,AWS,Germany,DE,1,0,False,success
2018,Hungary,Viszlát nyár,AWS,Denmark,DK,0,0,False,success
2018,Hungary,Viszlát nyár,AWS,Estonia,EE,0,0,False,success
2018,Hungary,Viszlát nyár,AWS,Spain,ES,0,0,False,success
2018,Hungary,Viszlát nyár,AWS,Finland,FI,0,2,False,success
2018,Hungary,Viszlát nyár,AWS,France,FR,0,0,False,success
2018,Hungary,Viszlát nyár,AWS,United Kingdom,GB,0,0,False,success
2018,Hungary,Viszlát nyár,AWS,Georgia,GE,0,0,False,success
2018,Hungary,Viszlát nyár,AWS,Greece,GR,0,1,False,success
2018,Hungary,Viszlát nyár,AWS,Croatia,HR,0,0,False,success
2018,Hungary,Viszlát nyár,AWS,Hungary,HU,39,100,True,success
2018,Hungary,Viszlát nyár,AWS,Ireland,IE,0,0,False,success
2018,Hungary,Viszlát nyár,AWS,Israel,IL,0,0,False,success
2018,Hungary,Viszlát nyár,AWS,Iceland,IS,0,0,False,success
2018,Hungary,Viszlát nyár,AWS,Italy,IT,0,0,False,success
2018,Hungary,Viszlát nyár,AWS,Lithuania,LT,0,0,False,success
2018,Hungary,Viszlát nyár,AWS,Luxembourg,LU,0,0,False,success
2018,Hungary,Viszlát nyár,AWS,Latvia,LV,0,0,False,success
2018,Hungary,Viszlát nyár,AWS,Moldova,MD,0,0,False,success
2018,Hungary,Viszlát nyár,AWS,Montenegro,ME,0,0,False,success
2018,Hungary,Viszlát nyár,AWS,North Macedonia,MK,0,0,False,success
2018,Hungary,Viszlát nyár,AWS,Malta,MT,0,0,False,success
2018,Hungary,Viszlát nyár,AWS,Netherlands,NL,0,1,False,success
2018,Hungary,Viszlát nyár,AWS,Norway,NO,0,0,False,success
2018,Hungary,Viszlát nyár,AWS,Poland,PL,1,1,False,success
2018,Hungary,Viszlát nyár,AWS,Portugal,PT,0,1,False,success
2018,Hungary,Viszlát nyár,AWS,Romania,RO,0,2,False,success
2018,Hungary,Viszlát nyár,AWS,Serbia,RS,0,2,False,success
2018,Hungary,Viszlát nyár,AWS,Russia,RU,1,0,False,success
2018,Hungary,Viszlát nyár,AWS,Sweden,SE,0,0,False,success
2018,Hungary,Viszlát nyár,AWS,Slovenia,SI,0,0,False,success
2018,Hungary,Viszlát nyár,AWS,San Marino,SM,0,0,False,success
2018,Hungary,Viszlát nyár,AWS,Ukraine,UA,0,1,False,success
2018,Ireland,Together,Ryan O'Shaughnessy,Albania,AL,0,20,False,success
2018,Ireland,Together,Ryan O'Shaughnessy,Armenia,AM,0,4,False,success
2018,Ireland,Together,Ryan O'Shaughnessy,Austria,AT,0,27,False,success
2018,Ireland,Together,Ryan O'Shaughnessy,Australia,AU,0,34,False,success
2018,Ireland,Together,Ryan O'Shaughnessy,Azerbaijan,AZ,0,3,False,success
2018,Ireland,Together,Ryan O'Shaughnessy,Belgium,BE,0,22,False,success
2018,Ireland,Together,Ryan O'Shaughnessy,Bulgaria,BG,0,35,False,success
2018,Ireland,Together,Ryan O'Shaughnessy,Belarus,BY,0,4,False,success
2018,Ireland,Together,Ryan O'Shaughnessy,Switzerland,CH,0,17,False,success
2018,Ireland,Together,Ryan O'Shaughnessy,Cyprus,CY,0,13,False,success
2018,Ireland,Together,Ryan O'Shaughnessy,Czechia,CZ,0,20,False,success
2018,Ireland,Together,Ryan O'Shaughnessy,Germany,DE,0,19,False,success
2018,Ireland,Together,Ryan O'Shaughnessy,Denmark,DK,0,29,False,success
2018,Ireland,Together,Ryan O'Shaughnessy,Estonia,EE,0,28,False,success
2018,Ireland,Together,Ryan O'Shaughnessy,Spain,ES,5,12,False,success
2018,Ireland,Together,Ryan O'Shaughnessy,Finland,FI,0,22,False,success
2018,Ireland,Together,Ryan O'Shaughnessy,France,FR,0,12,False,success
2018,Ireland,Together,Ryan O'Shaughnessy,United Kingdom,GB,3,37,False,success
2018,Ireland,Together,Ryan O'Shaughnessy,Georgia,GE,0,13,False,success
2018,Ireland,Together,Ryan O'Shaughnessy,Greece,GR,0,19,False,success
2018,Ireland,Together,Ryan O'Shaughnessy,Croatia,HR,0,21,False,success
2018,Ireland,Together,Ryan O'Shaughnessy,Hungary,HU,0,35,False,success
2018,Ireland,Together,Ryan O'Shaughnessy,Ireland,IE,100,61,True,success
2018,Ireland,Together,Ryan O'Shaughnessy,Israel,IL,0,11,False,success
2018,Ireland,Together,Ryan O'Shaughnessy,Iceland,IS,0,26,False,success
2018,Ireland,Together,Ryan O'Shaughnessy,Italy,IT,0,15,False,success
2018,Ireland,Together,Ryan O'Shaughnessy,Lithuania,LT,0,19,False,success
2018,Ireland,Together,Ryan O'Shaughnessy,Luxembourg,LU,0,19,False,success
2018,Ireland,Together,Ryan O'Shaughnessy,Latvia,LV,0,15,False,success
2018,Ireland,Together,Ryan O'Shaughnessy,Moldova,MD,0,6,False,success
2018,Ireland,Together,Ryan O'Shaughnessy,Montenegro,ME,0,13,False,success
2018,Ireland,Together,Ryan O'Shaughnessy,North Macedonia,MK,0,14,False,success
2018,Ireland,Together,Ryan O'Shaughnessy,Malta,MT,0,47,False,success
2018,Ireland,Together,Ryan O'Shaughnessy,Netherlands,NL,0,26,False,success
2018,Ireland,Together,Ryan O'Shaughnessy,Norway,NO,0,24,False,success
2018,Ireland,Together,Ryan O'Shaughnessy,Poland,PL,9,14,False,success
2018,Ireland,Together,Ryan O'Shaughnessy,Portugal,PT,0,19,False,success
2018,Ireland,Together,Ryan O'Shaughnessy,Romania,RO,0,12,False,success
2018,Ireland,Together,Ryan O'Shaughnessy,Serbia,RS,0,12,False,success
2018,Ireland,Together,Ryan O'Shaughnessy,Russia,RU,0,3,False,success
2018,Ireland,Together,Ryan O'Shaughnessy,Sweden,SE,0,23,False,success
2018,Ireland,Together,Ryan O'Shaughnessy,Slovenia,SI,0,28,False,success
2018,Ireland,Together,Ryan O'Shaughnessy,San Marino,SM,0,0,False,success
2018,Ireland,Together,Ryan O'Shaughnessy,Ukraine,UA,0,4,False,success
2018,Israel,Toy,Netta,Albania,AL,0,10,False,success
2018,Israel,Toy,Netta,Armenia,AM,46,6,False,success
2018,Israel,Toy,Netta,Austria,AT,7,7,False,success
2018,Israel,Toy,Netta,Australia,AU,4,40,False,success
2018,Israel,Toy,Netta,Azerbaijan,AZ,0,84,False,success
2018,Israel,Toy,Netta,Belgium,BE,6,12,False,success
2018,Israel,Toy,Netta,Bulgaria,BG,0,9,False,success
2018,Israel,Toy,Netta,Belarus,BY,26,5,False,success
2018,Israel,Toy,Netta,Switzerland,CH,0,6,False,success
2018,Israel,Toy,Netta,Cyprus,CY,0,30,False,success
2018,Israel,Toy,Netta,Czechia,CZ,6,7,False,success
2018,Israel,Toy,Netta,Germany,DE,3,4,False,success
2018,Israel,Toy,Netta,Denmark,DK,6,10,False,success
2018,Israel,Toy,Netta,Estonia,EE,36,28,False,success
2018,Israel,Toy,Netta,Spain,ES,20,19,False,success
2018,Israel,Toy,Netta,Finland,FI,22,21,False,success
2018,Israel,Toy,Netta,France,FR,2,5,False,success
2018,Israel,Toy,Netta,United Kingdom,GB,4,40,False,success
2018,Israel,Toy,Netta,Georgia,GE,0,11,False,success
2018,Israel,Toy,Netta,Greece,GR,25,32,False,success
2018,Israel,Toy,Netta,Croatia,HR,16,13,False,success
2018,Israel,Toy,Netta,Hungary,HU,4,7,False,success
2018,Israel,Toy,Netta,Ireland,IE,7,43,False,success
2018,Israel,Toy,Netta,Israel,IL,100,100,True,success
2018,Israel,Toy,Netta,Iceland,IS,0,73,False,success
2018,Israel,Toy,Netta,Italy,IT,2,6,False,success
2018,Israel,Toy,Netta,Lithuania,LT,22,26,False,success
2018,Israel,Toy,Netta,Luxembourg,LU,0,11,False,success
2018,Israel,Toy,Netta,Latvia,LV,0,12,False,success
2018,Israel,Toy,Netta,Moldova,MD,0,5,False,success
2018,Israel,Toy,Netta,Montenegro,ME,0,7,False,success
2018,Israel,Toy,Netta,North Macedonia,MK,0,11,False,success
2018,Israel,Toy,Netta,Malta,MT,77,53,False,success
2018,Israel,Toy,Netta,Netherlands,NL,8,16,False,success
2018,Israel,Toy,Netta,Norway,NO,13,15,False,success
2018,Israel,Toy,Netta,Poland,PL,11,8,False,success
2018,Israel,Toy,Netta,Portugal,PT,23,31,False,success
2018,Israel,Toy,Netta,Romania,RO,0,6,False,success
2018,Israel,Toy,Netta,Serbia,RS,0,7,False,success
2018,Israel,Toy,Netta,Russia,RU,11,4,False,success
2018,Israel,Toy,Netta,Sweden,SE,17,14,False,success
2018,Israel,Toy,Netta,Slovenia,SI,0,12,False,success
2018,Israel,Toy,Netta,San Marino,SM,0,0,False,success
2018,Israel,Toy,Netta,Ukraine,UA,24,5,False,success
2018,Italy,Non mi avete fatto niente,Ermal Meta and Fabrizio Moro,Albania,AL,0,5,False,success
2018,Italy,Non mi avete fatto niente,Ermal Meta and Fabrizio Moro,Armenia,AM,0,0,False,success
2018,Italy,Non mi avete fatto niente,Ermal Meta and Fabrizio Moro,Austria,AT,0,0,False,success
2018,Italy,Non mi avete fatto niente,Ermal Meta and Fabrizio Moro,Australia,AU,0,0,False,success
2018,Italy,Non mi avete fatto niente,Ermal Meta and Fabrizio Moro,Azerbaijan,AZ,0,0,False,success
2018,Italy,Non mi avete fatto niente,Ermal Meta and Fabrizio Moro,Belgium,BE,0,0,False,success
2018,Italy,Non mi avete fatto niente,Ermal Meta and Fabrizio Moro,Bulgaria,BG,0,0,False,success
2018,Italy,Non mi avete fatto niente,Ermal Meta and Fabrizio Moro,Belarus,BY,0,0,False,success
2018,Italy,Non mi avete fatto niente,Ermal Meta and Fabrizio Moro,Switzerland,CH,0,1,False,success
2018,Italy,Non mi avete fatto niente,Ermal Meta and Fabrizio Moro,Cyprus,CY,0,0,False,success
2018,Italy,Non mi avete fatto niente,Ermal Meta and Fabrizio Moro,Czechia,CZ,0,0,False,success
2018,Italy,Non mi avete fatto niente,Ermal Meta and Fabrizio Moro,Germany,DE,0,0,False,success
2018,Italy,Non mi avete fatto niente,Ermal Meta and Fabrizio Moro,Denmark,DK,0,0,False,success
2018,Italy,Non mi avete fatto niente,Ermal Meta and Fabrizio Moro,Estonia,EE,0,0,False,success
2018,Italy,Non mi avete fatto niente,Ermal Meta and Fabrizio Moro,Spain,ES,0,0,False,success
2018,Italy,Non mi avete fatto niente,Ermal Meta and Fabrizio Moro,Finland,FI,0,0,False,success
2018,Italy,Non mi avete fatto niente,Ermal Meta and Fabrizio Moro,France,FR,0,0,False,success
2018,Italy,Non mi avete fatto niente,Ermal Meta and Fabrizio Moro,United Kingdom,GB,0,0,False,success
2018,Italy,Non mi avete fatto niente,Ermal Meta and Fabrizio Moro,Georgia,GE,0,0,False,success
2018,Italy,Non mi avete fatto niente,Ermal Meta and Fabrizio Moro,Greece,GR,0,0,False,success
2018,Italy,Non mi avete fatto niente,Ermal Meta and Fabrizio Moro,Croatia,HR,0,0,False,success
2018,Italy,Non mi avete fatto niente,Ermal Meta and Fabrizio Moro,Hungary,HU,0,0,False,success
2018,Italy,Non mi avete fatto niente,Ermal Meta and Fabrizio Moro,Ireland,IE,0,0,False,success
2018,Italy,Non mi avete fatto niente,Ermal Meta and Fabrizio Moro,Israel,IL,0,0,False,success
2018,Italy,Non mi avete fatto niente,Ermal Meta and Fabrizio Moro,Iceland,IS,0,0,False,success
2018,Italy,Non mi avete fatto niente,Ermal Meta and Fabrizio Moro,Italy,IT,0,13,True,success
2018,Italy,Non mi avete fatto niente,Ermal Meta and Fabrizio Moro,Lithuania,LT,0,0,False,success
2018,Italy,Non mi avete fatto niente,Ermal Meta and Fabrizio Moro,Luxembourg,LU,0,0,False,success
2018,Italy,Non mi avete fatto niente,Ermal Meta and Fabrizio Moro,Latvia,LV,0,0,False,success
2018,Italy,Non mi avete fatto niente,Ermal Meta and Fabrizio Moro,Moldova,MD,0,0,False,success
2018,Italy,Non mi avete fatto niente,Ermal Meta and Fabrizio Moro,Montenegro,ME,0,0,False,success
2018,Italy,Non mi avete fatto niente,Ermal Meta and Fabrizio Moro,North Macedonia,MK,0,0,False,success
2018,Italy,Non mi avete fatto niente,Ermal Meta and Fabrizio Moro,Malta,MT,0,3,False,success
2018,Italy,Non mi avete fatto niente,Ermal Meta and Fabrizio Moro,Netherlands,NL,0,0,False,success
2018,Italy,Non mi avete fatto niente,Ermal Meta and Fabrizio Moro,Norway,NO,0,0,False,success
2018,Italy,Non mi avete fatto niente,Ermal Meta and Fabrizio Moro,Poland,PL,0,0,False,success
2018,Italy,Non mi avete fatto niente,Ermal Meta and Fabrizio Moro,Portugal,PT,0,0,False,success
2018,Italy,Non mi avete fatto niente,Ermal Meta and Fabrizio Moro,Romania,RO,0,0,False,success
2018,Italy,Non mi avete fatto niente,Ermal Meta and Fabrizio Moro,Serbia,RS,0,0,False,success
2018,Italy,Non mi avete fatto niente,Ermal Meta and Fabrizio Moro,Russia,RU,0,0,False,success
2018,Italy,Non mi avete fatto niente,Ermal Meta and Fabrizio Moro,Sweden,SE,0,0,False,success
2018,Italy,Non mi avete fatto niente,Ermal Meta and Fabrizio Moro,Slovenia,SI,0,0,False,success
2018,Italy,Non mi avete fatto niente,Ermal Meta and Fabrizio Moro,San Marino,SM,0,0,False,success
2018,Italy,Non mi avete fatto niente,Ermal Meta and Fabrizio Moro,Ukraine,UA,0,0,False,success
2018,Lithuania,When We're Old,Ieva Zasimauskaitė,Albania,AL,0,0,False,success
2018,Lithuania,When We're Old,Ieva Zasimauskaitė,Armenia,AM,0,0,False,success
2018,Lithuania,When We're Old,Ieva Zasimauskaitė,Austria,AT,0,0,False,success
2018,Lithuania,When We're Old,Ieva Zasimauskaitė,Australia,AU,0,0,False,success
2018,Lithuania,When We're Old,Ieva Zasimauskaitė,Azerbaijan,AZ,0,0,False,success
2018,Lithuania,When We're Old,Ieva Zasimauskaitė,Belgium,BE,0,0,False,success
2018,Lithuania,When We're Old,Ieva Zasimauskaitė,Bulgaria,BG,0,0,False,success
2018,Lithuania,When We're Old,Ieva Zasimauskaitė,Belarus,BY,0,0,False,success
2018,Lithuania,When We're Old,Ieva Zasimauskaitė,Switzerland,CH,0,0,False,success
2018,Lithuania,When We're Old,Ieva Zasimauskaitė,Cyprus,CY,0,0,False,success
2018,Lithuania,When We're Old,Ieva Zasimauskaitė,Czechia,CZ,0,0,False,success
2018,Lithuania,When We're Old,Ieva Zasimauskaitė,Germany,DE,0,0,False,success
2018,Lithuania,When We're Old,Ieva Zasimauskaitė,Denmark,DK,0,1,False,success
2018,Lithuania,When We're Old,Ieva Zasimauskaitė,Estonia,EE,0,5,False,success
2018,Lithuania,When We're Old,Ieva Zasimauskaitė,Spain,ES,0,0,False,success
2018,Lithuania,When We're Old,Ieva Zasimauskaitė,Finland,FI,0,0,False,success
2018,Lithuania,When We're Old,Ieva Zasimauskaitė,France,FR,0,0,False,success
2018,Lithuania,When We're Old,Ieva Zasimauskaitė,United Kingdom,GB,0,1,False,success
2018,Lithuania,When We're Old,Ieva Zasimauskaitė,Georgia,GE,0,0,False,success
2018,Lithuania,When We're Old,Ieva Zasimauskaitė,Greece,GR,0,0,False,success
2018,Lithuania,When We're Old,Ieva Zasimauskaitė,Croatia,HR,0,0,False,success
2018,Lithuania,When We're Old,Ieva Zasimauskaitė,Hungary,HU,0,0,False,success
2018,Lithuania,When We're Old,Ieva Zasimauskaitė,Ireland,IE,0,1,False,success
2018,Lithuania,When We're Old,Ieva Zasimauskaitė,Israel,IL,0,0,False,success
2018,Lithuania,When We're Old,Ieva Zasimauskaitė,Iceland,IS,0,0,False,success
2018,Lithuania,When We're Old,Ieva Zasimauskaitė,Italy,IT,0,0,False,success
2018,Lithuania,When We're Old,Ieva Zasimauskaitė,Lithuania,LT,5,100,True,success
2018,Lithuania,When We're Old,Ieva Zasimauskaitė,Luxembourg,LU,0,0,False,success
2018,Lithuania,When We're Old,Ieva Zasimauskaitė,Latvia,LV,0,6,False,success
2018,Lithuania,When We're Old,Ieva Zasimauskaitė,Moldova,MD,0,0,False,success
2018,Lithuania,When We're Old,Ieva Zasimauskaitė,Montenegro,ME,0,0,False,success
2018,Lithuania,When We're Old,Ieva Zasimauskaitė,North Macedonia,MK,0,0,False,success
2018,Lithuania,When We're Old,Ieva Zasimauskaitė,Malta,MT,0,0,False,success
2018,Lithuania,When We're Old,Ieva Zasimauskaitė,Netherlands,NL,0,0,False,success
2018,Lithuania,When We're Old,Ieva Zasimauskaitė,Norway,NO,0,2,False,success
2018,Lithuania,When We're Old,Ieva Zasimauskaitė,Poland,PL,0,0,False,success
2018,Lithuania,When We're Old,Ieva Zasimauskaitė,Portugal,PT,0,1,False,success
2018,Lithuania,When We're Old,Ieva Zasimauskaitė,Romania,RO,0,0,False,success
2018,Lithuania,When We're Old,Ieva Zasimauskaitė,Serbia,RS,0,0,False,success
2018,Lithuania,When We're Old,Ieva Zasimauskaitė,Russia,RU,0,0,False,success
2018,Lithuania,When We're Old,Ieva Zasimauskaitė,Sweden,SE,0,0,False,success
2018,Lithuania,When We're Old,Ieva Zasimauskaitė,Slovenia,SI,0,0,False,success
2018,Lithuania,When We're Old,Ieva Zasimauskaitė,San Marino,SM,0,0,False,success
2018,Lithuania,When We're Old,Ieva Zasimauskaitė,Ukraine,UA,0,0,False,success
2018,Moldova,My Lucky Day,DoReDoS,Albania,AL,0,0,False,success
2018,Moldova,My Lucky Day,DoReDoS,Armenia,AM,0,0,False,success
2018,Moldova,My Lucky Day,DoReDoS,Austria,AT,0,0,False,success
2018,Moldova,My Lucky Day,DoReDoS,Australia,AU,0,0,False,success
2018,Moldova,My Lucky Day,DoReDoS,Azerbaijan,AZ,0,0,False,success
2018,Moldova,My Lucky Day,DoReDoS,Belgium,BE,0,0,False,success
2018,Moldova,My Lucky Day,DoReDoS,Bulgaria,BG,0,0,False,success
2018,Moldova,My Lucky Day,DoReDoS,Belarus,BY,0,0,False,success
2018,Moldova,My Lucky Day,DoReDoS,Switzerland,CH,0,0,False,success
2018,Moldova,My Lucky Day,DoReDoS,Cyprus,CY,0,0,False,success
2018,Moldova,My Lucky Day,DoReDoS,Czechia,CZ,0,0,False,success
2018,Moldova,My Lucky Day,DoReDoS,Germany,DE,0,0,False,success
2018,Moldova,My Lucky Day,DoReDoS,Denmark,DK,0,0,False,success
2018,Moldova,My Lucky Day,DoReDoS,Estonia,EE,0,0,False,success
2018,Moldova,My Lucky Day,DoReDoS,Spain,ES,0,0,False,success
2018,Moldova,My Lucky Day,DoReDoS,Finland,FI,0,0,False,success
2018,Moldova,My Lucky Day,DoReDoS,France,FR,0,0,False,success
2018,Moldova,My Lucky Day,DoReDoS,United Kingdom,GB,0,0,False,success
2018,Moldova,My Lucky Day,DoReDoS,Georgia,GE,0,0,False,success
2018,Moldova,My Lucky Day,DoReDoS,Greece,GR,0,0,False,success
2018,Moldova,My Lucky Day,DoReDoS,Croatia,HR,0,0,False,success
2018,Moldova,My Lucky Day,DoReDoS,Hungary,HU,0,0,False,success
2018,Moldova,My Lucky Day,DoReDoS,Ireland,IE,0,0,False,success
2018,Moldova,My Lucky Day,DoReDoS,Israel,IL,0,0,False,success
2018,Moldova,My Lucky Day,DoReDoS,Iceland,IS,0,0,False,success
2018,Moldova,My Lucky Day,DoReDoS,Italy,IT,0,0,False,success
2018,Moldova,My Lucky Day,DoReDoS,Lithuania,LT,0,0,False,success
2018,Moldova,My Lucky Day,DoReDoS,Luxembourg,LU,0,0,False,success
2018,Moldova,My Lucky Day,DoReDoS,Latvia,LV,0,0,False,success
2018,Moldova,My Lucky Day,DoReDoS,Moldova,MD,0,3,True,success
2018,Moldova,My Lucky Day,DoReDoS,Montenegro,ME,0,0,False,success
2018,Moldova,My Lucky Day,DoReDoS,North Macedonia,MK,0,0,False,success
2018,Moldova,My Lucky Day,DoReDoS,Malta,MT,0,0,False,success
2018,Moldova,My Lucky Day,DoReDoS,Netherlands,NL,0,0,False,success
2018,Moldova,My Lucky Day,DoReDoS,Norway,NO,0,0,False,success
2018,Moldova,My Lucky Day,DoReDoS,Poland,PL,63,0,False,success
2018,Moldova,My Lucky Day,DoReDoS,Portugal,PT,0,0,False,success
2018,Moldova,My Lucky Day,DoReDoS,Romania,RO,0,0,False,success
2018,Moldova,My Lucky Day,DoReDoS,Serbia,RS,0,0,False,success
2018,Moldova,My Lucky Day,DoReDoS,Russia,RU,100,0,False,success
2018,Moldova,My Lucky Day,DoReDoS,Sweden,SE,0,0,False,success
2018,Moldova,My Lucky Day,DoReDoS,Slovenia,SI,0,0,False,success
2018,Moldova,My Lucky Day,DoReDoS,San Marino,SM,0,0,False,success
2018,Moldova,My Lucky Day,DoReDoS,Ukraine,UA,0,0,False,success
2018,Netherlands,Outlaw in 'Em,Waylon,Albania,AL,0,0,False,success
2018,Netherlands,Outlaw in 'Em,Waylon,Armenia,AM,0,0,False,success
2018,Netherlands,Outlaw in 'Em,Waylon,Austria,AT,0,0,False,success
2018,Netherlands,Outlaw in 'Em,Waylon,Australia,AU,0,0,False,success
2018,Netherlands,Outlaw in 'Em,Waylon,Azerbaijan,AZ,0,0,False,success
2018,Netherlands,Outlaw in 'Em,Waylon,Belgium,BE,0,0,False,success
2018,Netherlands,Outlaw in 'Em,Waylon,Bulgaria,BG,0,0,False,success
2018,Netherlands,Outlaw in 'Em,Waylon,Belarus,BY,0,0,False,success
2018,Netherlands,Outlaw in 'Em,Waylon,Switzerland,CH,0,0,False,success
2018,Netherlands,Outlaw in 'Em,Waylon,Cyprus,CY,0,0,False,success
2018,Netherlands,Outlaw in 'Em,Waylon,Czechia,CZ,0,0,False,success
2018,Netherlands,Outlaw in 'Em,Waylon,Germany,DE,0,0,False,success
2018,Netherlands,Outlaw in 'Em,Waylon,Denmark,DK,0,0,False,success
2018,Netherlands,Outlaw in 'Em,Waylon,Estonia,EE,0,0,False,success
2018,Netherlands,Outlaw in 'Em,Waylon,Spain,ES,0,0,False,success
2018,Netherlands,Outlaw in 'Em,Waylon,Finland,FI,0,0,False,success
2018,Netherlands,Outlaw in 'Em,Waylon,France,FR,0,0,False,success
2018,Netherlands,Outlaw in 'Em,Waylon,United Kingdom,GB,0,0,False,success
2018,Netherlands,Outlaw in 'Em,Waylon,Georgia,GE,0,0,False,success
2018,Netherlands,Outlaw in 'Em,Waylon,Greece,GR,0,0,False,success
2018,Netherlands,Outlaw in 'Em,Waylon,Croatia,HR,0,0,False,success
2018,Netherlands,Outlaw in 'Em,Waylon,Hungary,HU,0,0,False,success
2018,Netherlands,Outlaw in 'Em,Waylon,Ireland,IE,0,0,False,success
2018,Netherlands,Outlaw in 'Em,Waylon,Israel,IL,0,0,False,success
2018,Netherlands,Outlaw in 'Em,Waylon,Iceland,IS,0,0,False,success
2018,Netherlands,Outlaw in 'Em,Waylon,Italy,IT,0,0,False,success
2018,Netherlands,Outlaw in 'Em,Waylon,Lithuania,LT,0,0,False,success
2018,Netherlands,Outlaw in 'Em,Waylon,Luxembourg,LU,0,0,False,success
2018,Netherlands,Outlaw in 'Em,Waylon,Latvia,LV,0,0,False,success
2018,Netherlands,Outlaw in 'Em,Waylon,Moldova,MD,0,0,False,success
2018,Netherlands,Outlaw in 'Em,Waylon,Montenegro,ME,0,0,False,success
2018,Netherlands,Outlaw in 'Em,Waylon,North Macedonia,MK,0,0,False,success
2018,Netherlands,Outlaw in 'Em,Waylon,Malta,MT,0,0,False,success
2018,Netherlands,Outlaw in 'Em,Waylon,Netherlands,NL,0,9,True,success
2018,Netherlands,Outlaw in 'Em,Waylon,Norway,NO,0,0,False,success
2018,Netherlands,Outlaw in 'Em,Waylon,Poland,PL,0,0,False,success
2018,Netherlands,Outlaw in 'Em,Waylon,Portugal,PT,0,0,False,success
2018,Netherlands,Outlaw in 'Em,Waylon,Romania,RO,0,0,False,success
2018,Netherlands,Outlaw in 'Em,Waylon,Serbia,RS,0,0,False,success
2018,Netherlands,Outlaw in 'Em,Waylon,Russia,RU,0,0,False,success
2018,Netherlands,Outlaw in 'Em,Waylon,Sweden,SE,0,0,False,success
2018,Netherlands,Outlaw in 'Em,Waylon,Slovenia,SI,0,0,False,success
2018,Netherlands,Outlaw in 'Em,Waylon,San Marino,SM,0,0,False,success
2018,Netherlands,Outlaw in 'Em,Waylon,Ukraine,UA,0,0,False,success
2018,Norway,That's How You Write a Song,Alexander Rybak,Albania,AL,0,0,False,success
2018,Norway,That's How You Write a Song,Alexander Rybak,Armenia,AM,0,0,False,success
2018,Norway,That's How You Write a Song,Alexander Rybak,Austria,AT,0,1,False,success
2018,Norway,That's How You Write a Song,Alexander Rybak,Australia,AU,0,0,False,success
2018,Norway,That's How You Write a Song,Alexander Rybak,Azerbaijan,AZ,0,0,False,success
2018,Norway,That's How You Write a Song,Alexander Rybak,Belgium,BE,0,1,False,success
2018,Norway,That's How You Write a Song,Alexander Rybak,Bulgaria,BG,0,0,False,success
2018,Norway,That's How You Write a Song,Alexander Rybak,Belarus,BY,0,0,False,success
2018,Norway,That's How You Write a Song,Alexander Rybak,Switzerland,CH,0,0,False,success
2018,Norway,That's How You Write a Song,Alexander Rybak,Cyprus,CY,0,3,False,success
2018,Norway,That's How You Write a Song,Alexander Rybak,Czechia,CZ,0,0,False,success
2018,Norway,That's How You Write a Song,Alexander Rybak,Germany,DE,0,0,False,success
2018,Norway,That's How You Write a Song,Alexander Rybak,Denmark,DK,0,2,False,success
2018,Norway,That's How You Write a Song,Alexander Rybak,Estonia,EE,0,4,False,success
2018,Norway,That's How You Write a Song,Alexander Rybak,Spain,ES,0,1,False,success
2018,Norway,That's How You Write a Song,Alexander Rybak,Finland,FI,0,2,False,success
2018,Norway,That's How You Write a Song,Alexander Rybak,France,FR,0,0,False,success
2018,Norway,That's How You Write a Song,Alexander Rybak,United Kingdom,GB,0,0,False,success
2018,Norway,That's How You Write a Song,Alexander Rybak,Georgia,GE,0,0,False,success
2018,Norway,That's How You Write a Song,Alexander Rybak,Greece,GR,0,2,False,success
2018,Norway,That's How You Write a Song,Alexander Rybak,Croatia,HR,0,1,False,success
2018,Norway,That's How You Write a Song,Alexander Rybak,Hungary,HU,0,0,False,success
2018,Norway,That's How You Write a Song,Alexander Rybak,Ireland,IE,0,0,False,success
2018,Norway,That's How You Write a Song,Alexander Rybak,Israel,IL,0,1,False,success
2018,Norway,That's How You Write a Song,Alexander Rybak,Iceland,IS,0,0,False,success
2018,Norway,That's How You Write a Song,Alexander Rybak,Italy,IT,0,0,False,success
2018,Norway,That's How You Write a Song,Alexander Rybak,Lithuania,LT,0,2,False,success
2018,Norway,That's How You Write a Song,Alexander Rybak,Luxembourg,LU,0,0,False,success
2018,Norway,That's How You Write a Song,Alexander Rybak,Latvia,LV,0,0,False,success
2018,Norway,That's How You Write a Song,Alexander Rybak,Moldova,MD,0,0,False,success
2018,Norway,That's How You Write a Song,Alexander Rybak,Montenegro,ME,0,0,False,success
2018,Norway,That's How You Write a Song,Alexander Rybak,North Macedonia,MK,0,0,False,success
2018,Norway,That's How You Write a Song,Alexander Rybak,Malta,MT,0,0,False,success
2018,Norway,That's How You Write a Song,Alexander Rybak,Netherlands,NL,0,1,False,success
2018,Norway,That's How You Write a Song,Alexander Rybak,Norway,NO,0,25,True,success
2018,Norway,That's How You Write a Song,Alexander Rybak,Poland,PL,0,1,False,success
2018,Norway,That's How You Write a Song,Alexander Rybak,Portugal,PT,0,1,False,success
2018,Norway,That's How You Write a Song,Alexander Rybak,Romania,RO,0,0,False,success
2018,Norway,That's How You Write a Song,Alexander Rybak,Serbia,RS,0,0,False,success
2018,Norway,That's How You Write a Song,Alexander Rybak,Russia,RU,0,0,False,success
2018,Norway,That's How You Write a Song,Alexander Rybak,Sweden,SE,0,2,False,success
2018,Norway,That's How You Write a Song,Alexander Rybak,Slovenia,SI,0,0,False,success
2018,Norway,That's How You Write a Song,Alexander Rybak,San Marino,SM,0,0,False,success
2018,Norway,That's How You Write a Song,Alexander Rybak,Ukraine,UA,0,0,False,success
2018,Portugal,O jardim,Cláudia Pascoal,Albania,AL,0,0,False,success
2018,Portugal,O jardim,Cláudia Pascoal,Armenia,AM,0,0,False,success
2018,Portugal,O jardim,Cláudia Pascoal,Austria,AT,0,0,False,success
2018,Portugal,O jardim,Cláudia Pascoal,Australia,AU,0,0,False,success
2018,Portugal,O jardim,Cláudia Pascoal,Azerbaijan,AZ,0,0,False,success
2018,Portugal,O jardim,Cláudia Pascoal,Belgium,BE,0,2,False,success
2018,Portugal,O jardim,Cláudia Pascoal,Bulgaria,BG,0,0,False,success
2018,Portugal,O jardim,Cláudia Pascoal,Belarus,BY,0,0,False,success
2018,Portugal,O jardim,Cláudia Pascoal,Switzerland,CH,0,3,False,success
2018,Portugal,O jardim,Cláudia Pascoal,Cyprus,CY,0,0,False,success
2018,Portugal,O jardim,Cláudia Pascoal,Czechia,CZ,0,0,False,success
2018,Portugal,O jardim,Cláudia Pascoal,Germany,DE,0,0,False,success
2018,Portugal,O jardim,Cláudia Pascoal,Denmark,DK,0,0,False,success
2018,Portugal,O jardim,Cláudia Pascoal,Estonia,EE,0,0,False,success
2018,Portugal,O jardim,Cláudia Pascoal,Spain,ES,0,2,False,success
2018,Portugal,O jardim,Cláudia Pascoal,Finland,FI,0,0,False,success
2018,Portugal,O jardim,Cláudia Pascoal,France,FR,0,1,False,success
2018,Portugal,O jardim,Cláudia Pascoal,United Kingdom,GB,0,0,False,success
2018,Portugal,O jardim,Cláudia Pascoal,Georgia,GE,0,0,False,success
2018,Portugal,O jardim,Cláudia Pascoal,Greece,GR,0,0,False,success
2018,Portugal,O jardim,Cláudia Pascoal,Croatia,HR,0,0,False,success
2018,Portugal,O jardim,Cláudia Pascoal,Hungary,HU,0,0,False,success
2018,Portugal,O jardim,Cláudia Pascoal,Ireland,IE,0,0,False,success
2018,Portugal,O jardim,Cláudia Pascoal,Israel,IL,0,0,False,success
2018,Portugal,O jardim,Cláudia Pascoal,Iceland,IS,0,0,False,success
2018,Portugal,O jardim,Cláudia Pascoal,Italy,IT,0,0,False,success
2018,Portugal,O jardim,Cláudia Pascoal,Lithuania,LT,0,0,False,success
2018,Portugal,O jardim,Cláudia Pascoal,Luxembourg,LU,0,0,False,success
2018,Portugal,O jardim,Cláudia Pascoal,Latvia,LV,0,0,False,success
2018,Portugal,O jardim,Cláudia Pascoal,Moldova,MD,0,0,False,success
2018,Portugal,O jardim,Cláudia Pascoal,Montenegro,ME,0,0,False,success
2018,Portugal,O jardim,Cláudia Pascoal,North Macedonia,MK,0,0,False,success
2018,Portugal,O jardim,Cláudia Pascoal,Malta,MT,0,0,False,success
2018,Portugal,O jardim,Cláudia Pascoal,Netherlands,NL,0,0,False,success
2018,Portugal,O jardim,Cláudia Pascoal,Norway,NO,0,0,False,success
2018,Portugal,O jardim,Cláudia Pascoal,Poland,PL,0,1,False,success
2018,Portugal,O jardim,Cláudia Pascoal,Portugal,PT,0,100,True,success
2018,Portugal,O jardim,Cláudia Pascoal,Romania,RO,0,0,False,success
2018,Portugal,O jardim,Cláudia Pascoal,Serbia,RS,0,0,False,success
2018,Portugal,O jardim,Cláudia Pascoal,Russia,RU,0,0,False,success
2018,Portugal,O jardim,Cláudia Pascoal,Sweden,SE,0,0,False,success
2018,Portugal,O jardim,Cláudia Pascoal,Slovenia,SI,0,0,False,success
2018,Portugal,O jardim,Cláudia Pascoal,San Marino,SM,0,0,False,success
2018,Portugal,O jardim,Cláudia Pascoal,Ukraine,UA,0,0,False,success
2018,Serbia,Nova deca,Sanja Ilić & Balkanika,Albania,AL,0,0,False,success
2018,Serbia,Nova deca,Sanja Ilić & Balkanika,Armenia,AM,0,0,False,success
2018,Serbia,Nova deca,Sanja Ilić & Balkanika,Austria,AT,0,4,False,success
2018,Serbia,Nova deca,Sanja Ilić & Balkanika,Australia,AU,0,1,False,success
2018,Serbia,Nova deca,Sanja Ilić & Balkanika,Azerbaijan,AZ,0,0,False,success
2018,Serbia,Nova deca,Sanja Ilić & Balkanika,Belgium,BE,0,0,False,success
2018,Serbia,Nova deca,Sanja Ilić & Balkanika,Bulgaria,BG,0,0,False,success
2018,Serbia,Nova deca,Sanja Ilić & Balkanika,Belarus,BY,0,0,False,success
2018,Serbia,Nova deca,Sanja Ilić & Balkanika,Switzerland,CH,0,3,False,success
2018,Serbia,Nova deca,Sanja Ilić & Balkanika,Cyprus,CY,0,0,False,success
2018,Serbia,Nova deca,Sanja Ilić & Balkanika,Czechia,CZ,0,0,False,success
2018,Serbia,Nova deca,Sanja Ilić & Balkanika,Germany,DE,0,1,False,success
2018,Serbia,Nova deca,Sanja Ilić & Balkanika,Denmark,DK,0,0,False,success
2018,Serbia,Nova deca,Sanja Ilić & Balkanika,Estonia,EE,0,0,False,success
2018,Serbia,Nova deca,Sanja Ilić & Balkanika,Spain,ES,0,0,False,success
2018,Serbia,Nova deca,Sanja Ilić & Balkanika,Finland,FI,0,0,False,success
2018,Serbia,Nova deca,Sanja Ilić & Balkanika,France,FR,0,0,False,success
2018,Serbia,Nova deca,Sanja Ilić & Balkanika,United Kingdom,GB,0,0,False,success
2018,Serbia,Nova deca,Sanja Ilić & Balkanika,Georgia,GE,0,0,False,success
2018,Serbia,Nova deca,Sanja Ilić & Balkanika,Greece,GR,0,0,False,success
2018,Serbia,Nova deca,Sanja Ilić & Balkanika,Croatia,HR,0,13,False,success
2018,Serbia,Nova deca,Sanja Ilić & Balkanika,Hungary,HU,0,0,False,success
2018,Serbia,Nova deca,Sanja Ilić & Balkanika,Ireland,IE,0,0,False,success
2018,Serbia,Nova deca,Sanja Ilić & Balkanika,Israel,IL,0,0,False,success
2018,Serbia,Nova deca,Sanja Ilić & Balkanika,Iceland,IS,0,0,False,success
2018,Serbia,Nova deca,Sanja Ilić & Balkanika,Italy,IT,0,0,False,success
2018,Serbia,Nova deca,Sanja Ilić & Balkanika,Lithuania,LT,0,0,False,success
2018,Serbia,Nova deca,Sanja Ilić & Balkanika,Luxembourg,LU,0,0,False,success
2018,Serbia,Nova deca,Sanja Ilić & Balkanika,Latvia,LV,0,0,False,success
2018,Serbia,Nova deca,Sanja Ilić & Balkanika,Moldova,MD,0,0,False,success
2018,Serbia,Nova deca,Sanja Ilić & Balkanika,Montenegro,ME,0,32,False,success
2018,Serbia,Nova deca,Sanja Ilić & Balkanika,North Macedonia,MK,0,0,False,success
2018,Serbia,Nova deca,Sanja Ilić & Balkanika,Malta,MT,0,0,False,success
2018,Serbia,Nova deca,Sanja Ilić & Balkanika,Netherlands,NL,0,0,False,success
2018,Serbia,Nova deca,Sanja Ilić & Balkanika,Norway,NO,0,3,False,success
2018,Serbia,Nova deca,Sanja Ilić & Balkanika,Poland,PL,0,0,False,success
2018,Serbia,Nova deca,Sanja Ilić & Balkanika,Portugal,PT,0,0,False,success
2018,Serbia,Nova deca,Sanja Ilić & Balkanika,Romania,RO,0,0,False,success
2018,Serbia,Nova deca,Sanja Ilić & Balkanika,Serbia,RS,0,100,True,success
2018,Serbia,Nova deca,Sanja Ilić & Balkanika,Russia,RU,0,0,False,success
2018,Serbia,Nova deca,Sanja Ilić & Balkanika,Sweden,SE,0,0,False,success
2018,Serbia,Nova deca,Sanja Ilić & Balkanika,Slovenia,SI,0,10,False,success
2018,Serbia,Nova deca,Sanja Ilić & Balkanika,San Marino,SM,0,0,False,success
2018,Serbia,Nova deca,Sanja Ilić & Balkanika,Ukraine,UA,0,0,False,success
2018,Slovenia,"Hvala, ne!",Lea Sirk,Albania,AL,0,0,False,success
2018,Slovenia,"Hvala, ne!",Lea Sirk,Armenia,AM,0,0,False,success
2018,Slovenia,"Hvala, ne!",Lea Sirk,Austria,AT,0,0,False,success
2018,Slovenia,"Hvala, ne!",Lea Sirk,Australia,AU,0,0,False,success
2018,Slovenia,"Hvala, ne!",Lea Sirk,Azerbaijan,AZ,0,0,False,success
2018,Slovenia,"Hvala, ne!",Lea Sirk,Belgium,BE,0,0,False,success
2018,Slovenia,"Hvala, ne!",Lea Sirk,Bulgaria,BG,0,0,False,success
2018,Slovenia,"Hvala, ne!",Lea Sirk,Belarus,BY,0,0,False,success
2018,Slovenia,"Hvala, ne!",Lea Sirk,Switzerland,CH,0,0,False,success
2018,Slovenia,"Hvala, ne!",Lea Sirk,Cyprus,CY,0,0,False,success
2018,Slovenia,"Hvala, ne!",Lea Sirk,Czechia,CZ,0,0,False,success
2018,Slovenia,"Hvala, ne!",Lea Sirk,Germany,DE,0,0,False,success
2018,Slovenia,"Hvala, ne!",Lea Sirk,Denmark,DK,0,0,False,success
2018,Slovenia,"Hvala, ne!",Lea Sirk,Estonia,EE,0,0,False,success
2018,Slovenia,"Hvala, ne!",Lea Sirk,Spain,ES,0,0,False,success
2018,Slovenia,"Hvala, ne!",Lea Sirk,Finland,FI,0,0,False,success
2018,Slovenia,"Hvala, ne!",Lea Sirk,France,FR,0,0,False,success
2018,Slovenia,"Hvala, ne!",Lea Sirk,United Kingdom,GB,0,0,False,success
2018,Slovenia,"Hvala, ne!",Lea Sirk,Georgia,GE,0,0,False,success
2018,Slovenia,"Hvala, ne!",Lea Sirk,Greece,GR,0,0,False,success
2018,Slovenia,"Hvala, ne!",Lea Sirk,Croatia,HR,0,0,False,success
2018,Slovenia,"Hvala, ne!",Lea Sirk,Hungary,HU,0,0,False,success
2018,Slovenia,"Hvala, ne!",Lea Sirk,Ireland,IE,0,0,False,success
2018,Slovenia,"Hvala, ne!",Lea Sirk,Israel,IL,0,0,False,success
2018,Slovenia,"Hvala, ne!",Lea Sirk,Iceland,IS,0,0,False,success
2018,Slovenia,"Hvala, ne!",Lea Sirk,Italy,IT,0,0,False,success
2018,Slovenia,"Hvala, ne!",Lea Sirk,Lithuania,LT,0,0,False,success
2018,Slovenia,"Hvala, ne!",Lea Sirk,Luxembourg,LU,0,0,False,success
2018,Slovenia,"Hvala, ne!",Lea Sirk,Latvia,LV,0,0,False,success
2018,Slovenia,"Hvala, ne!",Lea Sirk,Moldova,MD,0,0,False,success
2018,Slovenia,"Hvala, ne!",Lea Sirk,Montenegro,ME,0,0,False,success
2018,Slovenia,"Hvala, ne!",Lea Sirk,North Macedonia,MK,0,0,False,success
2018,Slovenia,"Hvala, ne!",Lea Sirk,Malta,MT,0,0,False,success
2018,Slovenia,"Hvala, ne!",Lea Sirk,Netherlands,NL,0,0,False,success
2018,Slovenia,"Hvala, ne!",Lea Sirk,Norway,NO,0,0,False,success
2018,Slovenia,"Hvala, ne!",Lea Sirk,Poland,PL,0,0,False,success
2018,Slovenia,"Hvala, ne!",Lea Sirk,Portugal,PT,0,0,False,success
2018,Slovenia,"Hvala, ne!",Lea Sirk,Romania,RO,0,0,False,success
2018,Slovenia,"Hvala, ne!",Lea Sirk,Serbia,RS,0,0,False,success
2018,Slovenia,"Hvala, ne!",Lea Sirk,Russia,RU,0,0,False,success
2018,Slovenia,"Hvala, ne!",Lea Sirk,Sweden,SE,0,0,False,success
2018,Slovenia,"Hvala, ne!",Lea Sirk,Slovenia,SI,0,0,True,success
2018,Slovenia,"Hvala, ne!",Lea Sirk,San Marino,SM,0,0,False,success
2018,Slovenia,"Hvala, ne!",Lea Sirk,Ukraine,UA,0,0,False,success
2018,Spain,Tu canción,Amaia and Alfred,Albania,AL,0,0,False,success
2018,Spain,Tu canción,Amaia and Alfred,Armenia,AM,0,0,False,success
2018,Spain,Tu canción,Amaia and Alfred,Austria,AT,0,0,False,success
2018,Spain,Tu canción,Amaia and Alfred,Australia,AU,0,0,False,success
2018,Spain,Tu canción,Amaia and Alfred,Azerbaijan,AZ,0,0,False,success
2018,Spain,Tu canción,Amaia and Alfred,Belgium,BE,0,0,False,success
2018,Spain,Tu canción,Amaia and Alfred,Bulgaria,BG,0,0,False,success
2018,Spain,Tu canción,Amaia and Alfred,Belarus,BY,0,0,False,success
2018,Spain,Tu canción,Amaia and Alfred,Switzerland,CH,0,0,False,success
2018,Spain,Tu canción,Amaia and Alfred,Cyprus,CY,0,0,False,success
2018,Spain,Tu canción,Amaia and Alfred,Czechia,CZ,0,0,False,success
2018,Spain,Tu canción,Amaia and Alfred,Germany,DE,0,0,False,success
2018,Spain,Tu canción,Amaia and Alfred,Denmark,DK,0,0,False,success
2018,Spain,Tu canción,Amaia and Alfred,Estonia,EE,0,0,False,success
2018,Spain,Tu canción,Amaia and Alfred,Spain,ES,0,88,True,success
2018,Spain,Tu canción,Amaia and Alfred,Finland,FI,0,0,False,success
2018,Spain,Tu canción,Amaia and Alfred,France,FR,0,0,False,success
2018,Spain,Tu canción,Amaia and Alfred,United Kingdom,GB,0,0,False,success
2018,Spain,Tu canción,Amaia and Alfred,Georgia,GE,0,0,False,success
2018,Spain,Tu canción,Amaia and Alfred,Greece,GR,0,0,False,success
2018,Spain,Tu canción,Amaia and Alfred,Croatia,HR,0,0,False,success
2018,Spain,Tu canción,Amaia and Alfred,Hungary,HU,0,0,False,success
2018,Spain,Tu canción,Amaia and Alfred,Ireland,IE,0,0,False,success
2018,Spain,Tu canción,Amaia and Alfred,Israel,IL,0,0,False,success
2018,Spain,Tu canción,Amaia and Alfred,Iceland,IS,0,0,False,success
2018,Spain,Tu canción,Amaia and Alfred,Italy,IT,0,0,False,success
2018,Spain,Tu canción,Amaia and Alfred,Lithuania,LT,0,0,False,success
2018,Spain,Tu canción,Amaia and Alfred,Luxembourg,LU,0,0,False,success
2018,Spain,Tu canción,Amaia and Alfred,Latvia,LV,0,0,False,success
2018,Spain,Tu canción,Amaia and Alfred,Moldova,MD,0,0,False,success
2018,Spain,Tu canción,Amaia and Alfred,Montenegro,ME,0,0,False,success
2018,Spain,Tu canción,Amaia and Alfred,North Macedonia,MK,0,0,False,success
2018,Spain,Tu canción,Amaia and Alfred,Malta,MT,0,0,False,success
2018,Spain,Tu canción,Amaia and Alfred,Netherlands,NL,0,1,False,success
2018,Spain,Tu canción,Amaia and Alfred,Norway,NO,0,0,False,success
2018,Spain,Tu canción,Amaia and Alfred,Poland,PL,0,0,False,success
2018,Spain,Tu canción,Amaia and Alfred,Portugal,PT,0,0,False,success
2018,Spain,Tu canción,Amaia and Alfred,Romania,RO,0,0,False,success
2018,Spain,Tu canción,Amaia and Alfred,Serbia,RS,0,0,False,success
2018,Spain,Tu canción,Amaia and Alfred,Russia,RU,0,0,False,success
2018,Spain,Tu canción,Amaia and Alfred,Sweden,SE,0,0,False,success
2018,Spain,Tu canción,Amaia and Alfred,Slovenia,SI,0,0,False,success
2018,Spain,Tu canción,Amaia and Alfred,San Marino,SM,0,0,False,success
2018,Spain,Tu canción,Amaia and Alfred,Ukraine,UA,0,0,False,success
2018,Sweden,Dance You Off,Benjamin Ingrosso,Albania,AL,0,0,False,success
2018,Sweden,Dance You Off,Benjamin Ingrosso,Armenia,AM,0,0,False,success
2018,Sweden,Dance You Off,Benjamin Ingrosso,Austria,AT,0,3,False,success
2018,Sweden,Dance You Off,Benjamin Ingrosso,Australia,AU,0,3,False,success
2018,Sweden,Dance You Off,Benjamin Ingrosso,Azerbaijan,AZ,0,0,False,success
2018,Sweden,Dance You Off,Benjamin Ingrosso,Belgium,BE,0,3,False,success
2018,Sweden,Dance You Off,Benjamin Ingrosso,Bulgaria,BG,0,0,False,success
2018,Sweden,Dance You Off,Benjamin Ingrosso,Belarus,BY,0,0,False,success
2018,Sweden,Dance You Off,Benjamin Ingrosso,Switzerland,CH,0,0,False,success
2018,Sweden,Dance You Off,Benjamin Ingrosso,Cyprus,CY,0,0,False,success
2018,Sweden,Dance You Off,Benjamin Ingrosso,Czechia,CZ,0,2,False,success
2018,Sweden,Dance You Off,Benjamin Ingrosso,Germany,DE,0,1,False,success
2018,Sweden,Dance You Off,Benjamin Ingrosso,Denmark,DK,0,10,False,success
2018,Sweden,Dance You Off,Benjamin Ingrosso,Estonia,EE,0,12,False,success
2018,Sweden,Dance You Off,Benjamin Ingrosso,Spain,ES,2,3,False,success
2018,Sweden,Dance You Off,Benjamin Ingrosso,Finland,FI,0,12,False,success
2018,Sweden,Dance You Off,Benjamin Ingrosso,France,FR,0,1,False,success
2018,Sweden,Dance You Off,Benjamin Ingrosso,United Kingdom,GB,0,3,False,success
2018,Sweden,Dance You Off,Benjamin Ingrosso,Georgia,GE,0,0,False,success
2018,Sweden,Dance You Off,Benjamin Ingrosso,Greece,GR,0,4,False,success
2018,Sweden,Dance You Off,Benjamin Ingrosso,Croatia,HR,0,3,False,success
2018,Sweden,Dance You Off,Benjamin Ingrosso,Hungary,HU,0,2,False,success
2018,Sweden,Dance You Off,Benjamin Ingrosso,Ireland,IE,0,5,False,success
2018,Sweden,Dance You Off,Benjamin Ingrosso,Israel,IL,0,3,False,success
2018,Sweden,Dance You Off,Benjamin Ingrosso,Iceland,IS,0,40,False,success
2018,Sweden,Dance You Off,Benjamin Ingrosso,Italy,IT,0,1,False,success
2018,Sweden,Dance You Off,Benjamin Ingrosso,Lithuania,LT,0,33,False,success
2018,Sweden,Dance You Off,Benjamin Ingrosso,Luxembourg,LU,0,0,False,success
2018,Sweden,Dance You Off,Benjamin Ingrosso,Latvia,LV,0,0,False,success
2018,Sweden,Dance You Off,Benjamin Ingrosso,Moldova,MD,0,0,False,success
2018,Sweden,Dance You Off,Benjamin Ingrosso,Montenegro,ME,0,0,False,success
2018,Sweden,Dance You Off,Benjamin Ingrosso,North Macedonia,MK,0,0,False,success
2018,Sweden,Dance You Off,Benjamin Ingrosso,Malta,MT,0,0,False,success
2018,Sweden,Dance You Off,Benjamin Ingrosso,Netherlands,NL,0,6,False,success
2018,Sweden,Dance You Off,Benjamin Ingrosso,Norway,NO,0,18,False,success
2018,Sweden,Dance You Off,Benjamin Ingrosso,Poland,PL,0,5,False,success
2018,Sweden,Dance You Off,Benjamin Ingrosso,Portugal,PT,0,4,False,success
2018,Sweden,Dance You Off,Benjamin Ingrosso,Romania,RO,0,1,False,success
2018,Sweden,Dance You Off,Benjamin Ingrosso,Serbia,RS,0,3,False,success
2018,Sweden,Dance You Off,Benjamin Ingrosso,Russia,RU,0,1,False,success
2018,Sweden,Dance You Off,Benjamin Ingrosso,Sweden,SE,26,100,True,success
2018,Sweden,Dance You Off,Benjamin Ingrosso,Slovenia,SI,0,0,False,success
2018,Sweden,Dance You Off,Benjamin Ingrosso,San Marino,SM,0,0,False,success
2018,Sweden,Dance You Off,Benjamin Ingrosso,Ukraine,UA,0,1,False,success
2018,Ukraine,Under the Ladder,Mélovin,Albania,AL,0,0,False,success
2018,Ukraine,Under the Ladder,Mélovin,Armenia,AM,0,0,False,success
2018,Ukraine,Under the Ladder,Mélovin,Austria,AT,0,0,False,success
2018,Ukraine,Under the Ladder,Mélovin,Australia,AU,0,0,False,success
2018,Ukraine,Under the Ladder,Mélovin,Azerbaijan,AZ,0,0,False,success
2018,Ukraine,Under the Ladder,Mélovin,Belgium,BE,0,0,False,success
2018,Ukraine,Under the Ladder,Mélovin,Bulgaria,BG,0,0,False,success
2018,Ukraine,Under the Ladder,Mélovin,Belarus,BY,0,3,False,success
2018,Ukraine,Under the Ladder,Mélovin,Switzerland,CH,0,0,False,success
2018,Ukraine,Under the Ladder,Mélovin,Cyprus,CY,0,0,False,success
2018,Ukraine,Under the Ladder,Mélovin,Czechia,CZ,0,2,False,success
2018,Ukraine,Under the Ladder,Mélovin,Germany,DE,0,1,False,success
2018,Ukraine,Under the Ladder,Mélovin,Denmark,DK,0,0,False,success
2018,Ukraine,Under the Ladder,Mélovin,Estonia,EE,0,8,False,success
2018,Ukraine,Under the Ladder,Mélovin,Spain,ES,0,1,False,success
2018,Ukraine,Under the Ladder,Mélovin,Finland,FI,0,2,False,success
2018,Ukraine,Under the Ladder,Mélovin,France,FR,0,0,False,success
2018,Ukraine,Under the Ladder,Mélovin,United Kingdom,GB,0,1,False,success
2018,Ukraine,Under the Ladder,Mélovin,Georgia,GE,0,0,False,success
2018,Ukraine,Under the Ladder,Mélovin,Greece,GR,0,2,False,success
2018,Ukraine,Under the Ladder,Mélovin,Croatia,HR,0,0,False,success
2018,Ukraine,Under the Ladder,Mélovin,Hungary,HU,0,2,False,success
2018,Ukraine,Under the Ladder,Mélovin,Ireland,IE,0,0,False,success
2018,Ukraine,Under the Ladder,Mélovin,Israel,IL,0,1,False,success
2018,Ukraine,Under the Ladder,Mélovin,Iceland,IS,0,0,False,success
2018,Ukraine,Under the Ladder,Mélovin,Italy,IT,0,0,False,success
2018,Ukraine,Under the Ladder,Mélovin,Lithuania,LT,0,5,False,success
2018,Ukraine,Under the Ladder,Mélovin,Luxembourg,LU,0,0,False,success
2018,Ukraine,Under the Ladder,Mélovin,Latvia,LV,0,0,False,success
2018,Ukraine,Under the Ladder,Mélovin,Moldova,MD,0,0,False,success
2018,Ukraine,Under the Ladder,Mélovin,Montenegro,ME,0,0,False,success
2018,Ukraine,Under the Ladder,Mélovin,North Macedonia,MK,0,0,False,success
2018,Ukraine,Under the Ladder,Mélovin,Malta,MT,0,0,False,success
2018,Ukraine,Under the Ladder,Mélovin,Netherlands,NL,0,2,False,success
2018,Ukraine,Under the Ladder,Mélovin,Norway,NO,0,0,False,success
2018,Ukraine,Under the Ladder,Mélovin,Poland,PL,0,2,False,success
2018,Ukraine,Under the Ladder,Mélovin,Portugal,PT,0,2,False,success
2018,Ukraine,Under the Ladder,Mélovin,Romania,RO,0,0,False,success
2018,Ukraine,Under the Ladder,Mélovin,Serbia,RS,0,0,False,success
2018,Ukraine,Under the Ladder,Mélovin,Russia,RU,0,1,False,success
2018,Ukraine,Under the Ladder,Mélovin,Sweden,SE,0,1,False,success
2018,Ukraine,Under the Ladder,Mélovin,Slovenia,SI,0,0,False,success
2018,Ukraine,Under the Ladder,Mélovin,San Marino,SM,0,0,False,success
2018,Ukraine,Under the Ladder,Mélovin,Ukraine,UA,0,20,True,success
2018,United Kingdom,Storm,SuRie,Albania,AL,0,4,False,success
2018,United Kingdom,Storm,SuRie,Armenia,AM,0,2,False,success
2018,United Kingdom,Storm,SuRie,Austria,AT,0,7,False,success
2018,United Kingdom,Storm,SuRie,Australia,AU,0,13,False,success
2018,United Kingdom,Storm,SuRie,Azerbaijan,AZ,0,1,False,success
2018,United Kingdom,Storm,SuRie,Belgium,BE,0,7,False,success
2018,United Kingdom,Storm,SuRie,Bulgaria,BG,0,8,False,success
2018,United Kingdom,Storm,SuRie,Belarus,BY,0,3,False,success
2018,United Kingdom,Storm,SuRie,Switzerland,CH,0,7,False,success
2018,United Kingdom,Storm,SuRie,Cyprus,CY,0,5,False,success
2018,United Kingdom,Storm,SuRie,Czechia,CZ,0,9,False,success
2018,United Kingdom,Storm,SuRie,Germany,DE,0,7,False,success
2018,United Kingdom,Storm,SuRie,Denmark,DK,0,12,False,success
2018,United Kingdom,Storm,SuRie,Estonia,EE,0,10,False,success
2018,United Kingdom,Storm,SuRie,Spain,ES,0,4,False,success
2018,United Kingdom,Storm,SuRie,Finland,FI,0,10,False,success
2018,United Kingdom,Storm,SuRie,France,FR,0,7,False,success
2018,United Kingdom,Storm,SuRie,United Kingdom,GB,2,11,True,success
2018,United Kingdom,Storm,SuRie,Georgia,GE,0,5,False,success
2018,United Kingdom,Storm,SuRie,Greece,GR,0,7,False,success
2018,United Kingdom,Storm,SuRie,Croatia,HR,0,8,False,success
2018,United Kingdom,Storm,SuRie,Hungary,HU,0,9,False,success
2018,United Kingdom,Storm,SuRie,Ireland,IE,0,12,False,success
2018,United Kingdom,Storm,SuRie,Israel,IL,0,4,False,success
2018,United Kingdom,Storm,SuRie,Iceland,IS,0,12,False,success
2018,United Kingdom,Storm,SuRie,Italy,IT,0,5,False,success
2018,United Kingdom,Storm,SuRie,Lithuania,LT,0,10,False,success
2018,United Kingdom,Storm,SuRie,Luxembourg,LU,0,9,False,success
2018,United Kingdom,Storm,SuRie,Latvia,LV,0,7,False,success
2018,United Kingdom,Storm,SuRie,Moldova,MD,0,4,False,success
2018,United Kingdom,Storm,SuRie,Montenegro,ME,0,6,False,success
2018,United Kingdom,Storm,SuRie,North Macedonia,MK,0,4,False,success
2018,United Kingdom,Storm,SuRie,Malta,MT,0,9,False,success
2018,United Kingdom,Storm,SuRie,Netherlands,NL,0,10,False,success
2018,United Kingdom,Storm,SuRie,Norway,NO,0,11,False,success
2018,United Kingdom,Storm,SuRie,Poland,PL,0,6,False,success
2018,United Kingdom,Storm,SuRie,Portugal,PT,0,8,False,success
2018,United Kingdom,Storm,SuRie,Romania,RO,0,6,False,success
2018,United Kingdom,Storm,SuRie,Serbia,RS,0,6,False,success
2018,United Kingdom,Storm,SuRie,Russia,RU,0,3,False,success
2018,United Kingdom,Storm,SuRie,Sweden,SE,0,9,False,success
2018,United Kingdom,Storm,SuRie,Slovenia,SI,0,10,False,success
2018,United Kingdom,Storm,SuRie,San Marino,SM,0,0,False,success
2018,United Kingdom,Storm,SuRie,Ukraine,UA,0,3,False,success
2019,Albania,Ktheju tokës,Jonida Maliqi,Albania,AL,0,0,True,success
2019,Albania,Ktheju tokës,Jonida Maliqi,Armenia,AM,0,0,False,success
2019,Albania,Ktheju tokës,Jonida Maliqi,Austria,AT,0,0,False,success
2019,Albania,Ktheju tokës,Jonida Maliqi,Australia,AU,0,0,False,success
2019,Albania,Ktheju tokës,Jonida Maliqi,Azerbaijan,AZ,0,0,False,success
2019,Albania,Ktheju tokës,Jonida Maliqi,Belgium,BE,0,0,False,success
2019,Albania,Ktheju tokës,Jonida Maliqi,Bulgaria,BG,0,0,False,success
2019,Albania,Ktheju tokës,Jonida Maliqi,Belarus,BY,0,0,False,success
2019,Albania,Ktheju tokës,Jonida Maliqi,Switzerland,CH,0,0,False,success
2019,Albania,Ktheju tokës,Jonida Maliqi,Cyprus,CY,0,0,False,success
2019,Albania,Ktheju tokës,Jonida Maliqi,Czechia,CZ,0,0,False,success
2019,Albania,Ktheju tokës,Jonida Maliqi,Germany,DE,0,0,False,success
2019,Albania,Ktheju tokës,Jonida Maliqi,Denmark,DK,0,0,False,success
2019,Albania,Ktheju tokës,Jonida Maliqi,Estonia,EE,0,0,False,success
2019,Albania,Ktheju tokës,Jonida Maliqi,Spain,ES,0,0,False,success
2019,Albania,Ktheju tokës,Jonida Maliqi,Finland,FI,0,0,False,success
2019,Albania,Ktheju tokës,Jonida Maliqi,France,FR,0,0,False,success
2019,Albania,Ktheju tokës,Jonida Maliqi,United Kingdom,GB,0,0,False,success
2019,Albania,Ktheju tokës,Jonida Maliqi,Georgia,GE,0,0,False,success
2019,Albania,Ktheju tokës,Jonida Maliqi,Greece,GR,0,0,False,success
2019,Albania,Ktheju tokës,Jonida Maliqi,Croatia,HR,0,0,False,success
2019,Albania,Ktheju tokës,Jonida Maliqi,Hungary,HU,0,0,False,success
2019,Albania,Ktheju tokës,Jonida Maliqi,Ireland,IE,0,0,False,success
2019,Albania,Ktheju tokës,Jonida Maliqi,Israel,IL,0,0,False,success
2019,Albania,Ktheju tokës,Jonida Maliqi,Iceland,IS,0,0,False,success
2019,Albania,Ktheju tokës,Jonida Maliqi,Italy,IT,0,0,False,success
2019,Albania,Ktheju tokës,Jonida Maliqi,Lithuania,LT,0,0,False,success
2019,Albania,Ktheju tokës,Jonida Maliqi,Luxembourg,LU,0,73,False,success
2019,Albania,Ktheju tokës,Jonida Maliqi,Latvia,LV,0,0,False,success
2019,Albania,Ktheju tokës,Jonida Maliqi,Moldova,MD,0,0,False,success
2019,Albania,Ktheju tokës,Jonida Maliqi,Montenegro,ME,0,0,False,success
2019,Albania,Ktheju tokës,Jonida Maliqi,North Macedonia,MK,0,0,False,success
2019,Albania,Ktheju tokës,Jonida Maliqi,Malta,MT,0,0,False,success
2019,Albania,Ktheju tokës,Jonida Maliqi,Netherlands,NL,0,0,False,success
2019,Albania,Ktheju tokës,Jonida Maliqi,Norway,NO,0,0,False,success
2019,Albania,Ktheju tokës,Jonida Maliqi,Poland,PL,0,0,False,success
2019,Albania,Ktheju tokës,Jonida Maliqi,Portugal,PT,0,0,False,success
2019,Albania,Ktheju tokës,Jonida Maliqi,Romania,RO,0,0,False,success
2019,Albania,Ktheju tokës,Jonida Maliqi,Serbia,RS,0,0,False,success
2019,Albania,Ktheju tokës,Jonida Maliqi,Russia,RU,0,0,False,success
2019,Albania,Ktheju tokës,Jonida Maliqi,Sweden,SE,0,0,False,success
2019,Albania,Ktheju tokës,Jonida Maliqi,Slovenia,SI,0,0,False,success
2019,Albania,Ktheju tokës,Jonida Maliqi,San Marino,SM,0,0,False,success
2019,Albania,Ktheju tokës,Jonida Maliqi,Ukraine,UA,0,0,False,success
2019,Australia,Zero Gravity,Kate Miller-Heidke,Albania,AL,0,0,False,success
2019,Australia,Zero Gravity,Kate Miller-Heidke,Armenia,AM,0,0,False,success
2019,Australia,Zero Gravity,Kate Miller-Heidke,Austria,AT,0,26,False,success
2019,Australia,Zero Gravity,Kate Miller-Heidke,Australia,AU,100,100,True,success
2019,Australia,Zero Gravity,Kate Miller-Heidke,Azerbaijan,AZ,0,0,False,success
2019,Australia,Zero Gravity,Kate Miller-Heidke,Belgium,BE,0,17,False,success
2019,Australia,Zero Gravity,Kate Miller-Heidke,Bulgaria,BG,0,0,False,success
2019,Australia,Zero Gravity,Kate Miller-Heidke,Belarus,BY,0,0,False,success
2019,Australia,Zero Gravity,Kate Miller-Heidke,Switzerland,CH,0,12,False,success
2019,Australia,Zero Gravity,Kate Miller-Heidke,Cyprus,CY,0,0,False,success
2019,Australia,Zero Gravity,Kate Miller-Heidke,Czechia,CZ,0,19,False,success
2019,Australia,Zero Gravity,Kate Miller-Heidke,Germany,DE,0,12,False,success
2019,Australia,Zero Gravity,Kate Miller-Heidke,Denmark,DK,0,20,False,success
2019,Australia,Zero Gravity,Kate Miller-Heidke,Estonia,EE,0,100,False,success
2019,Australia,Zero Gravity,Kate Miller-Heidke,Spain,ES,0,16,False,success
2019,Australia,Zero Gravity,Kate Miller-Heidke,Finland,FI,0,39,False,success
2019,Australia,Zero Gravity,Kate Miller-Heidke,France,FR,0,11,False,success
2019,Australia,Zero Gravity,Kate Miller-Heidke,United Kingdom,GB,0,23,False,success
2019,Australia,Zero Gravity,Kate Miller-Heidke,Georgia,GE,0,0,False,success
2019,Australia,Zero Gravity,Kate Miller-Heidke,Greece,GR,0,58,False,success
2019,Australia,Zero Gravity,Kate Miller-Heidke,Croatia,HR,0,27,False,success
2019,Australia,Zero Gravity,Kate Miller-Heidke,Hungary,HU,0,14,False,success
2019,Australia,Zero Gravity,Kate Miller-Heidke,Ireland,IE,0,24,False,success
2019,Australia,Zero Gravity,Kate Miller-Heidke,Israel,IL,0,19,False,success
2019,Australia,Zero Gravity,Kate Miller-Heidke,Iceland,IS,0,0,False,success
2019,Australia,Zero Gravity,Kate Miller-Heidke,Italy,IT,0,43,False,success
2019,Australia,Zero Gravity,Kate Miller-Heidke,Lithuania,LT,0,39,False,success
2019,Australia,Zero Gravity,Kate Miller-Heidke,Luxembourg,LU,0,0,False,success
2019,Australia,Zero Gravity,Kate Miller-Heidke,Latvia,LV,0,0,False,success
2019,Australia,Zero Gravity,Kate Miller-Heidke,Moldova,MD,0,0,False,success
2019,Australia,Zero Gravity,Kate Miller-Heidke,Montenegro,ME,0,0,False,success
2019,Australia,Zero Gravity,Kate Miller-Heidke,North Macedonia,MK,0,0,False,success
2019,Australia,Zero Gravity,Kate Miller-Heidke,Malta,MT,0,0,False,success
2019,Australia,Zero Gravity,Kate Miller-Heidke,Netherlands,NL,0,28,False,success
2019,Australia,Zero Gravity,Kate Miller-Heidke,Norway,NO,0,31,False,success
2019,Australia,Zero Gravity,Kate Miller-Heidke,Poland,PL,0,27,False,success
2019,Australia,Zero Gravity,Kate Miller-Heidke,Portugal,PT,0,23,False,success
2019,Australia,Zero Gravity,Kate Miller-Heidke,Romania,RO,0,9,False,success
2019,Australia,Zero Gravity,Kate Miller-Heidke,Serbia,RS,0,10,False,success
2019,Australia,Zero Gravity,Kate Miller-Heidke,Russia,RU,0,5,False,success
2019,Australia,Zero Gravity,Kate Miller-Heidke,Sweden,SE,0,28,False,success
2019,Australia,Zero Gravity,Kate Miller-Heidke,Slovenia,SI,0,0,False,success
2019,Australia,Zero Gravity,Kate Miller-Heidke,San Marino,SM,0,0,False,success
2019,Australia,Zero Gravity,Kate Miller-Heidke,Ukraine,UA,0,5,False,success
2019,Azerbaijan,Truth,Chingiz,Albania,AL,0,15,False,success
2019,Azerbaijan,Truth,Chingiz,Armenia,AM,0,3,False,success
2019,Azerbaijan,Truth,Chingiz,Austria,AT,0,14,False,success
2019,Azerbaijan,Truth,Chingiz,Australia,AU,0,31,False,success
2019,Azerbaijan,Truth,Chingiz,Azerbaijan,AZ,100,10,True,success
2019,Azerbaijan,Truth,Chingiz,Belgium,BE,0,16,False,success
2019,Azerbaijan,Truth,Chingiz,Bulgaria,BG,0,10,False,success
2019,Azerbaijan,Truth,Chingiz,Belarus,BY,0,2,False,success
2019,Azerbaijan,Truth,Chingiz,Switzerland,CH,0,14,False,success
2019,Azerbaijan,Truth,Chingiz,Cyprus,CY,0,12,False,success
2019,Azerbaijan,Truth,Chingiz,Czechia,CZ,0,9,False,success
2019,Azerbaijan,Truth,Chingiz,Germany,DE,1,12,False,success
2019,Azerbaijan,Truth,Chingiz,Denmark,DK,0,24,False,success
2019,Azerbaijan,Truth,Chingiz,Estonia,EE,0,20,False,success
2019,Azerbaijan,Truth,Chingiz,Spain,ES,1,6,False,success
2019,Azerbaijan,Truth,Chingiz,Finland,FI,0,18,False,success
2019,Azerbaijan,Truth,Chingiz,France,FR,0,8,False,success
2019,Azerbaijan,Truth,Chingiz,United Kingdom,GB,0,33,False,success
2019,Azerbaijan,Truth,Chingiz,Georgia,GE,0,7,False,success
2019,Azerbaijan,Truth,Chingiz,Greece,GR,0,14,False,success
2019,Azerbaijan,Truth,Chingiz,Croatia,HR,0,16,False,success
2019,Azerbaijan,Truth,Chingiz,Hungary,HU,0,10,False,success
2019,Azerbaijan,Truth,Chingiz,Ireland,IE,0,34,False,success
2019,Azerbaijan,Truth,Chingiz,Israel,IL,0,8,False,success
2019,Azerbaijan,Truth,Chingiz,Iceland,IS,0,36,False,success
2019,Azerbaijan,Truth,Chingiz,Italy,IT,0,7,False,success
2019,Azerbaijan,Truth,Chingiz,Lithuania,LT,0,14,False,success
2019,Azerbaijan,Truth,Chingiz,Luxembourg,LU,0,20,False,success
2019,Azerbaijan,Truth,Chingiz,Latvia,LV,0,17,False,success
2019,Azerbaijan,Truth,Chingiz,Moldova,MD,0,4,False,success
2019,Azerbaijan,Truth,Chingiz,Montenegro,ME,0,6,False,success
2019,Azerbaijan,Truth,Chingiz,North Macedonia,MK,0,13,False,success
2019,Azerbaijan,Truth,Chingiz,Malta,MT,0,22,False,success
2019,Azerbaijan,Truth,Chingiz,Netherlands,NL,3,19,False,success
2019,Azerbaijan,Truth,Chingiz,Norway,NO,0,23,False,success
2019,Azerbaijan,Truth,Chingiz,Poland,PL,2,8,False,success
2019,Azerbaijan,Truth,Chingiz,Portugal,PT,0,13,False,success
2019,Azerbaijan,Truth,Chingiz,Romania,RO,0,10,False,success
2019,Azerbaijan,Truth,Chingiz,Serbia,RS,0,9,False,success
2019,Azerbaijan,Truth,Chingiz,Russia,RU,3,2,False,success
2019,Azerbaijan,Truth,Chingiz,Sweden,SE,0,19,False,success
2019,Azerbaijan,Truth,Chingiz,Slovenia,SI,0,20,False,success
2019,Azerbaijan,Truth,Chingiz,San Marino,SM,0,0,False,success
2019,Azerbaijan,Truth,Chingiz,Ukraine,UA,4,2,False,success
2019,Belarus,Like It,ZENA,Albania,AL,0,10,False,success
2019,Belarus,Like It,ZENA,Armenia,AM,0,100,False,success
2019,Belarus,Like It,ZENA,Austria,AT,0,10,False,success
2019,Belarus,Like It,ZENA,Australia,AU,0,16,False,success
2019,Belarus,Like It,ZENA,Azerbaijan,AZ,0,3,False,success
2019,Belarus,Like It,ZENA,Belgium,BE,0,11,False,success
2019,Belarus,Like It,ZENA,Bulgaria,BG,0,8,False,success
2019,Belarus,Like It,ZENA,Belarus,BY,100,4,True,success
2019,Belarus,Like It,ZENA,Switzerland,CH,0,9,False,success
2019,Belarus,Like It,ZENA,Cyprus,CY,0,11,False,success
2019,Belarus,Like It,ZENA,Czechia,CZ,0,11,False,success
2019,Belarus,Like It,ZENA,Germany,DE,0,9,False,success
2019,Belarus,Like It,ZENA,Denmark,DK,0,14,False,success
2019,Belarus,Like It,ZENA,Estonia,EE,0,10,False,success
2019,Belarus,Like It,ZENA,Spain,ES,4,7,False,success
2019,Belarus,Like It,ZENA,Finland,FI,0,12,False,success
2019,Belarus,Like It,ZENA,France,FR,0,7,False,success
2019,Belarus,Like It,ZENA,United Kingdom,GB,0,17,False,success
2019,Belarus,Like It,ZENA,Georgia,GE,0,12,False,success
2019,Belarus,Like It,ZENA,Greece,GR,0,13,False,success
2019,Belarus,Like It,ZENA,Croatia,HR,0,9,False,success
2019,Belarus,Like It,ZENA,Hungary,HU,0,10,False,success
2019,Belarus,Like It,ZENA,Ireland,IE,0,19,False,success
2019,Belarus,Like It,ZENA,Israel,IL,0,7,False,success
2019,Belarus,Like It,ZENA,Iceland,IS,0,14,False,success
2019,Belarus,Like It,ZENA,Italy,IT,0,7,False,success
2019,Belarus,Like It,ZENA,Lithuania,LT,0,10,False,success
2019,Belarus,Like It,ZENA,Luxembourg,LU,0,11,False,success
2019,Belarus,Like It,ZENA,Latvia,LV,0,10,False,success
2019,Belarus,Like It,ZENA,Moldova,MD,0,5,False,success
2019,Belarus,Like It,ZENA,Montenegro,ME,0,7,False,success
2019,Belarus,Like It,ZENA,North Macedonia,MK,0,8,False,success
2019,Belarus,Like It,ZENA,Malta,MT,0,17,False,success
2019,Belarus,Like It,ZENA,Netherlands,NL,0,8,False,success
2019,Belarus,Like It,ZENA,Norway,NO,0,10,False,success
2019,Belarus,Like It,ZENA,Poland,PL,0,6,False,success
2019,Belarus,Like It,ZENA,Portugal,PT,0,8,False,success
2019,Belarus,Like It,ZENA,Romania,RO,0,9,False,success
2019,Belarus,Like It,ZENA,Serbia,RS,0,7,False,success
2019,Belarus,Like It,ZENA,Russia,RU,7,2,False,success
2019,Belarus,Like It,ZENA,Sweden,SE,0,9,False,success
2019,Belarus,Like It,ZENA,Slovenia,SI,0,13,False,success
2019,Belarus,Like It,ZENA,San Marino,SM,0,0,False,success
2019,Belarus,Like It,ZENA,Ukraine,UA,0,3,False,success
2019,Cyprus,Replay,Tamta,Albania,AL,0,5,False,success
2019,Cyprus,Replay,Tamta,Armenia,AM,0,2,False,success
2019,Cyprus,Replay,Tamta,Austria,AT,0,5,False,success
2019,Cyprus,Replay,Tamta,Australia,AU,0,7,False,success
2019,Cyprus,Replay,Tamta,Azerbaijan,AZ,0,1,False,success
2019,Cyprus,Replay,Tamta,Belgium,BE,0,12,False,success
2019,Cyprus,Replay,Tamta,Bulgaria,BG,0,6,False,success
2019,Cyprus,Replay,Tamta,Belarus,BY,0,1,False,success
2019,Cyprus,Replay,Tamta,Switzerland,CH,0,8,False,success
2019,Cyprus,Replay,Tamta,Cyprus,CY,100,100,True,success
2019,Cyprus,Replay,Tamta,Czechia,CZ,0,8,False,success
2019,Cyprus,Replay,Tamta,Germany,DE,1,5,False,success
2019,Cyprus,Replay,Tamta,Denmark,DK,0,9,False,success
2019,Cyprus,Replay,Tamta,Estonia,EE,0,9,False,success
2019,Cyprus,Replay,Tamta,Spain,ES,1,8,False,success
2019,Cyprus,Replay,Tamta,Finland,FI,0,8,False,success
2019,Cyprus,Replay,Tamta,France,FR,0,26,False,success
2019,Cyprus,Replay,Tamta,United Kingdom,GB,1,7,False,success
2019,Cyprus,Replay,Tamta,Georgia,GE,0,7,False,success
2019,Cyprus,Replay,Tamta,Greece,GR,30,50,False,success
2019,Cyprus,Replay,Tamta,Croatia,HR,0,6,False,success
2019,Cyprus,Replay,Tamta,Hungary,HU,0,6,False,success
2019,Cyprus,Replay,Tamta,Ireland,IE,0,8,False,success
2019,Cyprus,Replay,Tamta,Israel,IL,0,5,False,success
2019,Cyprus,Replay,Tamta,Iceland,IS,0,10,False,success
2019,Cyprus,Replay,Tamta,Italy,IT,0,7,False,success
2019,Cyprus,Replay,Tamta,Lithuania,LT,12,6,False,success
2019,Cyprus,Replay,Tamta,Luxembourg,LU,0,11,False,success
2019,Cyprus,Replay,Tamta,Latvia,LV,0,6,False,success
2019,Cyprus,Replay,Tamta,Moldova,MD,0,2,False,success
2019,Cyprus,Replay,Tamta,Montenegro,ME,0,0,False,success
2019,Cyprus,Replay,Tamta,North Macedonia,MK,0,4,False,success
2019,Cyprus,Replay,Tamta,Malta,MT,0,14,False,success
2019,Cyprus,Replay,Tamta,Netherlands,NL,2,8,False,success
2019,Cyprus,Replay,Tamta,Norway,NO,0,7,False,success
2019,Cyprus,Replay,Tamta,Poland,PL,1,4,False,success
2019,Cyprus,Replay,Tamta,Portugal,PT,0,5,False,success
2019,Cyprus,Replay,Tamta,Romania,RO,0,5,False,success
2019,Cyprus,Replay,Tamta,Serbia,RS,0,6,False,success
2019,Cyprus,Replay,Tamta,Russia,RU,0,1,False,success
2019,Cyprus,Replay,Tamta,Sweden,SE,2,6,False,success
2019,Cyprus,Replay,Tamta,Slovenia,SI,0,9,False,success
2019,Cyprus,Replay,Tamta,San Marino,SM,0,0,False,success
2019,Cyprus,Replay,Tamta,Ukraine,UA,1,1,False,success
2019,Czechia,Friend of a Friend,Lake Malawi,Albania,AL,0,0,False,success
2019,Czechia,Friend of a Friend,Lake Malawi,Armenia,AM,0,0,False,success
2019,Czechia,Friend of a Friend,Lake Malawi,Austria,AT,0,0,False,success
2019,Czechia,Friend of a Friend,Lake Malawi,Australia,AU,0,0,False,success
2019,Czechia,Friend of a Friend,Lake Malawi,Azerbaijan,AZ,0,0,False,success
2019,Czechia,Friend of a Friend,Lake Malawi,Belgium,BE,0,0,False,success
2019,Czechia,Friend of a Friend,Lake Malawi,Bulgaria,BG,0,0,False,success
2019,Czechia,Friend of a Friend,Lake Malawi,Belarus,BY,0,0,False,success
2019,Czechia,Friend of a Friend,Lake Malawi,Switzerland,CH,0,0,False,success
2019,Czechia,Friend of a Friend,Lake Malawi,Cyprus,CY,0,0,False,success
2019,Czechia,Friend of a Friend,Lake Malawi,Czechia,CZ,100,0,True,success
2019,Czechia,Friend of a Friend,Lake Malawi,Germany,DE,0,0,False,success
2019,Czechia,Friend of a Friend,Lake Malawi,Denmark,DK,0,0,False,success
2019,Czechia,Friend of a Friend,Lake Malawi,Estonia,EE,0,0,False,success
2019,Czechia,Friend of a Friend,Lake Malawi,Spain,ES,0,0,False,success
2019,Czechia,Friend of a Friend,Lake Malawi,Finland,FI,0,0,False,success
2019,Czechia,Friend of a Friend,Lake Malawi,France,FR,0,0,False,success
2019,Czechia,Friend of a Friend,Lake Malawi,United Kingdom,GB,0,0,False,success
2019,Czechia,Friend of a Friend,Lake Malawi,Georgia,GE,0,0,False,success
2019,Czechia,Friend of a Friend,Lake Malawi,Greece,GR,0,0,False,success
2019,Czechia,Friend of a Friend,Lake Malawi,Croatia,HR,0,0,False,success
2019,Czechia,Friend of a Friend,Lake Malawi,Hungary,HU,0,0,False,success
2019,Czechia,Friend of a Friend,Lake Malawi,Ireland,IE,0,0,False,success
2019,Czechia,Friend of a Friend,Lake Malawi,Israel,IL,0,0,False,success
2019,Czechia,Friend of a Friend,Lake Malawi,Iceland,IS,0,0,False,success
2019,Czechia,Friend of a Friend,Lake Malawi,Italy,IT,0,0,False,success
2019,Czechia,Friend of a Friend,Lake Malawi,Lithuania,LT,0,0,False,success
2019,Czechia,Friend of a Friend,Lake Malawi,Luxembourg,LU,0,0,False,success
2019,Czechia,Friend of a Friend,Lake Malawi,Latvia,LV,0,0,False,success
2019,Czechia,Friend of a Friend,Lake Malawi,Moldova,MD,0,0,False,success
2019,Czechia,Friend of a Friend,Lake Malawi,Montenegro,ME,0,0,False,success
2019,Czechia,Friend of a Friend,Lake Malawi,North Macedonia,MK,0,0,False,success
2019,Czechia,Friend of a Friend,Lake Malawi,Malta,MT,0,0,False,success
2019,Czechia,Friend of a Friend,Lake Malawi,Netherlands,NL,12,0,False,success
2019,Czechia,Friend of a Friend,Lake Malawi,Norway,NO,0,0,False,success
2019,Czechia,Friend of a Friend,Lake Malawi,Poland,PL,0,0,False,success
2019,Czechia,Friend of a Friend,Lake Malawi,Portugal,PT,0,0,False,success
2019,Czechia,Friend of a Friend,Lake Malawi,Romania,RO,0,0,False,success
2019,Czechia,Friend of a Friend,Lake Malawi,Serbia,RS,0,0,False,success
2019,Czechia,Friend of a Friend,Lake Malawi,Russia,RU,0,0,False,success
2019,Czechia,Friend of a Friend,Lake Malawi,Sweden,SE,0,0,False,success
2019,Czechia,Friend of a Friend,Lake Malawi,Slovenia,SI,0,0,False,success
2019,Czechia,Friend of a Friend,Lake Malawi,San Marino,SM,0,0,False,success
2019,Czechia,Friend of a Friend,Lake Malawi,Ukraine,UA,0,0,False,success
2019,Denmark,Love Is Forever,Leonora,Albania,AL,0,0,False,success
2019,Denmark,Love Is Forever,Leonora,Armenia,AM,0,0,False,success
2019,Denmark,Love Is Forever,Leonora,Austria,AT,0,0,False,success
2019,Denmark,Love Is Forever,Leonora,Australia,AU,0,2,False,success
2019,Denmark,Love Is Forever,Leonora,Azerbaijan,AZ,0,0,False,success
2019,Denmark,Love Is Forever,Leonora,Belgium,BE,0,2,False,success
2019,Denmark,Love Is Forever,Leonora,Bulgaria,BG,0,0,False,success
2019,Denmark,Love Is Forever,Leonora,Belarus,BY,0,0,False,success
2019,Denmark,Love Is Forever,Leonora,Switzerland,CH,0,0,False,success
2019,Denmark,Love Is Forever,Leonora,Cyprus,CY,0,0,False,success
2019,Denmark,Love Is Forever,Leonora,Czechia,CZ,0,0,False,success
2019,Denmark,Love Is Forever,Leonora,Germany,DE,2,1,False,success
2019,Denmark,Love Is Forever,Leonora,Denmark,DK,100,100,True,success
2019,Denmark,Love Is Forever,Leonora,Estonia,EE,0,0,False,success
2019,Denmark,Love Is Forever,Leonora,Spain,ES,0,2,False,success
2019,Denmark,Love Is Forever,Leonora,Finland,FI,0,4,False,success
2019,Denmark,Love Is Forever,Leonora,France,FR,0,1,False,success
2019,Denmark,Love Is Forever,Leonora,United Kingdom,GB,0,3,False,success
2019,Denmark,Love Is Forever,Leonora,Georgia,GE,0,0,False,success
2019,Denmark,Love Is Forever,Leonora,Greece,GR,0,2,False,success
2019,Denmark,Love Is Forever,Leonora,Croatia,HR,0,0,False,success
2019,Denmark,Love Is Forever,Leonora,Hungary,HU,0,2,False,success
2019,Denmark,Love Is Forever,Leonora,Ireland,IE,0,0,False,success
2019,Denmark,Love Is Forever,Leonora,Israel,IL,0,1,False,success
2019,Denmark,Love Is Forever,Leonora,Iceland,IS,0,0,False,success
2019,Denmark,Love Is Forever,Leonora,Italy,IT,0,2,False,success
2019,Denmark,Love Is Forever,Leonora,Lithuania,LT,0,0,False,success
2019,Denmark,Love Is Forever,Leonora,Luxembourg,LU,0,0,False,success
2019,Denmark,Love Is Forever,Leonora,Latvia,LV,0,0,False,success
2019,Denmark,Love Is Forever,Leonora,Moldova,MD,0,0,False,success
2019,Denmark,Love Is Forever,Leonora,Montenegro,ME,0,0,False,success
2019,Denmark,Love Is Forever,Leonora,North Macedonia,MK,0,0,False,success
2019,Denmark,Love Is Forever,Leonora,Malta,MT,0,0,False,success
2019,Denmark,Love Is Forever,Leonora,Netherlands,NL,0,2,False,success
2019,Denmark,Love Is Forever,Leonora,Norway,NO,0,0,False,success
2019,Denmark,Love Is Forever,Leonora,Poland,PL,0,1,False,success
2019,Denmark,Love Is Forever,Leonora,Portugal,PT,0,3,False,success
2019,Denmark,Love Is Forever,Leonora,Romania,RO,0,1,False,success
2019,Denmark,Love Is Forever,Leonora,Serbia,RS,0,0,False,success
2019,Denmark,Love Is Forever,Leonora,Russia,RU,0,0,False,success
2019,Denmark,Love Is Forever,Leonora,Sweden,SE,0,3,False,success
2019,Denmark,Love Is Forever,Leonora,Slovenia,SI,0,0,False,success
2019,Denmark,Love Is Forever,Leonora,San Marino,SM,0,0,False,success
2019,Denmark,Love Is Forever,Leonora,Ukraine,UA,0,0,False,success
2019,Estonia,Storm,Victor Crone,Albania,AL,0,8,False,success
2019,Estonia,Storm,Victor Crone,Armenia,AM,0,5,False,success
2019,Estonia,Storm,Victor Crone,Austria,AT,0,14,False,success
2019,Estonia,Storm,Victor Crone,Australia,AU,0,27,False,success
2019,Estonia,Storm,Victor Crone,Azerbaijan,AZ,0,2,False,success
2019,Estonia,Storm,Victor Crone,Belgium,BE,0,17,False,success
2019,Estonia,Storm,Victor Crone,Bulgaria,BG,0,15,False,success
2019,Estonia,Storm,Victor Crone,Belarus,BY,0,5,False,success
2019,Estonia,Storm,Victor Crone,Switzerland,CH,0,12,False,success
2019,Estonia,Storm,Victor Crone,Cyprus,CY,0,11,False,success
2019,Estonia,Storm,Victor Crone,Czechia,CZ,0,22,False,success
2019,Estonia,Storm,Victor Crone,Germany,DE,0,14,False,success
2019,Estonia,Storm,Victor Crone,Denmark,DK,0,22,False,success
2019,Estonia,Storm,Victor Crone,Estonia,EE,100,79,True,success
2019,Estonia,Storm,Victor Crone,Spain,ES,0,9,False,success
2019,Estonia,Storm,Victor Crone,Finland,FI,0,22,False,success
2019,Estonia,Storm,Victor Crone,France,FR,0,12,False,success
2019,Estonia,Storm,Victor Crone,United Kingdom,GB,0,21,False,success
2019,Estonia,Storm,Victor Crone,Georgia,GE,0,10,False,success
2019,Estonia,Storm,Victor Crone,Greece,GR,0,14,False,success
2019,Estonia,Storm,Victor Crone,Croatia,HR,0,20,False,success
2019,Estonia,Storm,Victor Crone,Hungary,HU,0,19,False,success
2019,Estonia,Storm,Victor Crone,Ireland,IE,0,27,False,success
2019,Estonia,Storm,Victor Crone,Israel,IL,0,6,False,success
2019,Estonia,Storm,Victor Crone,Iceland,IS,0,21,False,success
2019,Estonia,Storm,Victor Crone,Italy,IT,0,11,False,success
2019,Estonia,Storm,Victor Crone,Lithuania,LT,0,20,False,success
2019,Estonia,Storm,Victor Crone,Luxembourg,LU,0,10,False,success
2019,Estonia,Storm,Victor Crone,Latvia,LV,0,20,False,success
2019,Estonia,Storm,Victor Crone,Moldova,MD,0,7,False,success
2019,Estonia,Storm,Victor Crone,Montenegro,ME,0,12,False,success
2019,Estonia,Storm,Victor Crone,North Macedonia,MK,0,12,False,success
2019,Estonia,Storm,Victor Crone,Malta,MT,0,26,False,success
2019,Estonia,Storm,Victor Crone,Netherlands,NL,0,19,False,success
2019,Estonia,Storm,Victor Crone,Norway,NO,0,23,False,success
2019,Estonia,Storm,Victor Crone,Poland,PL,0,11,False,success
2019,Estonia,Storm,Victor Crone,Portugal,PT,0,14,False,success
2019,Estonia,Storm,Victor Crone,Romania,RO,0,13,False,success
2019,Estonia,Storm,Victor Crone,Serbia,RS,0,14,False,success
2019,Estonia,Storm,Victor Crone,Russia,RU,0,5,False,success
2019,Estonia,Storm,Victor Crone,Sweden,SE,35,21,False,success
2019,Estonia,Storm,Victor Crone,Slovenia,SI,0,22,False,success
2019,Estonia,Storm,Victor Crone,San Marino,SM,0,0,False,success
2019,Estonia,Storm,Victor Crone,Ukraine,UA,0,6,False,success
2019,France,Roi,Bilal Hassani,Albania,AL,0,1,False,success
2019,France,Roi,Bilal Hassani,Armenia,AM,0,1,False,success
2019,France,Roi,Bilal Hassani,Austria,AT,0,1,False,success
2019,France,Roi,Bilal Hassani,Australia,AU,0,3,False,success
2019,France,Roi,Bilal Hassani,Azerbaijan,AZ,0,0,False,success
2019,France,Roi,Bilal Hassani,Belgium,BE,2,23,False,success
2019,France,Roi,Bilal Hassani,Bulgaria,BG,0,1,False,success
2019,France,Roi,Bilal Hassani,Belarus,BY,0,0,False,success
2019,France,Roi,Bilal Hassani,Switzerland,CH,0,11,False,success
2019,France,Roi,Bilal Hassani,Cyprus,CY,0,2,False,success
2019,France,Roi,Bilal Hassani,Czechia,CZ,0,2,False,success
2019,France,Roi,Bilal Hassani,Germany,DE,0,1,False,success
2019,France,Roi,Bilal Hassani,Denmark,DK,0,1,False,success
2019,France,Roi,Bilal Hassani,Estonia,EE,0,1,False,success
2019,France,Roi,Bilal Hassani,Spain,ES,0,3,False,success
2019,France,Roi,Bilal Hassani,Finland,FI,0,2,False,success
2019,France,Roi,Bilal Hassani,France,FR,6,53,True,success
2019,France,Roi,Bilal Hassani,United Kingdom,GB,0,1,False,success
2019,France,Roi,Bilal Hassani,Georgia,GE,0,2,False,success
2019,France,Roi,Bilal Hassani,Greece,GR,0,1,False,success
2019,France,Roi,Bilal Hassani,Croatia,HR,0,1,False,success
2019,France,Roi,Bilal Hassani,Hungary,HU,0,1,False,success
2019,France,Roi,Bilal Hassani,Ireland,IE,0,1,False,success
2019,France,Roi,Bilal Hassani,Israel,IL,0,1,False,success
2019,France,Roi,Bilal Hassani,Iceland,IS,0,4,False,success
2019,France,Roi,Bilal Hassani,Italy,IT,0,1,False,success
2019,France,Roi,Bilal Hassani,Lithuania,LT,0,2,False,success
2019,France,Roi,Bilal Hassani,Luxembourg,LU,0,11,False,success
2019,France,Roi,Bilal Hassani,Latvia,LV,0,0,False,success
2019,France,Roi,Bilal Hassani,Moldova,MD,0,0,False,success
2019,France,Roi,Bilal Hassani,Montenegro,ME,0,0,False,success
2019,France,Roi,Bilal Hassani,North Macedonia,MK,0,0,False,success
2019,France,Roi,Bilal Hassani,Malta,MT,0,3,False,success
2019,France,Roi,Bilal Hassani,Netherlands,NL,0,1,False,success
2019,France,Roi,Bilal Hassani,Norway,NO,0,2,False,success
2019,France,Roi,Bilal Hassani,Poland,PL,0,1,False,success
2019,France,Roi,Bilal Hassani,Portugal,PT,0,1,False,success
2019,France,Roi,Bilal Hassani,Romania,RO,0,1,False,success
2019,France,Roi,Bilal Hassani,Serbia,RS,0,0,False,success
2019,France,Roi,Bilal Hassani,Russia,RU,0,0,False,success
2019,France,Roi,Bilal Hassani,Sweden,SE,0,1,False,success
2019,France,Roi,Bilal Hassani,Slovenia,SI,0,1,False,success
2019,France,Roi,Bilal Hassani,San Marino,SM,0,0,False,success
2019,France,Roi,Bilal Hassani,Ukraine,UA,0,0,False,success
2019,Germany,Sister,S!sters,Albania,AL,0,14,False,success
2019,Germany,Sister,S!sters,Armenia,AM,0,10,False,success
2019,Germany,Sister,S!sters,Austria,AT,0,16,False,success
2019,Germany,Sister,S!sters,Australia,AU,0,42,False,success
2019,Germany,Sister,S!sters,Azerbaijan,AZ,0,2,False,success
2019,Germany,Sister,S!sters,Belgium,BE,0,22,False,success
2019,Germany,Sister,S!sters,Bulgaria,BG,0,9,False,success
2019,Germany,Sister,S!sters,Belarus,BY,0,2,False,success
2019,Germany,Sister,S!sters,Switzerland,CH,0,18,False,success
2019,Germany,Sister,S!sters,Cyprus,CY,0,12,False,success
2019,Germany,Sister,S!sters,Czechia,CZ,0,15,False,success
2019,Germany,Sister,S!sters,Germany,DE,0,16,True,success
2019,Germany,Sister,S!sters,Denmark,DK,0,25,False,success
2019,Germany,Sister,S!sters,Estonia,EE,0,19,False,success
2019,Germany,Sister,S!sters,Spain,ES,0,9,False,success
2019,Germany,Sister,S!sters,Finland,FI,0,21,False,success
2019,Germany,Sister,S!sters,France,FR,0,25,False,success
2019,Germany,Sister,S!sters,United Kingdom,GB,0,44,False,success
2019,Germany,Sister,S!sters,Georgia,GE,0,11,False,success
2019,Germany,Sister,S!sters,Greece,GR,0,13,False,success
2019,Germany,Sister,S!sters,Croatia,HR,0,16,False,success
2019,Germany,Sister,S!sters,Hungary,HU,0,10,False,success
2019,Germany,Sister,S!sters,Ireland,IE,0,48,False,success
2019,Germany,Sister,S!sters,Israel,IL,0,7,False,success
2019,Germany,Sister,S!sters,Iceland,IS,0,41,False,success
2019,Germany,Sister,S!sters,Italy,IT,0,15,False,success
2019,Germany,Sister,S!sters,Lithuania,LT,0,17,False,success
2019,Germany,Sister,S!sters,Luxembourg,LU,0,20,False,success
2019,Germany,Sister,S!sters,Latvia,LV,0,16,False,success
2019,Germany,Sister,S!sters,Moldova,MD,0,7,False,success
2019,Germany,Sister,S!sters,Montenegro,ME,0,9,False,success
2019,Germany,Sister,S!sters,North Macedonia,MK,0,12,False,success
2019,Germany,Sister,S!sters,Malta,MT,0,31,False,success
2019,Germany,Sister,S!sters,Netherlands,NL,0,18,False,success
2019,Germany,Sister,S!sters,Norway,NO,0,34,False,success
2019,Germany,Sister,S!sters,Poland,PL,0,8,False,success
2019,Germany,Sister,S!sters,Portugal,PT,0,13,False,success
2019,Germany,Sister,S!sters,Romania,RO,0,10,False,success
2019,Germany,Sister,S!sters,Serbia,RS,0,9,False,success
2019,Germany,Sister,S!sters,Russia,RU,0,2,False,success
2019,Germany,Sister,S!sters,Sweden,SE,0,24,False,success
2019,Germany,Sister,S!sters,Slovenia,SI,0,18,False,success
2019,Germany,Sister,S!sters,San Marino,SM,0,0,False,success
2019,Germany,Sister,S!sters,Ukraine,UA,0,2,False,success
2019,Greece,Better Love,Katerine Duska,Albania,AL,0,4,False,success
2019,Greece,Better Love,Katerine Duska,Armenia,AM,0,0,False,success
2019,Greece,Better Love,Katerine Duska,Austria,AT,0,4,False,success
2019,Greece,Better Love,Katerine Duska,Australia,AU,0,9,False,success
2019,Greece,Better Love,Katerine Duska,Azerbaijan,AZ,0,1,False,success
2019,Greece,Better Love,Katerine Duska,Belgium,BE,0,7,False,success
2019,Greece,Better Love,Katerine Duska,Bulgaria,BG,0,6,False,success
2019,Greece,Better Love,Katerine Duska,Belarus,BY,0,0,False,success
2019,Greece,Better Love,Katerine Duska,Switzerland,CH,0,5,False,success
2019,Greece,Better Love,Katerine Duska,Cyprus,CY,0,34,False,success
2019,Greece,Better Love,Katerine Duska,Czechia,CZ,0,4,False,success
2019,Greece,Better Love,Katerine Duska,Germany,DE,0,4,False,success
2019,Greece,Better Love,Katerine Duska,Denmark,DK,0,6,False,success
2019,Greece,Better Love,Katerine Duska,Estonia,EE,0,6,False,success
2019,Greece,Better Love,Katerine Duska,Spain,ES,0,4,False,success
2019,Greece,Better Love,Katerine Duska,Finland,FI,0,5,False,success
2019,Greece,Better Love,Katerine Duska,France,FR,0,4,False,success
2019,Greece,Better Love,Katerine Duska,United Kingdom,GB,0,9,False,success
2019,Greece,Better Love,Katerine Duska,Georgia,GE,0,3,False,success
2019,Greece,Better Love,Katerine Duska,Greece,GR,1,100,True,success
2019,Greece,Better Love,Katerine Duska,Croatia,HR,0,8,False,success
2019,Greece,Better Love,Katerine Duska,Hungary,HU,0,6,False,success
2019,Greece,Better Love,Katerine Duska,Ireland,IE,0,12,False,success
2019,Greece,Better Love,Katerine Duska,Israel,IL,0,3,False,success
2019,Greece,Better Love,Katerine Duska,Iceland,IS,0,0,False,success
2019,Greece,Better Love,Katerine Duska,Italy,IT,0,4,False,success
2019,Greece,Better Love,Katerine Duska,Lithuania,LT,0,7,False,success
2019,Greece,Better Love,Katerine Duska,Luxembourg,LU,0,0,False,success
2019,Greece,Better Love,Katerine Duska,Latvia,LV,0,4,False,success
2019,Greece,Better Love,Katerine Duska,Moldova,MD,0,0,False,success
2019,Greece,Better Love,Katerine Duska,Montenegro,ME,0,0,False,success
2019,Greece,Better Love,Katerine Duska,North Macedonia,MK,0,6,False,success
2019,Greece,Better Love,Katerine Duska,Malta,MT,0,0,False,success
2019,Greece,Better Love,Katerine Duska,Netherlands,NL,0,5,False,success
2019,Greece,Better Love,Katerine Duska,Norway,NO,0,5,False,success
2019,Greece,Better Love,Katerine Duska,Poland,PL,0,4,False,success
2019,Greece,Better Love,Katerine Duska,Portugal,PT,0,8,False,success
2019,Greece,Better Love,Katerine Duska,Romania,RO,0,5,False,success
2019,Greece,Better Love,Katerine Duska,Serbia,RS,0,4,False,success
2019,Greece,Better Love,Katerine Duska,Russia,RU,0,1,False,success
2019,Greece,Better Love,Katerine Duska,Sweden,SE,0,5,False,success
2019,Greece,Better Love,Katerine Duska,Slovenia,SI,0,9,False,success
2019,Greece,Better Love,Katerine Duska,San Marino,SM,0,0,False,success
2019,Greece,Better Love,Katerine Duska,Ukraine,UA,0,1,False,success
2019,Iceland,Hatrið mun sigra,Hatari,Albania,AL,0,0,False,success
2019,Iceland,Hatrið mun sigra,Hatari,Armenia,AM,0,0,False,success
2019,Iceland,Hatrið mun sigra,Hatari,Austria,AT,0,0,False,success
2019,Iceland,Hatrið mun sigra,Hatari,Australia,AU,0,0,False,success
2019,Iceland,Hatrið mun sigra,Hatari,Azerbaijan,AZ,0,0,False,success
2019,Iceland,Hatrið mun sigra,Hatari,Belgium,BE,0,0,False,success
2019,Iceland,Hatrið mun sigra,Hatari,Bulgaria,BG,0,0,False,success
2019,Iceland,Hatrið mun sigra,Hatari,Belarus,BY,0,0,False,success
2019,Iceland,Hatrið mun sigra,Hatari,Switzerland,CH,0,0,False,success
2019,Iceland,Hatrið mun sigra,Hatari,Cyprus,CY,0,0,False,success
2019,Iceland,Hatrið mun sigra,Hatari,Czechia,CZ,0,0,False,success
2019,Iceland,Hatrið mun sigra,Hatari,Germany,DE,1,0,False,success
2019,Iceland,Hatrið mun sigra,Hatari,Denmark,DK,0,1,False,success
2019,Iceland,Hatrið mun sigra,Hatari,Estonia,EE,0,0,False,success
2019,Iceland,Hatrið mun sigra,Hatari,Spain,ES,0,0,False,success
2019,Iceland,Hatrið mun sigra,Hatari,Finland,FI,0,1,False,success
2019,Iceland,Hatrið mun sigra,Hatari,France,FR,0,0,False,success
2019,Iceland,Hatrið mun sigra,Hatari,United Kingdom,GB,1,0,False,success
2019,Iceland,Hatrið mun sigra,Hatari,Georgia,GE,0,0,False,success
2019,Iceland,Hatrið mun sigra,Hatari,Greece,GR,6,0,False,success
2019,Iceland,Hatrið mun sigra,Hatari,Croatia,HR,0,0,False,success
2019,Iceland,Hatrið mun sigra,Hatari,Hungary,HU,0,0,False,success
2019,Iceland,Hatrið mun sigra,Hatari,Ireland,IE,0,0,False,success
2019,Iceland,Hatrið mun sigra,Hatari,Israel,IL,0,0,False,success
2019,Iceland,Hatrið mun sigra,Hatari,Iceland,IS,0,100,True,success
2019,Iceland,Hatrið mun sigra,Hatari,Italy,IT,0,0,False,success
2019,Iceland,Hatrið mun sigra,Hatari,Lithuania,LT,0,1,False,success
2019,Iceland,Hatrið mun sigra,Hatari,Luxembourg,LU,0,0,False,success
2019,Iceland,Hatrið mun sigra,Hatari,Latvia,LV,0,0,False,success
2019,Iceland,Hatrið mun sigra,Hatari,Moldova,MD,0,0,False,success
2019,Iceland,Hatrið mun sigra,Hatari,Montenegro,ME,0,0,False,success
2019,Iceland,Hatrið mun sigra,Hatari,North Macedonia,MK,0,0,False,success
2019,Iceland,Hatrið mun sigra,Hatari,Malta,MT,0,0,False,success
2019,Iceland,Hatrið mun sigra,Hatari,Netherlands,NL,0,0,False,success
2019,Iceland,Hatrið mun sigra,Hatari,Norway,NO,8,1,False,success
2019,Iceland,Hatrið mun sigra,Hatari,Poland,PL,2,0,False,success
2019,Iceland,Hatrið mun sigra,Hatari,Portugal,PT,0,0,False,success
2019,Iceland,Hatrið mun sigra,Hatari,Romania,RO,0,0,False,success
2019,Iceland,Hatrið mun sigra,Hatari,Serbia,RS,0,0,False,success
2019,Iceland,Hatrið mun sigra,Hatari,Russia,RU,3,0,False,success
2019,Iceland,Hatrið mun sigra,Hatari,Sweden,SE,0,0,False,success
2019,Iceland,Hatrið mun sigra,Hatari,Slovenia,SI,0,0,False,success
2019,Iceland,Hatrið mun sigra,Hatari,San Marino,SM,0,0,False,success
2019,Iceland,Hatrið mun sigra,Hatari,Ukraine,UA,3,0,False,success
2019,Israel,Home,Kobi Marimi,Albania,AL,0,16,False,success
2019,Israel,Home,Kobi Marimi,Armenia,AM,0,5,False,success
2019,Israel,Home,Kobi Marimi,Austria,AT,0,23,False,success
2019,Israel,Home,Kobi Marimi,Australia,AU,0,52,False,success
2019,Israel,Home,Kobi Marimi,Azerbaijan,AZ,0,4,False,success
2019,Israel,Home,Kobi Marimi,Belgium,BE,0,22,False,success
2019,Israel,Home,Kobi Marimi,Bulgaria,BG,0,15,False,success
2019,Israel,Home,Kobi Marimi,Belarus,BY,0,3,False,success
2019,Israel,Home,Kobi Marimi,Switzerland,CH,0,20,False,success
2019,Israel,Home,Kobi Marimi,Cyprus,CY,0,17,False,success
2019,Israel,Home,Kobi Marimi,Czechia,CZ,0,22,False,success
2019,Israel,Home,Kobi Marimi,Germany,DE,0,20,False,success
2019,Israel,Home,Kobi Marimi,Denmark,DK,0,32,False,success
2019,Israel,Home,Kobi Marimi,Estonia,EE,0,26,False,success
2019,Israel,Home,Kobi Marimi,Spain,ES,0,14,False,success
2019,Israel,Home,Kobi Marimi,Finland,FI,0,22,False,success
2019,Israel,Home,Kobi Marimi,France,FR,0,16,False,success
2019,Israel,Home,Kobi Marimi,United Kingdom,GB,0,44,False,success
2019,Israel,Home,Kobi Marimi,Georgia,GE,0,12,False,success
2019,Israel,Home,Kobi Marimi,Greece,GR,0,18,False,success
2019,Israel,Home,Kobi Marimi,Croatia,HR,0,19,False,success
2019,Israel,Home,Kobi Marimi,Hungary,HU,0,19,False,success
2019,Israel,Home,Kobi Marimi,Ireland,IE,0,57,False,success
2019,Israel,Home,Kobi Marimi,Israel,IL,100,18,True,success
2019,Israel,Home,Kobi Marimi,Iceland,IS,0,38,False,success
2019,Israel,Home,Kobi Marimi,Italy,IT,0,21,False,success
2019,Israel,Home,Kobi Marimi,Lithuania,LT,0,21,False,success
2019,Israel,Home,Kobi Marimi,Luxembourg,LU,0,22,False,success
2019,Israel,Home,Kobi Marimi,Latvia,LV,0,19,False,success
2019,Israel,Home,Kobi Marimi,Moldova,MD,0,6,False,success
2019,Israel,Home,Kobi Marimi,Montenegro,ME,0,11,False,success
2019,Israel,Home,Kobi Marimi,North Macedonia,MK,0,16,False,success
2019,Israel,Home,Kobi Marimi,Malta,MT,0,38,False,success
2019,Israel,Home,Kobi Marimi,Netherlands,NL,0,28,False,success
2019,Israel,Home,Kobi Marimi,Norway,NO,0,32,False,success
2019,Israel,Home,Kobi Marimi,Poland,PL,0,13,False,success
2019,Israel,Home,Kobi Marimi,Portugal,PT,0,19,False,success
2019,Israel,Home,Kobi Marimi,Romania,RO,0,13,False,success
2019,Israel,Home,Kobi Marimi,Serbia,RS,0,10,False,success
2019,Israel,Home,Kobi Marimi,Russia,RU,0,3,False,success
2019,Israel,Home,Kobi Marimi,Sweden,SE,0,28,False,success
2019,Israel,Home,Kobi Marimi,Slovenia,SI,0,28,False,success
2019,Israel,Home,Kobi Marimi,San Marino,SM,0,41,False,success
2019,Israel,Home,Kobi Marimi,Ukraine,UA,0,4,False,success
2019,Italy,Soldi,Mahmood,Albania,AL,0,9,False,success
2019,Italy,Soldi,Mahmood,Armenia,AM,0,1,False,success
2019,Italy,Soldi,Mahmood,Austria,AT,1,1,False,success
2019,Italy,Soldi,Mahmood,Australia,AU,0,0,False,success
2019,Italy,Soldi,Mahmood,Azerbaijan,AZ,0,0,False,success
2019,Italy,Soldi,Mahmood,Belgium,BE,1,1,False,success
2019,Italy,Soldi,Mahmood,Bulgaria,BG,0,1,False,success
2019,Italy,Soldi,Mahmood,Belarus,BY,1,0,False,success
2019,Italy,Soldi,Mahmood,Switzerland,CH,1,6,False,success
2019,Italy,Soldi,Mahmood,Cyprus,CY,0,1,False,success
2019,Italy,Soldi,Mahmood,Czechia,CZ,0,0,False,success
2019,Italy,Soldi,Mahmood,Germany,DE,0,1,False,success
2019,Italy,Soldi,Mahmood,Denmark,DK,0,1,False,success
2019,Italy,Soldi,Mahmood,Estonia,EE,0,2,False,success
2019,Italy,Soldi,Mahmood,Spain,ES,0,2,False,success
2019,Italy,Soldi,Mahmood,Finland,FI,1,1,False,success
2019,Italy,Soldi,Mahmood,France,FR,0,1,False,success
2019,Italy,Soldi,Mahmood,United Kingdom,GB,0,0,False,success
2019,Italy,Soldi,Mahmood,Georgia,GE,0,0,False,success
2019,Italy,Soldi,Mahmood,Greece,GR,1,3,False,success
2019,Italy,Soldi,Mahmood,Croatia,HR,1,2,False,success
2019,Italy,Soldi,Mahmood,Hungary,HU,0,1,False,success
2019,Italy,Soldi,Mahmood,Ireland,IE,0,1,False,success
2019,Italy,Soldi,Mahmood,Israel,IL,1,3,False,success
2019,Italy,Soldi,Mahmood,Iceland,IS,0,4,False,success
2019,Italy,Soldi,Mahmood,Italy,IT,8,100,True,success
2019,Italy,Soldi,Mahmood,Lithuania,LT,0,4,False,success
2019,Italy,Soldi,Mahmood,Luxembourg,LU,0,3,False,success
2019,Italy,Soldi,Mahmood,Latvia,LV,0,1,False,success
2019,Italy,Soldi,Mahmood,Moldova,MD,0,1,False,success
2019,Italy,Soldi,Mahmood,Montenegro,ME,0,1,False,success
2019,Italy,Soldi,Mahmood,North Macedonia,MK,0,1,False,success
2019,Italy,Soldi,Mahmood,Malta,MT,0,14,False,success
2019,Italy,Soldi,Mahmood,Netherlands,NL,1,1,False,success
2019,Italy,Soldi,Mahmood,Norway,NO,1,1,False,success
2019,Italy,Soldi,Mahmood,Poland,PL,0,1,False,success
2019,Italy,Soldi,Mahmood,Portugal,PT,0,1,False,success
2019,Italy,Soldi,Mahmood,Romania,RO,0,1,False,success
2019,Italy,Soldi,Mahmood,Serbia,RS,0,1,False,success
2019,Italy,Soldi,Mahmood,Russia,RU,1,0,False,success
2019,Italy,Soldi,Mahmood,Sweden,SE,1,1,False,success
2019,Italy,Soldi,Mahmood,Slovenia,SI,0,4,False,success
2019,Italy,Soldi,Mahmood,San Marino,SM,0,71,False,success
2019,Italy,Soldi,Mahmood,Ukraine,UA,1,1,False,success
2019,Malta,Chameleon,Michela,Albania,AL,0,1,False,success
2019,Malta,Chameleon,Michela,Armenia,AM,0,0,False,success
2019,Malta,Chameleon,Michela,Austria,AT,0,1,False,success
2019,Malta,Chameleon,Michela,Australia,AU,0,1,False,success
2019,Malta,Chameleon,Michela,Azerbaijan,AZ,0,0,False,success
2019,Malta,Chameleon,Michela,Belgium,BE,0,1,False,success
2019,Malta,Chameleon,Michela,Bulgaria,BG,0,0,False,success
2019,Malta,Chameleon,Michela,Belarus,BY,0,0,False,success
2019,Malta,Chameleon,Michela,Switzerland,CH,0,1,False,success
2019,Malta,Chameleon,Michela,Cyprus,CY,0,2,False,success
2019,Malta,Chameleon,Michela,Czechia,CZ,0,1,False,success
2019,Malta,Chameleon,Michela,Germany,DE,0,1,False,success
2019,Malta,Chameleon,Michela,Denmark,DK,0,1,False,success
2019,Malta,Chameleon,Michela,Estonia,EE,0,1,False,success
2019,Malta,Chameleon,Michela,Spain,ES,0,1,False,success
2019,Malta,Chameleon,Michela,Finland,FI,0,1,False,success
2019,Malta,Chameleon,Michela,France,FR,0,0,False,success
2019,Malta,Chameleon,Michela,United Kingdom,GB,0,1,False,success
2019,Malta,Chameleon,Michela,Georgia,GE,0,1,False,success
2019,Malta,Chameleon,Michela,Greece,GR,0,1,False,success
2019,Malta,Chameleon,Michela,Croatia,HR,0,1,False,success
2019,Malta,Chameleon,Michela,Hungary,HU,0,1,False,success
2019,Malta,Chameleon,Michela,Ireland,IE,0,1,False,success
2019,Malta,Chameleon,Michela,Israel,IL,0,0,False,success
2019,Malta,Chameleon,Michela,Iceland,IS,0,4,False,success
2019,Malta,Chameleon,Michela,Italy,IT,0,1,False,success
2019,Malta,Chameleon,Michela,Lithuania,LT,0,2,False,success
2019,Malta,Chameleon,Michela,Luxembourg,LU,0,0,False,success
2019,Malta,Chameleon,Michela,Latvia,LV,0,1,False,success
2019,Malta,Chameleon,Michela,Moldova,MD,0,0,False,success
2019,Malta,Chameleon,Michela,Montenegro,ME,0,0,False,success
2019,Malta,Chameleon,Michela,North Macedonia,MK,0,1,False,success
2019,Malta,Chameleon,Michela,Malta,MT,61,100,True,success
2019,Malta,Chameleon,Michela,Netherlands,NL,0,1,False,success
2019,Malta,Chameleon,Michela,Norway,NO,0,1,False,success
2019,Malta,Chameleon,Michela,Poland,PL,0,0,False,success
2019,Malta,Chameleon,Michela,Portugal,PT,0,1,False,success
2019,Malta,Chameleon,Michela,Romania,RO,0,0,False,success
2019,Malta,Chameleon,Michela,Serbia,RS,0,1,False,success
2019,Malta,Chameleon,Michela,Russia,RU,0,0,False,success
2019,Malta,Chameleon,Michela,Sweden,SE,0,1,False,success
2019,Malta,Chameleon,Michela,Slovenia,SI,0,1,False,success
2019,Malta,Chameleon,Michela,San Marino,SM,0,0,False,success
2019,Malta,Chameleon,Michela,Ukraine,UA,0,0,False,success
2019,Netherlands,Arcade,Duncan Laurence,Albania,AL,46,5,False,success
2019,Netherlands,Arcade,Duncan Laurence,Armenia,AM,0,4,False,success
2019,Netherlands,Arcade,Duncan Laurence,Austria,AT,0,7,False,success
2019,Netherlands,Arcade,Duncan Laurence,Australia,AU,0,11,False,success
2019,Netherlands,Arcade,Duncan Laurence,Azerbaijan,AZ,0,1,False,success
2019,Netherlands,Arcade,Duncan Laurence,Belgium,BE,10,13,False,success
2019,Netherlands,Arcade,Duncan Laurence,Bulgaria,BG,0,5,False,success
2019,Netherlands,Arcade,Duncan Laurence,Belarus,BY,12,3,False,success
2019,Netherlands,Arcade,Duncan Laurence,Switzerland,CH,0,9,False,success
2019,Netherlands,Arcade,Duncan Laurence,Cyprus,CY,0,8,False,success
2019,Netherlands,Arcade,Duncan Laurence,Czechia,CZ,0,5,False,success
2019,Netherlands,Arcade,Duncan Laurence,Germany,DE,2,6,False,success
2019,Netherlands,Arcade,Duncan Laurence,Denmark,DK,0,9,False,success
2019,Netherlands,Arcade,Duncan Laurence,Estonia,EE,0,11,False,success
2019,Netherlands,Arcade,Duncan Laurence,Spain,ES,1,11,False,success
2019,Netherlands,Arcade,Duncan Laurence,Finland,FI,6,9,False,success
2019,Netherlands,Arcade,Duncan Laurence,France,FR,1,7,False,success
2019,Netherlands,Arcade,Duncan Laurence,United Kingdom,GB,1,15,False,success
2019,Netherlands,Arcade,Duncan Laurence,Georgia,GE,0,5,False,success
2019,Netherlands,Arcade,Duncan Laurence,Greece,GR,0,12,False,success
2019,Netherlands,Arcade,Duncan Laurence,Croatia,HR,0,8,False,success
2019,Netherlands,Arcade,Duncan Laurence,Hungary,HU,0,7,False,success
2019,Netherlands,Arcade,Duncan Laurence,Ireland,IE,0,13,False,success
2019,Netherlands,Arcade,Duncan Laurence,Israel,IL,0,5,False,success
2019,Netherlands,Arcade,Duncan Laurence,Iceland,IS,0,29,False,success
2019,Netherlands,Arcade,Duncan Laurence,Italy,IT,1,50,False,success
2019,Netherlands,Arcade,Duncan Laurence,Lithuania,LT,0,14,False,success
2019,Netherlands,Arcade,Duncan Laurence,Luxembourg,LU,0,6,False,success
2019,Netherlands,Arcade,Duncan Laurence,Latvia,LV,0,10,False,success
2019,Netherlands,Arcade,Duncan Laurence,Moldova,MD,0,2,False,success
2019,Netherlands,Arcade,Duncan Laurence,Montenegro,ME,0,0,False,success
2019,Netherlands,Arcade,Duncan Laurence,North Macedonia,MK,0,5,False,success
2019,Netherlands,Arcade,Duncan Laurence,Malta,MT,0,27,False,success
2019,Netherlands,Arcade,Duncan Laurence,Netherlands,NL,100,100,True,success
2019,Netherlands,Arcade,Duncan Laurence,Norway,NO,0,9,False,success
2019,Netherlands,Arcade,Duncan Laurence,Poland,PL,2,5,False,success
2019,Netherlands,Arcade,Duncan Laurence,Portugal,PT,0,12,False,success
2019,Netherlands,Arcade,Duncan Laurence,Romania,RO,0,4,False,success
2019,Netherlands,Arcade,Duncan Laurence,Serbia,RS,0,5,False,success
2019,Netherlands,Arcade,Duncan Laurence,Russia,RU,3,2,False,success
2019,Netherlands,Arcade,Duncan Laurence,Sweden,SE,4,12,False,success
2019,Netherlands,Arcade,Duncan Laurence,Slovenia,SI,0,8,False,success
2019,Netherlands,Arcade,Duncan Laurence,San Marino,SM,0,0,False,success
2019,Netherlands,Arcade,Duncan Laurence,Ukraine,UA,3,2,False,success
2019,North Macedonia,Proud,Tamara Todevska,Albania,AL,0,2,False,success
2019,North Macedonia,Proud,Tamara Todevska,Armenia,AM,0,0,False,success
2019,North Macedonia,Proud,Tamara Todevska,Austria,AT,0,7,False,success
2019,North Macedonia,Proud,Tamara Todevska,Australia,AU,0,8,False,success
2019,North Macedonia,Proud,Tamara Todevska,Azerbaijan,AZ,0,0,False,success
2019,North Macedonia,Proud,Tamara Todevska,Belgium,BE,0,5,False,success
2019,North Macedonia,Proud,Tamara Todevska,Bulgaria,BG,0,3,False,success
2019,North Macedonia,Proud,Tamara Todevska,Belarus,BY,0,0,False,success
2019,North Macedonia,Proud,Tamara Todevska,Switzerland,CH,0,6,False,success
2019,North Macedonia,Proud,Tamara Todevska,Cyprus,CY,0,2,False,success
2019,North Macedonia,Proud,Tamara Todevska,Czechia,CZ,0,8,False,success
2019,North Macedonia,Proud,Tamara Todevska,Germany,DE,0,3,False,success
2019,North Macedonia,Proud,Tamara Todevska,Denmark,DK,0,5,False,success
2019,North Macedonia,Proud,Tamara Todevska,Estonia,EE,0,0,False,success
2019,North Macedonia,Proud,Tamara Todevska,Spain,ES,0,3,False,success
2019,North Macedonia,Proud,Tamara Todevska,Finland,FI,0,5,False,success
2019,North Macedonia,Proud,Tamara Todevska,France,FR,0,4,False,success
2019,North Macedonia,Proud,Tamara Todevska,United Kingdom,GB,0,10,False,success
2019,North Macedonia,Proud,Tamara Todevska,Georgia,GE,7,1,False,success
2019,North Macedonia,Proud,Tamara Todevska,Greece,GR,0,3,False,success
2019,North Macedonia,Proud,Tamara Todevska,Croatia,HR,0,6,False,success
2019,North Macedonia,Proud,Tamara Todevska,Hungary,HU,0,5,False,success
2019,North Macedonia,Proud,Tamara Todevska,Ireland,IE,0,11,False,success
2019,North Macedonia,Proud,Tamara Todevska,Israel,IL,0,2,False,success
2019,North Macedonia,Proud,Tamara Todevska,Iceland,IS,0,0,False,success
2019,North Macedonia,Proud,Tamara Todevska,Italy,IT,0,3,False,success
2019,North Macedonia,Proud,Tamara Todevska,Lithuania,LT,0,3,False,success
2019,North Macedonia,Proud,Tamara Todevska,Luxembourg,LU,0,6,False,success
2019,North Macedonia,Proud,Tamara Todevska,Latvia,LV,0,3,False,success
2019,North Macedonia,Proud,Tamara Todevska,Moldova,MD,0,0,False,success
2019,North Macedonia,Proud,Tamara Todevska,Montenegro,ME,0,5,False,success
2019,North Macedonia,Proud,Tamara Todevska,North Macedonia,MK,100,100,True,success
2019,North Macedonia,Proud,Tamara Todevska,Malta,MT,0,10,False,success
2019,North Macedonia,Proud,Tamara Todevska,Netherlands,NL,0,6,False,success
2019,North Macedonia,Proud,Tamara Todevska,Norway,NO,0,5,False,success
2019,North Macedonia,Proud,Tamara Todevska,Poland,PL,0,2,False,success
2019,North Macedonia,Proud,Tamara Todevska,Portugal,PT,0,5,False,success
2019,North Macedonia,Proud,Tamara Todevska,Romania,RO,0,3,False,success
2019,North Macedonia,Proud,Tamara Todevska,Serbia,RS,0,3,False,success
2019,North Macedonia,Proud,Tamara Todevska,Russia,RU,0,1,False,success
2019,North Macedonia,Proud,Tamara Todevska,Sweden,SE,0,6,False,success
2019,North Macedonia,Proud,Tamara Todevska,Slovenia,SI,0,8,False,success
2019,North Macedonia,Proud,Tamara Todevska,San Marino,SM,0,0,False,success
2019,North Macedonia,Proud,Tamara Todevska,Ukraine,UA,0,1,False,success
2019,Norway,Spirit in the Sky,KEiiNO,Albania,AL,0,0,False,success
2019,Norway,Spirit in the Sky,KEiiNO,Armenia,AM,0,0,False,success
2019,Norway,Spirit in the Sky,KEiiNO,Austria,AT,0,6,False,success
2019,Norway,Spirit in the Sky,KEiiNO,Australia,AU,0,4,False,success
2019,Norway,Spirit in the Sky,KEiiNO,Azerbaijan,AZ,0,0,False,success
2019,Norway,Spirit in the Sky,KEiiNO,Belgium,BE,0,4,False,success
2019,Norway,Spirit in the Sky,KEiiNO,Bulgaria,BG,0,0,False,success
2019,Norway,Spirit in the Sky,KEiiNO,Belarus,BY,0,0,False,success
2019,Norway,Spirit in the Sky,KEiiNO,Switzerland,CH,0,3,False,success
2019,Norway,Spirit in the Sky,KEiiNO,Cyprus,CY,0,0,False,success
2019,Norway,Spirit in the Sky,KEiiNO,Czechia,CZ,0,1,False,success
2019,Norway,Spirit in the Sky,KEiiNO,Germany,DE,5,3,False,success
2019,Norway,Spirit in the Sky,KEiiNO,Denmark,DK,0,8,False,success
2019,Norway,Spirit in the Sky,KEiiNO,Estonia,EE,0,10,False,success
2019,Norway,Spirit in the Sky,KEiiNO,Spain,ES,6,3,False,success
2019,Norway,Spirit in the Sky,KEiiNO,Finland,FI,0,6,False,success
2019,Norway,Spirit in the Sky,KEiiNO,France,FR,0,2,False,success
2019,Norway,Spirit in the Sky,KEiiNO,United Kingdom,GB,3,6,False,success
2019,Norway,Spirit in the Sky,KEiiNO,Georgia,GE,0,0,False,success
2019,Norway,Spirit in the Sky,KEiiNO,Greece,GR,0,3,False,success
2019,Norway,Spirit in the Sky,KEiiNO,Croatia,HR,0,7,False,success
2019,Norway,Spirit in the Sky,KEiiNO,Hungary,HU,0,3,False,success
2019,Norway,Spirit in the Sky,KEiiNO,Ireland,IE,0,7,False,success
2019,Norway,Spirit in the Sky,KEiiNO,Israel,IL,0,3,False,success
2019,Norway,Spirit in the Sky,KEiiNO,Iceland,IS,0,0,False,success
2019,Norway,Spirit in the Sky,KEiiNO,Italy,IT,0,3,False,success
2019,Norway,Spirit in the Sky,KEiiNO,Lithuania,LT,0,8,False,success
2019,Norway,Spirit in the Sky,KEiiNO,Luxembourg,LU,0,0,False,success
2019,Norway,Spirit in the Sky,KEiiNO,Latvia,LV,0,0,False,success
2019,Norway,Spirit in the Sky,KEiiNO,Moldova,MD,0,0,False,success
2019,Norway,Spirit in the Sky,KEiiNO,Montenegro,ME,0,0,False,success
2019,Norway,Spirit in the Sky,KEiiNO,North Macedonia,MK,0,0,False,success
2019,Norway,Spirit in the Sky,KEiiNO,Malta,MT,0,0,False,success
2019,Norway,Spirit in the Sky,KEiiNO,Netherlands,NL,13,4,False,success
2019,Norway,Spirit in the Sky,KEiiNO,Norway,NO,100,100,True,success
2019,Norway,Spirit in the Sky,KEiiNO,Poland,PL,0,2,False,success
2019,Norway,Spirit in the Sky,KEiiNO,Portugal,PT,0,2,False,success
2019,Norway,Spirit in the Sky,KEiiNO,Romania,RO,0,0,False,success
2019,Norway,Spirit in the Sky,KEiiNO,Serbia,RS,0,1,False,success
2019,Norway,Spirit in the Sky,KEiiNO,Russia,RU,8,1,False,success
2019,Norway,Spirit in the Sky,KEiiNO,Sweden,SE,15,7,False,success
2019,Norway,Spirit in the Sky,KEiiNO,Slovenia,SI,0,9,False,success
2019,Norway,Spirit in the Sky,KEiiNO,San Marino,SM,0,0,False,success
2019,Norway,Spirit in the Sky,KEiiNO,Ukraine,UA,0,0,False,success
2019,Russia,Scream,Sergey Lazarev,Albania,AL,0,23,False,success
2019,Russia,Scream,Sergey Lazarev,Armenia,AM,0,13,False,success
2019,Russia,Scream,Sergey Lazarev,Austria,AT,0,45,False,success
2019,Russia,Scream,Sergey Lazarev,Australia,AU,0,66,False,success
2019,Russia,Scream,Sergey Lazarev,Azerbaijan,AZ,0,9,False,success
2019,Russia,Scream,Sergey Lazarev,Belgium,BE,0,44,False,success
2019,Russia,Scream,Sergey Lazarev,Bulgaria,BG,0,40,False,success
2019,Russia,Scream,Sergey Lazarev,Belarus,BY,0,29,False,success
2019,Russia,Scream,Sergey Lazarev,Switzerland,CH,0,36,False,success
2019,Russia,Scream,Sergey Lazarev,Cyprus,CY,0,36,False,success
2019,Russia,Scream,Sergey Lazarev,Czechia,CZ,0,46,False,success
2019,Russia,Scream,Sergey Lazarev,Germany,DE,0,43,False,success
2019,Russia,Scream,Sergey Lazarev,Denmark,DK,0,56,False,success
2019,Russia,Scream,Sergey Lazarev,Estonia,EE,0,85,False,success
2019,Russia,Scream,Sergey Lazarev,Spain,ES,0,26,False,success
2019,Russia,Scream,Sergey Lazarev,Finland,FI,0,75,False,success
2019,Russia,Scream,Sergey Lazarev,France,FR,0,29,False,success
2019,Russia,Scream,Sergey Lazarev,United Kingdom,GB,0,79,False,success
2019,Russia,Scream,Sergey Lazarev,Georgia,GE,0,22,False,success
2019,Russia,Scream,Sergey Lazarev,Greece,GR,0,48,False,success
2019,Russia,Scream,Sergey Lazarev,Croatia,HR,0,49,False,success
2019,Russia,Scream,Sergey Lazarev,Hungary,HU,0,57,False,success
2019,Russia,Scream,Sergey Lazarev,Ireland,IE,0,77,False,success
2019,Russia,Scream,Sergey Lazarev,Israel,IL,0,23,False,success
2019,Russia,Scream,Sergey Lazarev,Iceland,IS,0,100,False,success
2019,Russia,Scream,Sergey Lazarev,Italy,IT,0,46,False,success
2019,Russia,Scream,Sergey Lazarev,Lithuania,LT,0,54,False,success
2019,Russia,Scream,Sergey Lazarev,Luxembourg,LU,0,53,False,success
2019,Russia,Scream,Sergey Lazarev,Latvia,LV,0,54,False,success
2019,Russia,Scream,Sergey Lazarev,Moldova,MD,0,22,False,success
2019,Russia,Scream,Sergey Lazarev,Montenegro,ME,0,23,False,success
2019,Russia,Scream,Sergey Lazarev,North Macedonia,MK,0,28,False,success
2019,Russia,Scream,Sergey Lazarev,Malta,MT,0,79,False,success
2019,Russia,Scream,Sergey Lazarev,Netherlands,NL,0,48,False,success
2019,Russia,Scream,Sergey Lazarev,Norway,NO,0,67,False,success
2019,Russia,Scream,Sergey Lazarev,Poland,PL,0,38,False,success
2019,Russia,Scream,Sergey Lazarev,Portugal,PT,0,38,False,success
2019,Russia,Scream,Sergey Lazarev,Romania,RO,0,37,False,success
2019,Russia,Scream,Sergey Lazarev,Serbia,RS,0,32,False,success
2019,Russia,Scream,Sergey Lazarev,Russia,RU,0,25,True,success
2019,Russia,Scream,Sergey Lazarev,Sweden,SE,0,67,False,success
2019,Russia,Scream,Sergey Lazarev,Slovenia,SI,0,42,False,success
2019,Russia,Scream,Sergey Lazarev,San Marino,SM,0,0,False,success
2019,Russia,Scream,Sergey Lazarev,Ukraine,UA,0,15,False,success
2019,San Marino,Say Na Na Na,Serhat,Albania,AL,0,0,False,success
2019,San Marino,Say Na Na Na,Serhat,Armenia,AM,0,0,False,success
2019,San Marino,Say Na Na Na,Serhat,Austria,AT,0,0,False,success
2019,San Marino,Say Na Na Na,Serhat,Australia,AU,0,0,False,success
2019,San Marino,Say Na Na Na,Serhat,Azerbaijan,AZ,0,0,False,success
2019,San Marino,Say Na Na Na,Serhat,Belgium,BE,0,0,False,success
2019,San Marino,Say Na Na Na,Serhat,Bulgaria,BG,0,0,False,success
2019,San Marino,Say Na Na Na,Serhat,Belarus,BY,0,0,False,success
2019,San Marino,Say Na Na Na,Serhat,Switzerland,CH,0,0,False,success
2019,San Marino,Say Na Na Na,Serhat,Cyprus,CY,0,0,False,success
2019,San Marino,Say Na Na Na,Serhat,Czechia,CZ,0,0,False,success
2019,San Marino,Say Na Na Na,Serhat,Germany,DE,0,0,False,success
2019,San Marino,Say Na Na Na,Serhat,Denmark,DK,0,0,False,success
2019,San Marino,Say Na Na Na,Serhat,Estonia,EE,0,0,False,success
2019,San Marino,Say Na Na Na,Serhat,Spain,ES,0,0,False,success
2019,San Marino,Say Na Na Na,Serhat,Finland,FI,0,0,False,success
2019,San Marino,Say Na Na Na,Serhat,France,FR,0,0,False,success
2019,San Marino,Say Na Na Na,Serhat,United Kingdom,GB,0,0,False,success
2019,San Marino,Say Na Na Na,Serhat,Georgia,GE,0,0,False,success
2019,San Marino,Say Na Na Na,Serhat,Greece,GR,0,0,False,success
2019,San Marino,Say Na Na Na,Serhat,Croatia,HR,0,0,False,success
2019,San Marino,Say Na Na Na,Serhat,Hungary,HU,0,0,False,success
2019,San Marino,Say Na Na Na,Serhat,Ireland,IE,0,0,False,success
2019,San Marino,Say Na Na Na,Serhat,Israel,IL,0,0,False,success
2019,San Marino,Say Na Na Na,Serhat,Iceland,IS,0,0,False,success
2019,San Marino,Say Na Na Na,Serhat,Italy,IT,0,0,False,success
2019,San Marino,Say Na Na Na,Serhat,Lithuania,LT,0,0,False,success
2019,San Marino,Say Na Na Na,Serhat,Luxembourg,LU,0,0,False,success
2019,San Marino,Say Na Na Na,Serhat,Latvia,LV,0,0,False,success
2019,San Marino,Say Na Na Na,Serhat,Moldova,MD,0,0,False,success
2019,San Marino,Say Na Na Na,Serhat,Montenegro,ME,0,0,False,success
2019,San Marino,Say Na Na Na,Serhat,North Macedonia,MK,0,0,False,success
2019,San Marino,Say Na Na Na,Serhat,Malta,MT,0,0,False,success
2019,San Marino,Say Na Na Na,Serhat,Netherlands,NL,0,0,False,success
2019,San Marino,Say Na Na Na,Serhat,Norway,NO,0,0,False,success
2019,San Marino,Say Na Na Na,Serhat,Poland,PL,0,0,False,success
2019,San Marino,Say Na Na Na,Serhat,Portugal,PT,0,0,False,success
2019,San Marino,Say Na Na Na,Serhat,Romania,RO,0,0,False,success
2019,San Marino,Say Na Na Na,Serhat,Serbia,RS,0,0,False,success
2019,San Marino,Say Na Na Na,Serhat,Russia,RU,0,0,False,success
2019,San Marino,Say Na Na Na,Serhat,Sweden,SE,0,0,False,success
2019,San Marino,Say Na Na Na,Serhat,Slovenia,SI,0,0,False,success
2019,San Marino,Say Na Na Na,Serhat,San Marino,SM,0,0,True,success
2019,San Marino,Say Na Na Na,Serhat,Ukraine,UA,0,0,False,success
2019,Serbia,Kruna,Nevena Božović,Albania,AL,0,0,False,success
2019,Serbia,Kruna,Nevena Božović,Armenia,AM,0,0,False,success
2019,Serbia,Kruna,Nevena Božović,Austria,AT,0,4,False,success
2019,Serbia,Kruna,Nevena Božović,Australia,AU,0,0,False,success
2019,Serbia,Kruna,Nevena Božović,Azerbaijan,AZ,0,0,False,success
2019,Serbia,Kruna,Nevena Božović,Belgium,BE,0,3,False,success
2019,Serbia,Kruna,Nevena Božović,Bulgaria,BG,0,0,False,success
2019,Serbia,Kruna,Nevena Božović,Belarus,BY,0,0,False,success
2019,Serbia,Kruna,Nevena Božović,Switzerland,CH,0,5,False,success
2019,Serbia,Kruna,Nevena Božović,Cyprus,CY,0,0,False,success
2019,Serbia,Kruna,Nevena Božović,Czechia,CZ,0,0,False,success
2019,Serbia,Kruna,Nevena Božović,Germany,DE,0,1,False,success
2019,Serbia,Kruna,Nevena Božović,Denmark,DK,0,0,False,success
2019,Serbia,Kruna,Nevena Božović,Estonia,EE,0,0,False,success
2019,Serbia,Kruna,Nevena Božović,Spain,ES,0,1,False,success
2019,Serbia,Kruna,Nevena Božović,Finland,FI,0,0,False,success
2019,Serbia,Kruna,Nevena Božović,France,FR,0,0,False,success
2019,Serbia,Kruna,Nevena Božović,United Kingdom,GB,0,0,False,success
2019,Serbia,Kruna,Nevena Božović,Georgia,GE,0,0,False,success
2019,Serbia,Kruna,Nevena Božović,Greece,GR,0,2,False,success
2019,Serbia,Kruna,Nevena Božović,Croatia,HR,0,41,False,success
2019,Serbia,Kruna,Nevena Božović,Hungary,HU,0,0,False,success
2019,Serbia,Kruna,Nevena Božović,Ireland,IE,0,0,False,success
2019,Serbia,Kruna,Nevena Božović,Israel,IL,0,0,False,success
2019,Serbia,Kruna,Nevena Božović,Iceland,IS,0,0,False,success
2019,Serbia,Kruna,Nevena Božović,Italy,IT,0,0,False,success
2019,Serbia,Kruna,Nevena Božović,Lithuania,LT,0,0,False,success
2019,Serbia,Kruna,Nevena Božović,Luxembourg,LU,0,0,False,success
2019,Serbia,Kruna,Nevena Božović,Latvia,LV,0,0,False,success
2019,Serbia,Kruna,Nevena Božović,Moldova,MD,0,0,False,success
2019,Serbia,Kruna,Nevena Božović,Montenegro,ME,0,58,False,success
2019,Serbia,Kruna,Nevena Božović,North Macedonia,MK,0,18,False,success
2019,Serbia,Kruna,Nevena Božović,Malta,MT,0,0,False,success
2019,Serbia,Kruna,Nevena Božović,Netherlands,NL,0,0,False,success
2019,Serbia,Kruna,Nevena Božović,Norway,NO,0,0,False,success
2019,Serbia,Kruna,Nevena Božović,Poland,PL,0,1,False,success
2019,Serbia,Kruna,Nevena Božović,Portugal,PT,0,0,False,success
2019,Serbia,Kruna,Nevena Božović,Romania,RO,0,0,False,success
2019,Serbia,Kruna,Nevena Božović,Serbia,RS,0,100,True,success
2019,Serbia,Kruna,Nevena Božović,Russia,RU,0,0,False,success
2019,Serbia,Kruna,Nevena Božović,Sweden,SE,0,2,False,success
2019,Serbia,Kruna,Nevena Božović,Slovenia,SI,0,16,False,success
2019,Serbia,Kruna,Nevena Božović,San Marino,SM,0,0,False,success
2019,Serbia,Kruna,Nevena Božović,Ukraine,UA,0,0,False,success
2019,Slovenia,Sebi,Zala Kralj & Gašper Šantl,Albania,AL,0,0,False,success
2019,Slovenia,Sebi,Zala Kralj & Gašper Šantl,Armenia,AM,0,0,False,success
2019,Slovenia,Sebi,Zala Kralj & Gašper Šantl,Austria,AT,0,5,False,success
2019,Slovenia,Sebi,Zala Kralj & Gašper Šantl,Australia,AU,0,2,False,success
2019,Slovenia,Sebi,Zala Kralj & Gašper Šantl,Azerbaijan,AZ,0,1,False,success
2019,Slovenia,Sebi,Zala Kralj & Gašper Šantl,Belgium,BE,0,3,False,success
2019,Slovenia,Sebi,Zala Kralj & Gašper Šantl,Bulgaria,BG,0,0,False,success
2019,Slovenia,Sebi,Zala Kralj & Gašper Šantl,Belarus,BY,0,0,False,success
2019,Slovenia,Sebi,Zala Kralj & Gašper Šantl,Switzerland,CH,0,2,False,success
2019,Slovenia,Sebi,Zala Kralj & Gašper Šantl,Cyprus,CY,0,3,False,success
2019,Slovenia,Sebi,Zala Kralj & Gašper Šantl,Czechia,CZ,0,1,False,success
2019,Slovenia,Sebi,Zala Kralj & Gašper Šantl,Germany,DE,0,2,False,success
2019,Slovenia,Sebi,Zala Kralj & Gašper Šantl,Denmark,DK,0,2,False,success
2019,Slovenia,Sebi,Zala Kralj & Gašper Šantl,Estonia,EE,0,0,False,success
2019,Slovenia,Sebi,Zala Kralj & Gašper Šantl,Spain,ES,0,1,False,success
2019,Slovenia,Sebi,Zala Kralj & Gašper Šantl,Finland,FI,0,1,False,success
2019,Slovenia,Sebi,Zala Kralj & Gašper Šantl,France,FR,0,1,False,success
2019,Slovenia,Sebi,Zala Kralj & Gašper Šantl,United Kingdom,GB,0,4,False,success
2019,Slovenia,Sebi,Zala Kralj & Gašper Šantl,Georgia,GE,0,0,False,success
2019,Slovenia,Sebi,Zala Kralj & Gašper Šantl,Greece,GR,0,1,False,success
2019,Slovenia,Sebi,Zala Kralj & Gašper Šantl,Croatia,HR,0,17,False,success
2019,Slovenia,Sebi,Zala Kralj & Gašper Šantl,Hungary,HU,0,1,False,success
2019,Slovenia,Sebi,Zala Kralj & Gašper Šantl,Ireland,IE,0,2,False,success
2019,Slovenia,Sebi,Zala Kralj & Gašper Šantl,Israel,IL,0,1,False,success
2019,Slovenia,Sebi,Zala Kralj & Gašper Šantl,Iceland,IS,0,0,False,success
2019,Slovenia,Sebi,Zala Kralj & Gašper Šantl,Italy,IT,0,2,False,success
2019,Slovenia,Sebi,Zala Kralj & Gašper Šantl,Lithuania,LT,0,2,False,success
2019,Slovenia,Sebi,Zala Kralj & Gašper Šantl,Luxembourg,LU,0,0,False,success
2019,Slovenia,Sebi,Zala Kralj & Gašper Šantl,Latvia,LV,0,0,False,success
2019,Slovenia,Sebi,Zala Kralj & Gašper Šantl,Moldova,MD,0,17,False,success
2019,Slovenia,Sebi,Zala Kralj & Gašper Šantl,Montenegro,ME,0,21,False,success
2019,Slovenia,Sebi,Zala Kralj & Gašper Šantl,North Macedonia,MK,0,7,False,success
2019,Slovenia,Sebi,Zala Kralj & Gašper Šantl,Malta,MT,0,0,False,success
2019,Slovenia,Sebi,Zala Kralj & Gašper Šantl,Netherlands,NL,0,2,False,success
2019,Slovenia,Sebi,Zala Kralj & Gašper Šantl,Norway,NO,0,3,False,success
2019,Slovenia,Sebi,Zala Kralj & Gašper Šantl,Poland,PL,0,1,False,success
2019,Slovenia,Sebi,Zala Kralj & Gašper Šantl,Portugal,PT,0,1,False,success
2019,Slovenia,Sebi,Zala Kralj & Gašper Šantl,Romania,RO,0,61,False,success
2019,Slovenia,Sebi,Zala Kralj & Gašper Šantl,Serbia,RS,0,21,False,success
2019,Slovenia,Sebi,Zala Kralj & Gašper Šantl,Russia,RU,0,0,False,success
2019,Slovenia,Sebi,Zala Kralj & Gašper Šantl,Sweden,SE,0,2,False,success
2019,Slovenia,Sebi,Zala Kralj & Gašper Šantl,Slovenia,SI,0,100,True,success
2019,Slovenia,Sebi,Zala Kralj & Gašper Šantl,San Marino,SM,0,0,False,success
2019,Slovenia,Sebi,Zala Kralj & Gašper Šantl,Ukraine,UA,0,0,False,success
2019,Spain,La Venda,Miki,Albania,AL,0,3,False,success
2019,Spain,La Venda,Miki,Armenia,AM,0,0,False,success
2019,Spain,La Venda,Miki,Austria,AT,0,1,False,success
2019,Spain,La Venda,Miki,Australia,AU,0,0,False,success
2019,Spain,La Venda,Miki,Azerbaijan,AZ,0,0,False,success
2019,Spain,La Venda,Miki,Belgium,BE,0,2,False,success
2019,Spain,La Venda,Miki,Bulgaria,BG,0,1,False,success
2019,Spain,La Venda,Miki,Belarus,BY,0,0,False,success
2019,Spain,La Venda,Miki,Switzerland,CH,0,1,False,success
2019,Spain,La Venda,Miki,Cyprus,CY,0,0,False,success
2019,Spain,La Venda,Miki,Czechia,CZ,0,0,False,success
2019,Spain,La Venda,Miki,Germany,DE,1,1,False,success
2019,Spain,La Venda,Miki,Denmark,DK,0,2,False,success
2019,Spain,La Venda,Miki,Estonia,EE,0,8,False,success
2019,Spain,La Venda,Miki,Spain,ES,100,100,True,success
2019,Spain,La Venda,Miki,Finland,FI,0,2,False,success
2019,Spain,La Venda,Miki,France,FR,0,1,False,success
2019,Spain,La Venda,Miki,United Kingdom,GB,1,1,False,success
2019,Spain,La Venda,Miki,Georgia,GE,0,0,False,success
2019,Spain,La Venda,Miki,Greece,GR,0,2,False,success
2019,Spain,La Venda,Miki,Croatia,HR,0,0,False,success
2019,Spain,La Venda,Miki,Hungary,HU,0,1,False,success
2019,Spain,La Venda,Miki,Ireland,IE,0,2,False,success
2019,Spain,La Venda,Miki,Israel,IL,0,1,False,success
2019,Spain,La Venda,Miki,Iceland,IS,0,0,False,success
2019,Spain,La Venda,Miki,Italy,IT,2,1,False,success
2019,Spain,La Venda,Miki,Lithuania,LT,0,4,False,success
2019,Spain,La Venda,Miki,Luxembourg,LU,0,0,False,success
2019,Spain,La Venda,Miki,Latvia,LV,0,0,False,success
2019,Spain,La Venda,Miki,Moldova,MD,0,0,False,success
2019,Spain,La Venda,Miki,Montenegro,ME,0,0,False,success
2019,Spain,La Venda,Miki,North Macedonia,MK,0,0,False,success
2019,Spain,La Venda,Miki,Malta,MT,0,0,False,success
2019,Spain,La Venda,Miki,Netherlands,NL,5,1,False,success
2019,Spain,La Venda,Miki,Norway,NO,0,0,False,success
2019,Spain,La Venda,Miki,Poland,PL,0,1,False,success
2019,Spain,La Venda,Miki,Portugal,PT,0,3,False,success
2019,Spain,La Venda,Miki,Romania,RO,0,1,False,success
2019,Spain,La Venda,Miki,Serbia,RS,0,1,False,success
2019,Spain,La Venda,Miki,Russia,RU,0,0,False,success
2019,Spain,La Venda,Miki,Sweden,SE,0,1,False,success
2019,Spain,La Venda,Miki,Slovenia,SI,0,3,False,success
2019,Spain,La Venda,Miki,San Marino,SM,0,0,False,success
2019,Spain,La Venda,Miki,Ukraine,UA,0,0,False,success
2019,Sweden,Too Late for Love,John Lundvik,Albania,AL,0,0,False,success
2019,Sweden,Too Late for Love,John Lundvik,Armenia,AM,0,0,False,success
2019,Sweden,Too Late for Love,John Lundvik,Austria,AT,0,1,False,success
2019,Sweden,Too Late for Love,John Lundvik,Australia,AU,0,0,False,success
2019,Sweden,Too Late for Love,John Lundvik,Azerbaijan,AZ,0,0,False,success
2019,Sweden,Too Late for Love,John Lundvik,Belgium,BE,0,1,False,success
2019,Sweden,Too Late for Love,John Lundvik,Bulgaria,BG,0,0,False,success
2019,Sweden,Too Late for Love,John Lundvik,Belarus,BY,0,1,False,success
2019,Sweden,Too Late for Love,John Lundvik,Switzerland,CH,0,1,False,success
2019,Sweden,Too Late for Love,John Lundvik,Cyprus,CY,0,0,False,success
2019,Sweden,Too Late for Love,John Lundvik,Czechia,CZ,0,0,False,success
2019,Sweden,Too Late for Love,John Lundvik,Germany,DE,0,0,False,success
2019,Sweden,Too Late for Love,John Lundvik,Denmark,DK,0,3,False,success
2019,Sweden,Too Late for Love,John Lundvik,Estonia,EE,0,0,False,success
2019,Sweden,Too Late for Love,John Lundvik,Spain,ES,0,2,False,success
2019,Sweden,Too Late for Love,John Lundvik,Finland,FI,0,3,False,success
2019,Sweden,Too Late for Love,John Lundvik,France,FR,0,0,False,success
2019,Sweden,Too Late for Love,John Lundvik,United Kingdom,GB,0,0,False,success
2019,Sweden,Too Late for Love,John Lundvik,Georgia,GE,100,0,False,success
2019,Sweden,Too Late for Love,John Lundvik,Greece,GR,0,1,False,success
2019,Sweden,Too Late for Love,John Lundvik,Croatia,HR,0,0,False,success
2019,Sweden,Too Late for Love,John Lundvik,Hungary,HU,0,0,False,success
2019,Sweden,Too Late for Love,John Lundvik,Ireland,IE,0,1,False,success
2019,Sweden,Too Late for Love,John Lundvik,Israel,IL,0,1,False,success
2019,Sweden,Too Late for Love,John Lundvik,Iceland,IS,0,0,False,success
2019,Sweden,Too Late for Love,John Lundvik,Italy,IT,0,0,False,success
2019,Sweden,Too Late for Love,John Lundvik,Lithuania,LT,0,5,False,success
2019,Sweden,Too Late for Love,John Lundvik,Luxembourg,LU,0,0,False,success
2019,Sweden,Too Late for Love,John Lundvik,Latvia,LV,0,0,False,success
2019,Sweden,Too Late for Love,John Lundvik,Moldova,MD,0,0,False,success
2019,Sweden,Too Late for Love,John Lundvik,Montenegro,ME,0,0,False,success
2019,Sweden,Too Late for Love,John Lundvik,North Macedonia,MK,0,0,False,success
2019,Sweden,Too Late for Love,John Lundvik,Malta,MT,0,0,False,success
2019,Sweden,Too Late for Love,John Lundvik,Netherlands,NL,8,2,False,success
2019,Sweden,Too Late for Love,John Lundvik,Norway,NO,0,2,False,success
2019,Sweden,Too Late for Love,John Lundvik,Poland,PL,0,1,False,success
2019,Sweden,Too Late for Love,John Lundvik,Portugal,PT,0,1,False,success
2019,Sweden,Too Late for Love,John Lundvik,Romania,RO,0,0,False,success
2019,Sweden,Too Late for Love,John Lundvik,Serbia,RS,0,0,False,success
2019,Sweden,Too Late for Love,John Lundvik,Russia,RU,0,0,False,success
2019,Sweden,Too Late for Love,John Lundvik,Sweden,SE,89,25,True,success
2019,Sweden,Too Late for Love,John Lundvik,Slovenia,SI,0,0,False,success
2019,Sweden,Too Late for Love,John Lundvik,San Marino,SM,0,0,False,success
2019,Sweden,Too Late for Love,John Lundvik,Ukraine,UA,0,0,False,success
2019,Switzerland,She Got Me,Luca Hänni,Albania,AL,0,0,False,success
2019,Switzerland,She Got Me,Luca Hänni,Armenia,AM,0,7,False,success
2019,Switzerland,She Got Me,Luca Hänni,Austria,AT,0,12,False,success
2019,Switzerland,She Got Me,Luca Hänni,Australia,AU,0,8,False,success
2019,Switzerland,She Got Me,Luca Hänni,Azerbaijan,AZ,0,2,False,success
2019,Switzerland,She Got Me,Luca Hänni,Belgium,BE,0,5,False,success
2019,Switzerland,She Got Me,Luca Hänni,Bulgaria,BG,0,3,False,success
2019,Switzerland,She Got Me,Luca Hänni,Belarus,BY,0,0,False,success
2019,Switzerland,She Got Me,Luca Hänni,Switzerland,CH,100,100,True,success
2019,Switzerland,She Got Me,Luca Hänni,Cyprus,CY,0,17,False,success
2019,Switzerland,She Got Me,Luca Hänni,Czechia,CZ,0,3,False,success
2019,Switzerland,She Got Me,Luca Hänni,Germany,DE,3,8,False,success
2019,Switzerland,She Got Me,Luca Hänni,Denmark,DK,0,6,False,success
2019,Switzerland,She Got Me,Luca Hänni,Estonia,EE,0,17,False,success
2019,Switzerland,She Got Me,Luca Hänni,Spain,ES,0,10,False,success
2019,Switzerland,She Got Me,Luca Hänni,Finland,FI,0,8,False,success
2019,Switzerland,She Got Me,Luca Hänni,France,FR,0,2,False,success
2019,Switzerland,She Got Me,Luca Hänni,United Kingdom,GB,0,7,False,success
2019,Switzerland,She Got Me,Luca Hänni,Georgia,GE,0,4,False,success
2019,Switzerland,She Got Me,Luca Hänni,Greece,GR,0,23,False,success
2019,Switzerland,She Got Me,Luca Hänni,Croatia,HR,0,9,False,success
2019,Switzerland,She Got Me,Luca Hänni,Hungary,HU,0,7,False,success
2019,Switzerland,She Got Me,Luca Hänni,Ireland,IE,0,10,False,success
2019,Switzerland,She Got Me,Luca Hänni,Israel,IL,0,7,False,success
2019,Switzerland,She Got Me,Luca Hänni,Iceland,IS,0,0,False,success
2019,Switzerland,She Got Me,Luca Hänni,Italy,IT,0,2,False,success
2019,Switzerland,She Got Me,Luca Hänni,Lithuania,LT,0,23,False,success
2019,Switzerland,She Got Me,Luca Hänni,Luxembourg,LU,0,0,False,success
2019,Switzerland,She Got Me,Luca Hänni,Latvia,LV,0,0,False,success
2019,Switzerland,She Got Me,Luca Hänni,Moldova,MD,0,0,False,success
2019,Switzerland,She Got Me,Luca Hänni,Montenegro,ME,0,0,False,success
2019,Switzerland,She Got Me,Luca Hänni,North Macedonia,MK,0,0,False,success
2019,Switzerland,She Got Me,Luca Hänni,Malta,MT,0,54,False,success
2019,Switzerland,She Got Me,Luca Hänni,Netherlands,NL,0,9,False,success
2019,Switzerland,She Got Me,Luca Hänni,Norway,NO,0,9,False,success
2019,Switzerland,She Got Me,Luca Hänni,Poland,PL,0,4,False,success
2019,Switzerland,She Got Me,Luca Hänni,Portugal,PT,0,5,False,success
2019,Switzerland,She Got Me,Luca Hänni,Romania,RO,0,5,False,success
2019,Switzerland,She Got Me,Luca Hänni,Serbia,RS,0,4,False,success
2019,Switzerland,She Got Me,Luca Hänni,Russia,RU,1,1,False,success
2019,Switzerland,She Got Me,Luca Hänni,Sweden,SE,3,6,False,success
2019,Switzerland,She Got Me,Luca Hänni,Slovenia,SI,0,17,False,success
2019,Switzerland,She Got Me,Luca Hänni,San Marino,SM,0,0,False,success
2019,Switzerland,She Got Me,Luca Hänni,Ukraine,UA,2,1,False,success
2019,United Kingdom,Bigger than Us,Michael Rice,Albania,AL,0,0,False,success
2019,United Kingdom,Bigger than Us,Michael Rice,Armenia,AM,0,0,False,success
2019,United Kingdom,Bigger than Us,Michael Rice,Austria,AT,0,0,False,success
2019,United Kingdom,Bigger than Us,Michael Rice,Australia,AU,0,3,False,success
2019,United Kingdom,Bigger than Us,Michael Rice,Azerbaijan,AZ,0,0,False,success
2019,United Kingdom,Bigger than Us,Michael Rice,Belgium,BE,0,0,False,success
2019,United Kingdom,Bigger than Us,Michael Rice,Bulgaria,BG,0,0,False,success
2019,United Kingdom,Bigger than Us,Michael Rice,Belarus,BY,0,0,False,success
2019,United Kingdom,Bigger than Us,Michael Rice,Switzerland,CH,0,0,False,success
2019,United Kingdom,Bigger than Us,Michael Rice,Cyprus,CY,0,0,False,success
2019,United Kingdom,Bigger than Us,Michael Rice,Czechia,CZ,0,0,False,success
2019,United Kingdom,Bigger than Us,Michael Rice,Germany,DE,0,3,False,success
2019,United Kingdom,Bigger than Us,Michael Rice,Denmark,DK,0,0,False,success
2019,United Kingdom,Bigger than Us,Michael Rice,Estonia,EE,0,0,False,success
2019,United Kingdom,Bigger than Us,Michael Rice,Spain,ES,0,10,False,success
2019,United Kingdom,Bigger than Us,Michael Rice,Finland,FI,0,0,False,success
2019,United Kingdom,Bigger than Us,Michael Rice,France,FR,0,2,False,success
2019,United Kingdom,Bigger than Us,Michael Rice,United Kingdom,GB,13,30,True,success
2019,United Kingdom,Bigger than Us,Michael Rice,Georgia,GE,0,0,False,success
2019,United Kingdom,Bigger than Us,Michael Rice,Greece,GR,0,8,False,success
2019,United Kingdom,Bigger than Us,Michael Rice,Croatia,HR,0,18,False,success
2019,United Kingdom,Bigger than Us,Michael Rice,Hungary,HU,0,0,False,success
2019,United Kingdom,Bigger than Us,Michael Rice,Ireland,IE,0,16,False,success
2019,United Kingdom,Bigger than Us,Michael Rice,Israel,IL,0,0,False,success
2019,United Kingdom,Bigger than Us,Michael Rice,Iceland,IS,0,0,False,success
2019,United Kingdom,Bigger than Us,Michael Rice,Italy,IT,0,3,False,success
2019,United Kingdom,Bigger than Us,Michael Rice,Lithuania,LT,0,0,False,success
2019,United Kingdom,Bigger than Us,Michael Rice,Luxembourg,LU,0,0,False,success
2019,United Kingdom,Bigger than Us,Michael Rice,Latvia,LV,0,0,False,success
2019,United Kingdom,Bigger than Us,Michael Rice,Moldova,MD,0,0,False,success
2019,United Kingdom,Bigger than Us,Michael Rice,Montenegro,ME,0,0,False,success
2019,United Kingdom,Bigger than Us,Michael Rice,North Macedonia,MK,0,0,False,success
2019,United Kingdom,Bigger than Us,Michael Rice,Malta,MT,0,0,False,success
2019,United Kingdom,Bigger than Us,Michael Rice,Netherlands,NL,0,6,False,success
2019,United Kingdom,Bigger than Us,Michael Rice,Norway,NO,0,19,False,success
2019,United Kingdom,Bigger than Us,Michael Rice,Poland,PL,0,3,False,success
2019,United Kingdom,Bigger than Us,Michael Rice,Portugal,PT,0,0,False,success
2019,United Kingdom,Bigger than Us,Michael Rice,Romania,RO,0,0,False,success
2019,United Kingdom,Bigger than Us,Michael Rice,Serbia,RS,0,0,False,success
2019,United Kingdom,Bigger than Us,Michael Rice,Russia,RU,0,1,False,success
2019,United Kingdom,Bigger than Us,Michael Rice,Sweden,SE,0,14,False,success
2019,United Kingdom,Bigger than Us,Michael Rice,Slovenia,SI,0,0,False,success
2019,United Kingdom,Bigger than Us,Michael Rice,San Marino,SM,0,0,False,success
2019,United Kingdom,Bigger than Us,Michael Rice,Ukraine,UA,0,2,False,success
2021,Albania,Karma,Anxhela Peristeri,Albania,AL,4,10,True,success
2021,Albania,Karma,Anxhela Peristeri,Armenia,AM,0,1,False,success
2021,Albania,Karma,Anxhela Peristeri,Austria,AT,0,3,False,success
2021,Albania,Karma,Anxhela Peristeri,Australia,AU,0,3,False,success
2021,Albania,Karma,Anxhela Peristeri,Azerbaijan,AZ,0,1,False,success
2021,Albania,Karma,Anxhela Peristeri,Belgium,BE,0,5,False,success
2021,Albania,Karma,Anxhela Peristeri,Bulgaria,BG,0,2,False,success
2021,Albania,Karma,Anxhela Peristeri,Belarus,BY,0,0,False,success
2021,Albania,Karma,Anxhela Peristeri,Switzerland,CH,0,4,False,success
2021,Albania,Karma,Anxhela Peristeri,Cyprus,CY,0,29,False,success
2021,Albania,Karma,Anxhela Peristeri,Czechia,CZ,0,4,False,success
2021,Albania,Karma,Anxhela Peristeri,Germany,DE,0,3,False,success
2021,Albania,Karma,Anxhela Peristeri,Denmark,DK,0,3,False,success
2021,Albania,Karma,Anxhela Peristeri,Estonia,EE,0,3,False,success
2021,Albania,Karma,Anxhela Peristeri,Spain,ES,0,3,False,success
2021,Albania,Karma,Anxhela Peristeri,Finland,FI,0,5,False,success
2021,Albania,Karma,Anxhela Peristeri,France,FR,0,5,False,success
2021,Albania,Karma,Anxhela Peristeri,United Kingdom,GB,0,3,False,success
2021,Albania,Karma,Anxhela Peristeri,Georgia,GE,0,2,False,success
2021,Albania,Karma,Anxhela Peristeri,Greece,GR,0,5,False,success
2021,Albania,Karma,Anxhela Peristeri,Croatia,HR,0,5,False,success
2021,Albania,Karma,Anxhela Peristeri,Hungary,HU,0,4,False,success
2021,Albania,Karma,Anxhela Peristeri,Ireland,IE,0,3,False,success
2021,Albania,Karma,Anxhela Peristeri,Israel,IL,0,1,False,success
2021,Albania,Karma,Anxhela Peristeri,Iceland,IS,0,0,False,success
2021,Albania,Karma,Anxhela Peristeri,Italy,IT,0,4,False,success
2021,Albania,Karma,Anxhela Peristeri,Lithuania,LT,0,4,False,success
2021,Albania,Karma,Anxhela Peristeri,Luxembourg,LU,0,0,False,success
2021,Albania,Karma,Anxhela Peristeri,Latvia,LV,0,3,False,success
2021,Albania,Karma,Anxhela Peristeri,Moldova,MD,0,3,False,success
2021,Albania,Karma,Anxhela Peristeri,Montenegro,ME,0,0,False,success
2021,Albania,Karma,Anxhela Peristeri,North Macedonia,MK,0,3,False,success
2021,Albania,Karma,Anxhela Peristeri,Malta,MT,0,0,False,success
2021,Albania,Karma,Anxhela Peristeri,Netherlands,NL,0,6,False,success
2021,Albania,Karma,Anxhela Peristeri,Norway,NO,0,3,False,success
2021,Albania,Karma,Anxhela Peristeri,Poland,PL,0,3,False,success
2021,Albania,Karma,Anxhela Peristeri,Portugal,PT,0,3,False,success
2021,Albania,Karma,Anxhela Peristeri,Romania,RO,0,4,False,success
2021,Albania,Karma,Anxhela Peristeri,Serbia,RS,0,3,False,success
2021,Albania,Karma,Anxhela Peristeri,Russia,RU,0,0,False,success
2021,Albania,Karma,Anxhela Peristeri,Sweden,SE,0,2,False,success
2021,Albania,Karma,Anxhela Peristeri,Slovenia,SI,0,3,False,success
2021,Albania,Karma,Anxhela Peristeri,San Marino,SM,0,0,False,success
2021,Albania,Karma,Anxhela Peristeri,Ukraine,UA,0,1,False,success
2021,Azerbaijan,Mata Hari,Efendi,Albania,AL,0,0,False,success
2021,Azerbaijan,Mata Hari,Efendi,Armenia,AM,0,0,False,success
2021,Azerbaijan,Mata Hari,Efendi,Austria,AT,0,4,False,success
2021,Azerbaijan,Mata Hari,Efendi,Australia,AU,0,1,False,success
2021,Azerbaijan,Mata Hari,Efendi,Azerbaijan,AZ,1,100,True,success
2021,Azerbaijan,Mata Hari,Efendi,Belgium,BE,0,5,False,success
2021,Azerbaijan,Mata Hari,Efendi,Bulgaria,BG,0,5,False,success
2021,Azerbaijan,Mata Hari,Efendi,Belarus,BY,0,0,False,success
2021,Azerbaijan,Mata Hari,Efendi,Switzerland,CH,0,3,False,success
2021,Azerbaijan,Mata Hari,Efendi,Cyprus,CY,0,0,False,success
2021,Azerbaijan,Mata Hari,Efendi,Czechia,CZ,0,0,False,success
2021,Azerbaijan,Mata Hari,Efendi,Germany,DE,0,2,False,success
2021,Azerbaijan,Mata Hari,Efendi,Denmark,DK,0,4,False,success
2021,Azerbaijan,Mata Hari,Efendi,Estonia,EE,0,0,False,success
2021,Azerbaijan,Mata Hari,Efendi,Spain,ES,0,2,False,success
2021,Azerbaijan,Mata Hari,Efendi,Finland,FI,0,6,False,success
2021,Azerbaijan,Mata Hari,Efendi,France,FR,0,1,False,success
2021,Azerbaijan,Mata Hari,Efendi,United Kingdom,GB,0,1,False,success
2021,Azerbaijan,Mata Hari,Efendi,Georgia,GE,0,4,False,success
2021,Azerbaijan,Mata Hari,Efendi,Greece,GR,0,14,False,success
2021,Azerbaijan,Mata Hari,Efendi,Croatia,HR,0,61,False,success
2021,Azerbaijan,Mata Hari,Efendi,Hungary,HU,0,0,False,success
2021,Azerbaijan,Mata Hari,Efendi,Ireland,IE,0,0,False,success
2021,Azerbaijan,Mata Hari,Efendi,Israel,IL,0,0,False,success
2021,Azerbaijan,Mata Hari,Efendi,Iceland,IS,0,0,False,success
2021,Azerbaijan,Mata Hari,Efendi,Italy,IT,0,1,False,success
2021,Azerbaijan,Mata Hari,Efendi,Lithuania,LT,0,10,False,success
2021,Azerbaijan,Mata Hari,Efendi,Luxembourg,LU,0,0,False,success
2021,Azerbaijan,Mata Hari,Efendi,Latvia,LV,0,0,False,success
2021,Azerbaijan,Mata Hari,Efendi,Moldova,MD,0,0,False,success
2021,Azerbaijan,Mata Hari,Efendi,Montenegro,ME,0,27,False,success
2021,Azerbaijan,Mata Hari,Efendi,North Macedonia,MK,0,22,False,success
2021,Azerbaijan,Mata Hari,Efendi,Malta,MT,0,0,False,success
2021,Azerbaijan,Mata Hari,Efendi,Netherlands,NL,0,8,False,success
2021,Azerbaijan,Mata Hari,Efendi,Norway,NO,0,10,False,success
2021,Azerbaijan,Mata Hari,Efendi,Poland,PL,0,3,False,success
2021,Azerbaijan,Mata Hari,Efendi,Portugal,PT,0,0,False,success
2021,Azerbaijan,Mata Hari,Efendi,Romania,RO,0,2,False,success
2021,Azerbaijan,Mata Hari,Efendi,Serbia,RS,0,52,False,success
2021,Azerbaijan,Mata Hari,Efendi,Russia,RU,0,1,False,success
2021,Azerbaijan,Mata Hari,Efendi,Sweden,SE,0,6,False,success
2021,Azerbaijan,Mata Hari,Efendi,Slovenia,SI,0,22,False,success
2021,Azerbaijan,Mata Hari,Efendi,San Marino,SM,0,0,False,success
2021,Azerbaijan,Mata Hari,Efendi,Ukraine,UA,0,1,False,success
2021,Belgium,The Wrong Place,Hooverphonic,Albania,AL,0,0,False,success
2021,Belgium,The Wrong Place,Hooverphonic,Armenia,AM,0,0,False,success
2021,Belgium,The Wrong Place,Hooverphonic,Austria,AT,0,0,False,success
2021,Belgium,The Wrong Place,Hooverphonic,Australia,AU,0,0,False,success
2021,Belgium,The Wrong Place,Hooverphonic,Azerbaijan,AZ,0,0,False,success
2021,Belgium,The Wrong Place,Hooverphonic,Belgium,BE,100,18,True,success
2021,Belgium,The Wrong Place,Hooverphonic,Bulgaria,BG,0,0,False,success
2021,Belgium,The Wrong Place,Hooverphonic,Belarus,BY,0,0,False,success
2021,Belgium,The Wrong Place,Hooverphonic,Switzerland,CH,0,0,False,success
2021,Belgium,The Wrong Place,Hooverphonic,Cyprus,CY,0,0,False,success
2021,Belgium,The Wrong Place,Hooverphonic,Czechia,CZ,0,0,False,success
2021,Belgium,The Wrong Place,Hooverphonic,Germany,DE,0,0,False,success
2021,Belgium,The Wrong Place,Hooverphonic,Denmark,DK,0,0,False,success
2021,Belgium,The Wrong Place,Hooverphonic,Estonia,EE,0,0,False,success
2021,Belgium,The Wrong Place,Hooverphonic,Spain,ES,0,0,False,success
2021,Belgium,The Wrong Place,Hooverphonic,Finland,FI,0,0,False,success
2021,Belgium,The Wrong Place,Hooverphonic,France,FR,0,0,False,success
2021,Belgium,The Wrong Place,Hooverphonic,United Kingdom,GB,0,0,False,success
2021,Belgium,The Wrong Place,Hooverphonic,Georgia,GE,0,0,False,success
2021,Belgium,The Wrong Place,Hooverphonic,Greece,GR,0,0,False,success
2021,Belgium,The Wrong Place,Hooverphonic,Croatia,HR,0,0,False,success
2021,Belgium,The Wrong Place,Hooverphonic,Hungary,HU,0,0,False,success
2021,Belgium,The Wrong Place,Hooverphonic,Ireland,IE,0,0,False,success
2021,Belgium,The Wrong Place,Hooverphonic,Israel,IL,0,0,False,success
2021,Belgium,The Wrong Place,Hooverphonic,Iceland,IS,0,100,False,success
2021,Belgium,The Wrong Place,Hooverphonic,Italy,IT,0,0,False,success
2021,Belgium,The Wrong Place,Hooverphonic,Lithuania,LT,0,0,False,success
2021,Belgium,The Wrong Place,Hooverphonic,Luxembourg,LU,0,0,False,success
2021,Belgium,The Wrong Place,Hooverphonic,Latvia,LV,0,0,False,success
2021,Belgium,The Wrong Place,Hooverphonic,Moldova,MD,0,0,False,success
2021,Belgium,The Wrong Place,Hooverphonic,Montenegro,ME,0,0,False,success
2021,Belgium,The Wrong Place,Hooverphonic,North Macedonia,MK,0,0,False,success
2021,Belgium,The Wrong Place,Hooverphonic,Malta,MT,0,0,False,success
2021,Belgium,The Wrong Place,Hooverphonic,Netherlands,NL,10,0,False,success
2021,Belgium,The Wrong Place,Hooverphonic,Norway,NO,0,0,False,success
2021,Belgium,The Wrong Place,Hooverphonic,Poland,PL,0,0,False,success
2021,Belgium,The Wrong Place,Hooverphonic,Portugal,PT,0,0,False,success
2021,Belgium,The Wrong Place,Hooverphonic,Romania,RO,0,0,False,success
2021,Belgium,The Wrong Place,Hooverphonic,Serbia,RS,0,0,False,success
2021,Belgium,The Wrong Place,Hooverphonic,Russia,RU,0,0,False,success
2021,Belgium,The Wrong Place,Hooverphonic,Sweden,SE,0,0,False,success
2021,Belgium,The Wrong Place,Hooverphonic,Slovenia,SI,0,0,False,success
2021,Belgium,The Wrong Place,Hooverphonic,San Marino,SM,0,0,False,success
2021,Belgium,The Wrong Place,Hooverphonic,Ukraine,UA,0,0,False,success
2021,Bulgaria,Growing Up Is Getting Old,Victoria,Albania,AL,0,0,False,success
2021,Bulgaria,Growing Up Is Getting Old,Victoria,Armenia,AM,0,0,False,success
2021,Bulgaria,Growing Up Is Getting Old,Victoria,Austria,AT,0,0,False,success
2021,Bulgaria,Growing Up Is Getting Old,Victoria,Australia,AU,0,0,False,success
2021,Bulgaria,Growing Up Is Getting Old,Victoria,Azerbaijan,AZ,0,0,False,success
2021,Bulgaria,Growing Up Is Getting Old,Victoria,Belgium,BE,0,0,False,success
2021,Bulgaria,Growing Up Is Getting Old,Victoria,Bulgaria,BG,0,100,True,success
2021,Bulgaria,Growing Up Is Getting Old,Victoria,Belarus,BY,0,0,False,success
2021,Bulgaria,Growing Up Is Getting Old,Victoria,Switzerland,CH,0,0,False,success
2021,Bulgaria,Growing Up Is Getting Old,Victoria,Cyprus,CY,0,0,False,success
2021,Bulgaria,Growing Up Is Getting Old,Victoria,Czechia,CZ,0,0,False,success
2021,Bulgaria,Growing Up Is Getting Old,Victoria,Germany,DE,0,0,False,success
2021,Bulgaria,Growing Up Is Getting Old,Victoria,Denmark,DK,0,0,False,success
2021,Bulgaria,Growing Up Is Getting Old,Victoria,Estonia,EE,0,0,False,success
2021,Bulgaria,Growing Up Is Getting Old,Victoria,Spain,ES,43,11,False,success
2021,Bulgaria,Growing Up Is Getting Old,Victoria,Finland,FI,0,0,False,success
2021,Bulgaria,Growing Up Is Getting Old,Victoria,France,FR,0,0,False,success
2021,Bulgaria,Growing Up Is Getting Old,Victoria,United Kingdom,GB,0,0,False,success
2021,Bulgaria,Growing Up Is Getting Old,Victoria,Georgia,GE,0,0,False,success
2021,Bulgaria,Growing Up Is Getting Old,Victoria,Greece,GR,0,0,False,success
2021,Bulgaria,Growing Up Is Getting Old,Victoria,Croatia,HR,0,0,False,success
2021,Bulgaria,Growing Up Is Getting Old,Victoria,Hungary,HU,0,0,False,success
2021,Bulgaria,Growing Up Is Getting Old,Victoria,Ireland,IE,0,0,False,success
2021,Bulgaria,Growing Up Is Getting Old,Victoria,Israel,IL,0,0,False,success
2021,Bulgaria,Growing Up Is Getting Old,Victoria,Iceland,IS,0,0,False,success
2021,Bulgaria,Growing Up Is Getting Old,Victoria,Italy,IT,0,0,False,success
2021,Bulgaria,Growing Up Is Getting Old,Victoria,Lithuania,LT,0,0,False,success
2021,Bulgaria,Growing Up Is Getting Old,Victoria,Luxembourg,LU,0,0,False,success
2021,Bulgaria,Growing Up Is Getting Old,Victoria,Latvia,LV,0,0,False,success
2021,Bulgaria,Growing Up Is Getting Old,Victoria,Moldova,MD,0,0,False,success
2021,Bulgaria,Growing Up Is Getting Old,Victoria,Montenegro,ME,0,0,False,success
2021,Bulgaria,Growing Up Is Getting Old,Victoria,North Macedonia,MK,0,0,False,success
2021,Bulgaria,Growing Up Is Getting Old,Victoria,Malta,MT,0,0,False,success
2021,Bulgaria,Growing Up Is Getting Old,Victoria,Netherlands,NL,33,0,False,success
2021,Bulgaria,Growing Up Is Getting Old,Victoria,Norway,NO,0,0,False,success
2021,Bulgaria,Growing Up Is Getting Old,Victoria,Poland,PL,0,0,False,success
2021,Bulgaria,Growing Up Is Getting Old,Victoria,Portugal,PT,0,0,False,success
2021,Bulgaria,Growing Up Is Getting Old,Victoria,Romania,RO,100,0,False,success
2021,Bulgaria,Growing Up Is Getting Old,Victoria,Serbia,RS,0,0,False,success
2021,Bulgaria,Growing Up Is Getting Old,Victoria,Russia,RU,0,0,False,success
2021,Bulgaria,Growing Up Is Getting Old,Victoria,Sweden,SE,0,0,False,success
2021,Bulgaria,Growing Up Is Getting Old,Victoria,Slovenia,SI,0,0,False,success
2021,Bulgaria,Growing Up Is Getting Old,Victoria,San Marino,SM,0,0,False,success
2021,Bulgaria,Growing Up Is Getting Old,Victoria,Ukraine,UA,0,0,False,success
2021,Cyprus,El Diablo,Elena Tsagrinou,Albania,AL,0,0,False,success
2021,Cyprus,El Diablo,Elena Tsagrinou,Armenia,AM,0,0,False,success
2021,Cyprus,El Diablo,Elena Tsagrinou,Austria,AT,0,2,False,success
2021,Cyprus,El Diablo,Elena Tsagrinou,Australia,AU,0,0,False,success
2021,Cyprus,El Diablo,Elena Tsagrinou,Azerbaijan,AZ,0,1,False,success
2021,Cyprus,El Diablo,Elena Tsagrinou,Belgium,BE,0,2,False,success
2021,Cyprus,El Diablo,Elena Tsagrinou,Bulgaria,BG,0,2,False,success
2021,Cyprus,El Diablo,Elena Tsagrinou,Belarus,BY,0,0,False,success
2021,Cyprus,El Diablo,Elena Tsagrinou,Switzerland,CH,0,1,False,success
2021,Cyprus,El Diablo,Elena Tsagrinou,Cyprus,CY,0,100,True,success
2021,Cyprus,El Diablo,Elena Tsagrinou,Czechia,CZ,0,1,False,success
2021,Cyprus,El Diablo,Elena Tsagrinou,Germany,DE,0,1,False,success
2021,Cyprus,El Diablo,Elena Tsagrinou,Denmark,DK,0,2,False,success
2021,Cyprus,El Diablo,Elena Tsagrinou,Estonia,EE,0,0,False,success
2021,Cyprus,El Diablo,Elena Tsagrinou,Spain,ES,20,6,False,success
2021,Cyprus,El Diablo,Elena Tsagrinou,Finland,FI,0,4,False,success
2021,Cyprus,El Diablo,Elena Tsagrinou,France,FR,0,1,False,success
2021,Cyprus,El Diablo,Elena Tsagrinou,United Kingdom,GB,0,1,False,success
2021,Cyprus,El Diablo,Elena Tsagrinou,Georgia,GE,0,2,False,success
2021,Cyprus,El Diablo,Elena Tsagrinou,Greece,GR,0,65,False,success
2021,Cyprus,El Diablo,Elena Tsagrinou,Croatia,HR,100,12,False,success
2021,Cyprus,El Diablo,Elena Tsagrinou,Hungary,HU,0,2,False,success
2021,Cyprus,El Diablo,Elena Tsagrinou,Ireland,IE,0,0,False,success
2021,Cyprus,El Diablo,Elena Tsagrinou,Israel,IL,0,1,False,success
2021,Cyprus,El Diablo,Elena Tsagrinou,Iceland,IS,0,0,False,success
2021,Cyprus,El Diablo,Elena Tsagrinou,Italy,IT,8,2,False,success
2021,Cyprus,El Diablo,Elena Tsagrinou,Lithuania,LT,0,14,False,success
2021,Cyprus,El Diablo,Elena Tsagrinou,Luxembourg,LU,0,0,False,success
2021,Cyprus,El Diablo,Elena Tsagrinou,Latvia,LV,0,4,False,success
2021,Cyprus,El Diablo,Elena Tsagrinou,Moldova,MD,0,0,False,success
2021,Cyprus,El Diablo,Elena Tsagrinou,Montenegro,ME,0,0,False,success
2021,Cyprus,El Diablo,Elena Tsagrinou,North Macedonia,MK,0,3,False,success
2021,Cyprus,El Diablo,Elena Tsagrinou,Malta,MT,0,42,False,success
2021,Cyprus,El Diablo,Elena Tsagrinou,Netherlands,NL,20,3,False,success
2021,Cyprus,El Diablo,Elena Tsagrinou,Norway,NO,0,4,False,success
2021,Cyprus,El Diablo,Elena Tsagrinou,Poland,PL,13,1,False,success
2021,Cyprus,El Diablo,Elena Tsagrinou,Portugal,PT,0,3,False,success
2021,Cyprus,El Diablo,Elena Tsagrinou,Romania,RO,0,1,False,success
2021,Cyprus,El Diablo,Elena Tsagrinou,Serbia,RS,0,5,False,success
2021,Cyprus,El Diablo,Elena Tsagrinou,Russia,RU,0,0,False,success
2021,Cyprus,El Diablo,Elena Tsagrinou,Sweden,SE,28,3,False,success
2021,Cyprus,El Diablo,Elena Tsagrinou,Slovenia,SI,0,0,False,success
2021,Cyprus,El Diablo,Elena Tsagrinou,San Marino,SM,0,0,False,success
2021,Cyprus,El Diablo,Elena Tsagrinou,Ukraine,UA,0,0,False,success
2021,Finland,Dark Side,Blind Channel,Albania,AL,0,0,False,success
2021,Finland,Dark Side,Blind Channel,Armenia,AM,0,0,False,success
2021,Finland,Dark Side,Blind Channel,Austria,AT,0,4,False,success
2021,Finland,Dark Side,Blind Channel,Australia,AU,0,11,False,success
2021,Finland,Dark Side,Blind Channel,Azerbaijan,AZ,0,0,False,success
2021,Finland,Dark Side,Blind Channel,Belgium,BE,0,4,False,success
2021,Finland,Dark Side,Blind Channel,Bulgaria,BG,0,0,False,success
2021,Finland,Dark Side,Blind Channel,Belarus,BY,0,0,False,success
2021,Finland,Dark Side,Blind Channel,Switzerland,CH,0,5,False,success
2021,Finland,Dark Side,Blind Channel,Cyprus,CY,0,0,False,success
2021,Finland,Dark Side,Blind Channel,Czechia,CZ,0,3,False,success
2021,Finland,Dark Side,Blind Channel,Germany,DE,0,3,False,success
2021,Finland,Dark Side,Blind Channel,Denmark,DK,3,8,False,success
2021,Finland,Dark Side,Blind Channel,Estonia,EE,0,13,False,success
2021,Finland,Dark Side,Blind Channel,Spain,ES,0,2,False,success
2021,Finland,Dark Side,Blind Channel,Finland,FI,100,100,True,success
2021,Finland,Dark Side,Blind Channel,France,FR,0,2,False,success
2021,Finland,Dark Side,Blind Channel,United Kingdom,GB,0,14,False,success
2021,Finland,Dark Side,Blind Channel,Georgia,GE,0,0,False,success
2021,Finland,Dark Side,Blind Channel,Greece,GR,0,6,False,success
2021,Finland,Dark Side,Blind Channel,Croatia,HR,0,5,False,success
2021,Finland,Dark Side,Blind Channel,Hungary,HU,0,3,False,success
2021,Finland,Dark Side,Blind Channel,Ireland,IE,0,15,False,success
2021,Finland,Dark Side,Blind Channel,Israel,IL,0,2,False,success
2021,Finland,Dark Side,Blind Channel,Iceland,IS,0,0,False,success
2021,Finland,Dark Side,Blind Channel,Italy,IT,1,5,False,success
2021,Finland,Dark Side,Blind Channel,Lithuania,LT,0,7,False,success
2021,Finland,Dark Side,Blind Channel,Luxembourg,LU,0,0,False,success
2021,Finland,Dark Side,Blind Channel,Latvia,LV,0,7,False,success
2021,Finland,Dark Side,Blind Channel,Moldova,MD,0,0,False,success
2021,Finland,Dark Side,Blind Channel,Montenegro,ME,0,0,False,success
2021,Finland,Dark Side,Blind Channel,North Macedonia,MK,0,0,False,success
2021,Finland,Dark Side,Blind Channel,Malta,MT,0,44,False,success
2021,Finland,Dark Side,Blind Channel,Netherlands,NL,2,5,False,success
2021,Finland,Dark Side,Blind Channel,Norway,NO,4,9,False,success
2021,Finland,Dark Side,Blind Channel,Poland,PL,2,3,False,success
2021,Finland,Dark Side,Blind Channel,Portugal,PT,0,5,False,success
2021,Finland,Dark Side,Blind Channel,Romania,RO,0,3,False,success
2021,Finland,Dark Side,Blind Channel,Serbia,RS,0,6,False,success
2021,Finland,Dark Side,Blind Channel,Russia,RU,2,1,False,success
2021,Finland,Dark Side,Blind Channel,Sweden,SE,2,6,False,success
2021,Finland,Dark Side,Blind Channel,Slovenia,SI,0,0,False,success
2021,Finland,Dark Side,Blind Channel,San Marino,SM,0,0,False,success
2021,Finland,Dark Side,Blind Channel,Ukraine,UA,3,1,False,success
2021,France,Voilà,Barbara Pravi,Albania,AL,0,0,False,success
2021,France,Voilà,Barbara Pravi,Armenia,AM,0,0,False,success
2021,France,Voilà,Barbara Pravi,Austria,AT,0,0,False,success
2021,France,Voilà,Barbara Pravi,Australia,AU,0,0,False,success
2021,France,Voilà,Barbara Pravi,Azerbaijan,AZ,0,0,False,success
2021,France,Voilà,Barbara Pravi,Belgium,BE,100,2,False,success
2021,France,Voilà,Barbara Pravi,Bulgaria,BG,0,0,False,success
2021,France,Voilà,Barbara Pravi,Belarus,BY,0,0,False,success
2021,France,Voilà,Barbara Pravi,Switzerland,CH,0,1,False,success
2021,France,Voilà,Barbara Pravi,Cyprus,CY,0,0,False,success
2021,France,Voilà,Barbara Pravi,Czechia,CZ,0,0,False,success
2021,France,Voilà,Barbara Pravi,Germany,DE,0,0,False,success
2021,France,Voilà,Barbara Pravi,Denmark,DK,0,0,False,success
2021,France,Voilà,Barbara Pravi,Estonia,EE,0,0,False,success
2021,France,Voilà,Barbara Pravi,Spain,ES,18,0,False,success
2021,France,Voilà,Barbara Pravi,Finland,FI,0,0,False,success
2021,France,Voilà,Barbara Pravi,France,FR,80,3,True,success
2021,France,Voilà,Barbara Pravi,United Kingdom,GB,0,0,False,success
2021,France,Voilà,Barbara Pravi,Georgia,GE,0,0,False,success
2021,France,Voilà,Barbara Pravi,Greece,GR,0,0,False,success
2021,France,Voilà,Barbara Pravi,Croatia,HR,0,0,False,success
2021,France,Voilà,Barbara Pravi,Hungary,HU,0,0,False,success
2021,France,Voilà,Barbara Pravi,Ireland,IE,0,0,False,success
2021,France,Voilà,Barbara Pravi,Israel,IL,0,0,False,success
2021,France,Voilà,Barbara Pravi,Iceland,IS,0,0,False,success
2021,France,Voilà,Barbara Pravi,Italy,IT,15,1,False,success
2021,France,Voilà,Barbara Pravi,Lithuania,LT,0,0,False,success
2021,France,Voilà,Barbara Pravi,Luxembourg,LU,0,0,False,success
2021,France,Voilà,Barbara Pravi,Latvia,LV,0,0,False,success
2021,France,Voilà,Barbara Pravi,Moldova,MD,0,0,False,success
2021,France,Voilà,Barbara Pravi,Montenegro,ME,0,0,False,success
2021,France,Voilà,Barbara Pravi,North Macedonia,MK,0,0,False,success
2021,France,Voilà,Barbara Pravi,Malta,MT,0,0,False,success
2021,France,Voilà,Barbara Pravi,Netherlands,NL,58,0,False,success
2021,France,Voilà,Barbara Pravi,Norway,NO,0,0,False,success
2021,France,Voilà,Barbara Pravi,Poland,PL,0,0,False,success
2021,France,Voilà,Barbara Pravi,Portugal,PT,0,0,False,success
2021,France,Voilà,Barbara Pravi,Romania,RO,0,0,False,success
2021,France,Voilà,Barbara Pravi,Serbia,RS,0,0,False,success
2021,France,Voilà,Barbara Pravi,Russia,RU,0,0,False,success
2021,France,Voilà,Barbara Pravi,Sweden,SE,0,0,False,success
2021,France,Voilà,Barbara Pravi,Slovenia,SI,0,0,False,success
2021,France,Voilà,Barbara Pravi,San Marino,SM,0,0,False,success
2021,France,Voilà,Barbara Pravi,Ukraine,UA,0,0,False,success
2021,Germany,I Don't Feel Hate,Jendrik,Albania,AL,0,0,False,success
2021,Germany,I Don't Feel Hate,Jendrik,Armenia,AM,0,0,False,success
2021,Germany,I Don't Feel Hate,Jendrik,Austria,AT,0,0,False,success
2021,Germany,I Don't Feel Hate,Jendrik,Australia,AU,0,0,False,success
2021,Germany,I Don't Feel Hate,Jendrik,Azerbaijan,AZ,0,0,False,success
2021,Germany,I Don't Feel Hate,Jendrik,Belgium,BE,0,0,False,success
2021,Germany,I Don't Feel Hate,Jendrik,Bulgaria,BG,0,0,False,success
2021,Germany,I Don't Feel Hate,Jendrik,Belarus,BY,0,0,False,success
2021,Germany,I Don't Feel Hate,Jendrik,Switzerland,CH,0,0,False,success
2021,Germany,I Don't Feel Hate,Jendrik,Cyprus,CY,0,0,False,success
2021,Germany,I Don't Feel Hate,Jendrik,Czechia,CZ,0,0,False,success
2021,Germany,I Don't Feel Hate,Jendrik,Germany,DE,8,1,True,success
2021,Germany,I Don't Feel Hate,Jendrik,Denmark,DK,0,0,False,success
2021,Germany,I Don't Feel Hate,Jendrik,Estonia,EE,0,0,False,success
2021,Germany,I Don't Feel Hate,Jendrik,Spain,ES,0,0,False,success
2021,Germany,I Don't Feel Hate,Jendrik,Finland,FI,0,0,False,success
2021,Germany,I Don't Feel Hate,Jendrik,France,FR,0,0,False,success
2021,Germany,I Don't Feel Hate,Jendrik,United Kingdom,GB,0,0,False,success
2021,Germany,I Don't Feel Hate,Jendrik,Georgia,GE,0,0,False,success
2021,Germany,I Don't Feel Hate,Jendrik,Greece,GR,0,0,False,success
2021,Germany,I Don't Feel Hate,Jendrik,Croatia,HR,0,0,False,success
2021,Germany,I Don't Feel Hate,Jendrik,Hungary,HU,0,0,False,success
2021,Germany,I Don't Feel Hate,Jendrik,Ireland,IE,0,0,False,success
2021,Germany,I Don't Feel Hate,Jendrik,Israel,IL,0,0,False,success
2021,Germany,I Don't Feel Hate,Jendrik,Iceland,IS,0,0,False,success
2021,Germany,I Don't Feel Hate,Jendrik,Italy,IT,0,0,False,success
2021,Germany,I Don't Feel Hate,Jendrik,Lithuania,LT,0,0,False,success
2021,Germany,I Don't Feel Hate,Jendrik,Luxembourg,LU,0,0,False,success
2021,Germany,I Don't Feel Hate,Jendrik,Latvia,LV,0,0,False,success
2021,Germany,I Don't Feel Hate,Jendrik,Moldova,MD,0,0,False,success
2021,Germany,I Don't Feel Hate,Jendrik,Montenegro,ME,0,0,False,success
2021,Germany,I Don't Feel Hate,Jendrik,North Macedonia,MK,0,0,False,success
2021,Germany,I Don't Feel Hate,Jendrik,Malta,MT,0,0,False,success
2021,Germany,I Don't Feel Hate,Jendrik,Netherlands,NL,0,0,False,success
2021,Germany,I Don't Feel Hate,Jendrik,Norway,NO,0,0,False,success
2021,Germany,I Don't Feel Hate,Jendrik,Poland,PL,0,0,False,success
2021,Germany,I Don't Feel Hate,Jendrik,Portugal,PT,0,0,False,success
2021,Germany,I Don't Feel Hate,Jendrik,Romania,RO,0,0,False,success
2021,Germany,I Don't Feel Hate,Jendrik,Serbia,RS,0,0,False,success
2021,Germany,I Don't Feel Hate,Jendrik,Russia,RU,0,0,False,success
2021,Germany,I Don't Feel Hate,Jendrik,Sweden,SE,0,0,False,success
2021,Germany,I Don't Feel Hate,Jendrik,Slovenia,SI,0,0,False,success
2021,Germany,I Don't Feel Hate,Jendrik,San Marino,SM,0,0,False,success
2021,Germany,I Don't Feel Hate,Jendrik,Ukraine,UA,0,0,False,success
2021,Greece,Last Dance,Stefania,Albania,AL,0,0,False,success
2021,Greece,Last Dance,Stefania,Armenia,AM,0,0,False,success
2021,Greece,Last Dance,Stefania,Austria,AT,0,6,False,success
2021,Greece,Last Dance,Stefania,Australia,AU,0,9,False,success
2021,Greece,Last Dance,Stefania,Azerbaijan,AZ,0,0,False,success
2021,Greece,Last Dance,Stefania,Belgium,BE,0,10,False,success
2021,Greece,Last Dance,Stefania,Bulgaria,BG,0,0,False,success
2021,Greece,Last Dance,Stefania,Belarus,BY,0,0,False,success
2021,Greece,Last Dance,Stefania,Switzerland,CH,0,6,False,success
2021,Greece,Last Dance,Stefania,Cyprus,CY,0,24,False,success
2021,Greece,Last Dance,Stefania,Czechia,CZ,0,3,False,success
2021,Greece,Last Dance,Stefania,Germany,DE,1,5,False,success
2021,Greece,Last Dance,Stefania,Denmark,DK,0,6,False,success
2021,Greece,Last Dance,Stefania,Estonia,EE,0,0,False,success
2021,Greece,Last Dance,Stefania,Spain,ES,1,4,False,success
2021,Greece,Last Dance,Stefania,Finland,FI,0,7,False,success
2021,Greece,Last Dance,Stefania,France,FR,0,4,False,success
2021,Greece,Last Dance,Stefania,United Kingdom,GB,1,7,False,success
2021,Greece,Last Dance,Stefania,Georgia,GE,0,4,False,success
2021,Greece,Last Dance,Stefania,Greece,GR,100,100,True,success
2021,Greece,Last Dance,Stefania,Croatia,HR,0,7,False,success
2021,Greece,Last Dance,Stefania,Hungary,HU,0,6,False,success
2021,Greece,Last Dance,Stefania,Ireland,IE,0,9,False,success
2021,Greece,Last Dance,Stefania,Israel,IL,0,2,False,success
2021,Greece,Last Dance,Stefania,Iceland,IS,0,0,False,success
2021,Greece,Last Dance,Stefania,Italy,IT,0,5,False,success
2021,Greece,Last Dance,Stefania,Lithuania,LT,0,0,False,success
2021,Greece,Last Dance,Stefania,Luxembourg,LU,0,0,False,success
2021,Greece,Last Dance,Stefania,Latvia,LV,0,0,False,success
2021,Greece,Last Dance,Stefania,Moldova,MD,0,0,False,success
2021,Greece,Last Dance,Stefania,Montenegro,ME,0,0,False,success
2021,Greece,Last Dance,Stefania,North Macedonia,MK,0,0,False,success
2021,Greece,Last Dance,Stefania,Malta,MT,0,0,False,success
2021,Greece,Last Dance,Stefania,Netherlands,NL,10,16,False,success
2021,Greece,Last Dance,Stefania,Norway,NO,0,9,False,success
2021,Greece,Last Dance,Stefania,Poland,PL,0,4,False,success
2021,Greece,Last Dance,Stefania,Portugal,PT,0,5,False,success
2021,Greece,Last Dance,Stefania,Romania,RO,0,4,False,success
2021,Greece,Last Dance,Stefania,Serbia,RS,0,6,False,success
2021,Greece,Last Dance,Stefania,Russia,RU,0,1,False,success
2021,Greece,Last Dance,Stefania,Sweden,SE,0,7,False,success
2021,Greece,Last Dance,Stefania,Slovenia,SI,0,0,False,success
2021,Greece,Last Dance,Stefania,San Marino,SM,0,0,False,success
2021,Greece,Last Dance,Stefania,Ukraine,UA,0,1,False,success
2021,Iceland,10 Years,Daði & Gagnamagnið,Albania,AL,0,2,False,success
2021,Iceland,10 Years,Daði & Gagnamagnið,Armenia,AM,0,0,False,success
2021,Iceland,10 Years,Daði & Gagnamagnið,Austria,AT,0,1,False,success
2021,Iceland,10 Years,Daði & Gagnamagnið,Australia,AU,0,1,False,success
2021,Iceland,10 Years,Daði & Gagnamagnið,Azerbaijan,AZ,0,0,False,success
2021,Iceland,10 Years,Daði & Gagnamagnið,Belgium,BE,0,1,False,success
2021,Iceland,10 Years,Daði & Gagnamagnið,Bulgaria,BG,0,0,False,success
2021,Iceland,10 Years,Daði & Gagnamagnið,Belarus,BY,0,0,False,success
2021,Iceland,10 Years,Daði & Gagnamagnið,Switzerland,CH,0,1,False,success
2021,Iceland,10 Years,Daði & Gagnamagnið,Cyprus,CY,0,0,False,success
2021,Iceland,10 Years,Daði & Gagnamagnið,Czechia,CZ,0,0,False,success
2021,Iceland,10 Years,Daði & Gagnamagnið,Germany,DE,0,0,False,success
2021,Iceland,10 Years,Daði & Gagnamagnið,Denmark,DK,0,2,False,success
2021,Iceland,10 Years,Daði & Gagnamagnið,Estonia,EE,0,0,False,success
2021,Iceland,10 Years,Daði & Gagnamagnið,Spain,ES,0,1,False,success
2021,Iceland,10 Years,Daði & Gagnamagnið,Finland,FI,0,2,False,success
2021,Iceland,10 Years,Daði & Gagnamagnið,France,FR,0,0,False,success
2021,Iceland,10 Years,Daði & Gagnamagnið,United Kingdom,GB,0,1,False,success
2021,Iceland,10 Years,Daði & Gagnamagnið,Georgia,GE,0,0,False,success
2021,Iceland,10 Years,Daði & Gagnamagnið,Greece,GR,0,1,False,success
2021,Iceland,10 Years,Daði & Gagnamagnið,Croatia,HR,0,0,False,success
2021,Iceland,10 Years,Daði & Gagnamagnið,Hungary,HU,0,1,False,success
2021,Iceland,10 Years,Daði & Gagnamagnið,Ireland,IE,0,1,False,success
2021,Iceland,10 Years,Daði & Gagnamagnið,Israel,IL,0,0,False,success
2021,Iceland,10 Years,Daði & Gagnamagnið,Iceland,IS,0,100,True,success
2021,Iceland,10 Years,Daði & Gagnamagnið,Italy,IT,0,0,False,success
2021,Iceland,10 Years,Daði & Gagnamagnið,Lithuania,LT,0,0,False,success
2021,Iceland,10 Years,Daði & Gagnamagnið,Luxembourg,LU,0,0,False,success
2021,Iceland,10 Years,Daði & Gagnamagnið,Latvia,LV,0,0,False,success
2021,Iceland,10 Years,Daði & Gagnamagnið,Moldova,MD,0,0,False,success
2021,Iceland,10 Years,Daði & Gagnamagnið,Montenegro,ME,0,0,False,success
2021,Iceland,10 Years,Daði & Gagnamagnið,North Macedonia,MK,0,0,False,success
2021,Iceland,10 Years,Daði & Gagnamagnið,Malta,MT,0,0,False,success
2021,Iceland,10 Years,Daði & Gagnamagnið,Netherlands,NL,0,1,False,success
2021,Iceland,10 Years,Daði & Gagnamagnið,Norway,NO,0,2,False,success
2021,Iceland,10 Years,Daði & Gagnamagnið,Poland,PL,0,1,False,success
2021,Iceland,10 Years,Daði & Gagnamagnið,Portugal,PT,0,0,False,success
2021,Iceland,10 Years,Daði & Gagnamagnið,Romania,RO,0,1,False,success
2021,Iceland,10 Years,Daði & Gagnamagnið,Serbia,RS,0,0,False,success
2021,Iceland,10 Years,Daði & Gagnamagnið,Russia,RU,0,0,False,success
2021,Iceland,10 Years,Daði & Gagnamagnið,Sweden,SE,0,2,False,success
2021,Iceland,10 Years,Daði & Gagnamagnið,Slovenia,SI,0,0,False,success
2021,Iceland,10 Years,Daði & Gagnamagnið,San Marino,SM,0,0,False,success
2021,Iceland,10 Years,Daði & Gagnamagnið,Ukraine,UA,0,0,False,success
2021,Israel,Set Me Free,Eden Alene,Albania,AL,0,0,False,success
2021,Israel,Set Me Free,Eden Alene,Armenia,AM,0,0,False,success
2021,Israel,Set Me Free,Eden Alene,Austria,AT,0,5,False,success
2021,Israel,Set Me Free,Eden Alene,Australia,AU,0,5,False,success
2021,Israel,Set Me Free,Eden Alene,Azerbaijan,AZ,0,0,False,success
2021,Israel,Set Me Free,Eden Alene,Belgium,BE,0,5,False,success
2021,Israel,Set Me Free,Eden Alene,Bulgaria,BG,0,0,False,success
2021,Israel,Set Me Free,Eden Alene,Belarus,BY,0,0,False,success
2021,Israel,Set Me Free,Eden Alene,Switzerland,CH,0,0,False,success
2021,Israel,Set Me Free,Eden Alene,Cyprus,CY,0,0,False,success
2021,Israel,Set Me Free,Eden Alene,Czechia,CZ,0,0,False,success
2021,Israel,Set Me Free,Eden Alene,Germany,DE,0,3,False,success
2021,Israel,Set Me Free,Eden Alene,Denmark,DK,0,8,False,success
2021,Israel,Set Me Free,Eden Alene,Estonia,EE,0,0,False,success
2021,Israel,Set Me Free,Eden Alene,Spain,ES,0,4,False,success
2021,Israel,Set Me Free,Eden Alene,Finland,FI,0,0,False,success
2021,Israel,Set Me Free,Eden Alene,France,FR,0,2,False,success
2021,Israel,Set Me Free,Eden Alene,United Kingdom,GB,0,5,False,success
2021,Israel,Set Me Free,Eden Alene,Georgia,GE,0,9,False,success
2021,Israel,Set Me Free,Eden Alene,Greece,GR,0,10,False,success
2021,Israel,Set Me Free,Eden Alene,Croatia,HR,0,0,False,success
2021,Israel,Set Me Free,Eden Alene,Hungary,HU,0,0,False,success
2021,Israel,Set Me Free,Eden Alene,Ireland,IE,0,0,False,success
2021,Israel,Set Me Free,Eden Alene,Israel,IL,100,100,True,success
2021,Israel,Set Me Free,Eden Alene,Iceland,IS,0,0,False,success
2021,Israel,Set Me Free,Eden Alene,Italy,IT,0,3,False,success
2021,Israel,Set Me Free,Eden Alene,Lithuania,LT,0,0,False,success
2021,Israel,Set Me Free,Eden Alene,Luxembourg,LU,0,0,False,success
2021,Israel,Set Me Free,Eden Alene,Latvia,LV,0,0,False,success
2021,Israel,Set Me Free,Eden Alene,Moldova,MD,0,0,False,success
2021,Israel,Set Me Free,Eden Alene,Montenegro,ME,0,0,False,success
2021,Israel,Set Me Free,Eden Alene,North Macedonia,MK,0,0,False,success
2021,Israel,Set Me Free,Eden Alene,Malta,MT,0,0,False,success
2021,Israel,Set Me Free,Eden Alene,Netherlands,NL,0,7,False,success
2021,Israel,Set Me Free,Eden Alene,Norway,NO,0,9,False,success
2021,Israel,Set Me Free,Eden Alene,Poland,PL,0,2,False,success
2021,Israel,Set Me Free,Eden Alene,Portugal,PT,0,0,False,success
2021,Israel,Set Me Free,Eden Alene,Romania,RO,0,0,False,success
2021,Israel,Set Me Free,Eden Alene,Serbia,RS,0,0,False,success
2021,Israel,Set Me Free,Eden Alene,Russia,RU,0,1,False,success
2021,Israel,Set Me Free,Eden Alene,Sweden,SE,0,4,False,success
2021,Israel,Set Me Free,Eden Alene,Slovenia,SI,0,0,False,success
2021,Israel,Set Me Free,Eden Alene,San Marino,SM,0,0,False,success
2021,Israel,Set Me Free,Eden Alene,Ukraine,UA,0,0,False,success
2021,Italy,Zitti e buoni,Måneskin,Albania,AL,0,0,False,success
2021,Italy,Zitti e buoni,Måneskin,Armenia,AM,0,0,False,success
2021,Italy,Zitti e buoni,Måneskin,Austria,AT,0,0,False,success
2021,Italy,Zitti e buoni,Måneskin,Australia,AU,0,0,False,success
2021,Italy,Zitti e buoni,Måneskin,Azerbaijan,AZ,0,0,False,success
2021,Italy,Zitti e buoni,Måneskin,Belgium,BE,0,0,False,success
2021,Italy,Zitti e buoni,Måneskin,Bulgaria,BG,0,0,False,success
2021,Italy,Zitti e buoni,Måneskin,Belarus,BY,0,0,False,success
2021,Italy,Zitti e buoni,Måneskin,Switzerland,CH,0,5,False,success
2021,Italy,Zitti e buoni,Måneskin,Cyprus,CY,0,0,False,success
2021,Italy,Zitti e buoni,Måneskin,Czechia,CZ,0,0,False,success
2021,Italy,Zitti e buoni,Måneskin,Germany,DE,0,1,False,success
2021,Italy,Zitti e buoni,Måneskin,Denmark,DK,0,0,False,success
2021,Italy,Zitti e buoni,Måneskin,Estonia,EE,0,0,False,success
2021,Italy,Zitti e buoni,Måneskin,Spain,ES,0,2,False,success
2021,Italy,Zitti e buoni,Måneskin,Finland,FI,87,0,False,success
2021,Italy,Zitti e buoni,Måneskin,France,FR,0,1,False,success
2021,Italy,Zitti e buoni,Måneskin,United Kingdom,GB,0,1,False,success
2021,Italy,Zitti e buoni,Måneskin,Georgia,GE,0,0,False,success
2021,Italy,Zitti e buoni,Måneskin,Greece,GR,0,13,False,success
2021,Italy,Zitti e buoni,Måneskin,Croatia,HR,0,13,False,success
2021,Italy,Zitti e buoni,Måneskin,Hungary,HU,0,0,False,success
2021,Italy,Zitti e buoni,Måneskin,Ireland,IE,0,0,False,success
2021,Italy,Zitti e buoni,Måneskin,Israel,IL,0,0,False,success
2021,Italy,Zitti e buoni,Måneskin,Iceland,IS,0,0,False,success
2021,Italy,Zitti e buoni,Måneskin,Italy,IT,24,100,True,success
2021,Italy,Zitti e buoni,Måneskin,Lithuania,LT,0,0,False,success
2021,Italy,Zitti e buoni,Måneskin,Luxembourg,LU,0,0,False,success
2021,Italy,Zitti e buoni,Måneskin,Latvia,LV,0,0,False,success
2021,Italy,Zitti e buoni,Måneskin,Moldova,MD,0,0,False,success
2021,Italy,Zitti e buoni,Måneskin,Montenegro,ME,0,0,False,success
2021,Italy,Zitti e buoni,Måneskin,North Macedonia,MK,0,0,False,success
2021,Italy,Zitti e buoni,Måneskin,Malta,MT,0,0,False,success
2021,Italy,Zitti e buoni,Måneskin,Netherlands,NL,0,4,False,success
2021,Italy,Zitti e buoni,Måneskin,Norway,NO,100,14,False,success
2021,Italy,Zitti e buoni,Måneskin,Poland,PL,0,2,False,success
2021,Italy,Zitti e buoni,Måneskin,Portugal,PT,0,0,False,success
2021,Italy,Zitti e buoni,Måneskin,Romania,RO,0,0,False,success
2021,Italy,Zitti e buoni,Måneskin,Serbia,RS,0,0,False,success
2021,Italy,Zitti e buoni,Måneskin,Russia,RU,10,0,False,success
2021,Italy,Zitti e buoni,Måneskin,Sweden,SE,29,3,False,success
2021,Italy,Zitti e buoni,Måneskin,Slovenia,SI,0,0,False,success
2021,Italy,Zitti e buoni,Måneskin,San Marino,SM,0,0,False,success
2021,Italy,Zitti e buoni,Måneskin,Ukraine,UA,0,2,False,success
2021,Lithuania,Discoteque,The Roop,Albania,AL,0,0,False,success
2021,Lithuania,Discoteque,The Roop,Armenia,AM,0,0,False,success
2021,Lithuania,Discoteque,The Roop,Austria,AT,0,0,False,success
2021,Lithuania,Discoteque,The Roop,Australia,AU,0,0,False,success
2021,Lithuania,Discoteque,The Roop,Azerbaijan,AZ,0,0,False,success
2021,Lithuania,Discoteque,The Roop,Belgium,BE,0,0,False,success
2021,Lithuania,Discoteque,The Roop,Bulgaria,BG,0,0,False,success
2021,Lithuania,Discoteque,The Roop,Belarus,BY,0,0,False,success
2021,Lithuania,Discoteque,The Roop,Switzerland,CH,0,0,False,success
2021,Lithuania,Discoteque,The Roop,Cyprus,CY,0,0,False,success
2021,Lithuania,Discoteque,The Roop,Czechia,CZ,0,0,False,success
2021,Lithuania,Discoteque,The Roop,Germany,DE,1,0,False,success
2021,Lithuania,Discoteque,The Roop,Denmark,DK,0,0,False,success
2021,Lithuania,Discoteque,The Roop,Estonia,EE,0,0,False,success
2021,Lithuania,Discoteque,The Roop,Spain,ES,0,1,False,success
2021,Lithuania,Discoteque,The Roop,Finland,FI,10,0,False,success
2021,Lithuania,Discoteque,The Roop,France,FR,0,0,False,success
2021,Lithuania,Discoteque,The Roop,United Kingdom,GB,1,1,False,success
2021,Lithuania,Discoteque,The Roop,Georgia,GE,0,0,False,success
2021,Lithuania,Discoteque,The Roop,Greece,GR,0,0,False,success
2021,Lithuania,Discoteque,The Roop,Croatia,HR,0,0,False,success
2021,Lithuania,Discoteque,The Roop,Hungary,HU,0,0,False,success
2021,Lithuania,Discoteque,The Roop,Ireland,IE,0,2,False,success
2021,Lithuania,Discoteque,The Roop,Israel,IL,0,0,False,success
2021,Lithuania,Discoteque,The Roop,Iceland,IS,0,0,False,success
2021,Lithuania,Discoteque,The Roop,Italy,IT,0,1,False,success
2021,Lithuania,Discoteque,The Roop,Lithuania,LT,100,100,True,success
2021,Lithuania,Discoteque,The Roop,Luxembourg,LU,0,0,False,success
2021,Lithuania,Discoteque,The Roop,Latvia,LV,0,0,False,success
2021,Lithuania,Discoteque,The Roop,Moldova,MD,0,0,False,success
2021,Lithuania,Discoteque,The Roop,Montenegro,ME,0,0,False,success
2021,Lithuania,Discoteque,The Roop,North Macedonia,MK,0,0,False,success
2021,Lithuania,Discoteque,The Roop,Malta,MT,0,0,False,success
2021,Lithuania,Discoteque,The Roop,Netherlands,NL,0,1,False,success
2021,Lithuania,Discoteque,The Roop,Norway,NO,0,0,False,success
2021,Lithuania,Discoteque,The Roop,Poland,PL,0,0,False,success
2021,Lithuania,Discoteque,The Roop,Portugal,PT,0,0,False,success
2021,Lithuania,Discoteque,The Roop,Romania,RO,0,0,False,success
2021,Lithuania,Discoteque,The Roop,Serbia,RS,0,0,False,success
2021,Lithuania,Discoteque,The Roop,Russia,RU,0,0,False,success
2021,Lithuania,Discoteque,The Roop,Sweden,SE,0,1,False,success
2021,Lithuania,Discoteque,The Roop,Slovenia,SI,0,0,False,success
2021,Lithuania,Discoteque,The Roop,San Marino,SM,0,0,False,success
2021,Lithuania,Discoteque,The Roop,Ukraine,UA,0,0,False,success
2021,Malta,Je me casse,Destiny,Albania,AL,0,0,False,success
2021,Malta,Je me casse,Destiny,Armenia,AM,0,0,False,success
2021,Malta,Je me casse,Destiny,Austria,AT,0,0,False,success
2021,Malta,Je me casse,Destiny,Australia,AU,0,0,False,success
2021,Malta,Je me casse,Destiny,Azerbaijan,AZ,0,0,False,success
2021,Malta,Je me casse,Destiny,Belgium,BE,1,1,False,success
2021,Malta,Je me casse,Destiny,Bulgaria,BG,0,0,False,success
2021,Malta,Je me casse,Destiny,Belarus,BY,0,0,False,success
2021,Malta,Je me casse,Destiny,Switzerland,CH,0,0,False,success
2021,Malta,Je me casse,Destiny,Cyprus,CY,0,0,False,success
2021,Malta,Je me casse,Destiny,Czechia,CZ,0,0,False,success
2021,Malta,Je me casse,Destiny,Germany,DE,0,0,False,success
2021,Malta,Je me casse,Destiny,Denmark,DK,0,1,False,success
2021,Malta,Je me casse,Destiny,Estonia,EE,0,0,False,success
2021,Malta,Je me casse,Destiny,Spain,ES,0,0,False,success
2021,Malta,Je me casse,Destiny,Finland,FI,1,0,False,success
2021,Malta,Je me casse,Destiny,France,FR,0,0,False,success
2021,Malta,Je me casse,Destiny,United Kingdom,GB,0,0,False,success
2021,Malta,Je me casse,Destiny,Georgia,GE,0,0,False,success
2021,Malta,Je me casse,Destiny,Greece,GR,0,1,False,success
2021,Malta,Je me casse,Destiny,Croatia,HR,0,0,False,success
2021,Malta,Je me casse,Destiny,Hungary,HU,0,0,False,success
2021,Malta,Je me casse,Destiny,Ireland,IE,0,0,False,success
2021,Malta,Je me casse,Destiny,Israel,IL,0,0,False,success
2021,Malta,Je me casse,Destiny,Iceland,IS,0,0,False,success
2021,Malta,Je me casse,Destiny,Italy,IT,0,0,False,success
2021,Malta,Je me casse,Destiny,Lithuania,LT,0,0,False,success
2021,Malta,Je me casse,Destiny,Luxembourg,LU,0,0,False,success
2021,Malta,Je me casse,Destiny,Latvia,LV,0,0,False,success
2021,Malta,Je me casse,Destiny,Moldova,MD,0,0,False,success
2021,Malta,Je me casse,Destiny,Montenegro,ME,0,0,False,success
2021,Malta,Je me casse,Destiny,North Macedonia,MK,0,0,False,success
2021,Malta,Je me casse,Destiny,Malta,MT,100,100,True,success
2021,Malta,Je me casse,Destiny,Netherlands,NL,1,1,False,success
2021,Malta,Je me casse,Destiny,Norway,NO,1,0,False,success
2021,Malta,Je me casse,Destiny,Poland,PL,0,0,False,success
2021,Malta,Je me casse,Destiny,Portugal,PT,0,0,False,success
2021,Malta,Je me casse,Destiny,Romania,RO,0,0,False,success
2021,Malta,Je me casse,Destiny,Serbia,RS,0,0,False,success
2021,Malta,Je me casse,Destiny,Russia,RU,0,0,False,success
2021,Malta,Je me casse,Destiny,Sweden,SE,0,1,False,success
2021,Malta,Je me casse,Destiny,Slovenia,SI,0,0,False,success
2021,Malta,Je me casse,Destiny,San Marino,SM,0,0,False,success
2021,Malta,Je me casse,Destiny,Ukraine,UA,0,0,False,success
2021,Moldova,Sugar,Natalia Gordienko,Albania,AL,0,49,False,success
2021,Moldova,Sugar,Natalia Gordienko,Armenia,AM,0,26,False,success
2021,Moldova,Sugar,Natalia Gordienko,Austria,AT,0,19,False,success
2021,Moldova,Sugar,Natalia Gordienko,Australia,AU,0,26,False,success
2021,Moldova,Sugar,Natalia Gordienko,Azerbaijan,AZ,0,10,False,success
2021,Moldova,Sugar,Natalia Gordienko,Belgium,BE,0,15,False,success
2021,Moldova,Sugar,Natalia Gordienko,Bulgaria,BG,0,19,False,success
2021,Moldova,Sugar,Natalia Gordienko,Belarus,BY,0,4,False,success
2021,Moldova,Sugar,Natalia Gordienko,Switzerland,CH,0,18,False,success
2021,Moldova,Sugar,Natalia Gordienko,Cyprus,CY,0,22,False,success
2021,Moldova,Sugar,Natalia Gordienko,Czechia,CZ,0,49,False,success
2021,Moldova,Sugar,Natalia Gordienko,Germany,DE,0,14,False,success
2021,Moldova,Sugar,Natalia Gordienko,Denmark,DK,0,23,False,success
2021,Moldova,Sugar,Natalia Gordienko,Estonia,EE,0,27,False,success
2021,Moldova,Sugar,Natalia Gordienko,Spain,ES,0,14,False,success
2021,Moldova,Sugar,Natalia Gordienko,Finland,FI,0,21,False,success
2021,Moldova,Sugar,Natalia Gordienko,France,FR,0,11,False,success
2021,Moldova,Sugar,Natalia Gordienko,United Kingdom,GB,0,29,False,success
2021,Moldova,Sugar,Natalia Gordienko,Georgia,GE,0,34,False,success
2021,Moldova,Sugar,Natalia Gordienko,Greece,GR,0,22,False,success
2021,Moldova,Sugar,Natalia Gordienko,Croatia,HR,0,23,False,success
2021,Moldova,Sugar,Natalia Gordienko,Hungary,HU,0,17,False,success
2021,Moldova,Sugar,Natalia Gordienko,Ireland,IE,0,24,False,success
2021,Moldova,Sugar,Natalia Gordienko,Israel,IL,0,15,False,success
2021,Moldova,Sugar,Natalia Gordienko,Iceland,IS,0,36,False,success
2021,Moldova,Sugar,Natalia Gordienko,Italy,IT,0,14,False,success
2021,Moldova,Sugar,Natalia Gordienko,Lithuania,LT,0,30,False,success
2021,Moldova,Sugar,Natalia Gordienko,Luxembourg,LU,0,17,False,success
2021,Moldova,Sugar,Natalia Gordienko,Latvia,LV,0,21,False,success
2021,Moldova,Sugar,Natalia Gordienko,Moldova,MD,14,32,True,success
2021,Moldova,Sugar,Natalia Gordienko,Montenegro,ME,0,18,False,success
2021,Moldova,Sugar,Natalia Gordienko,North Macedonia,MK,0,21,False,success
2021,Moldova,Sugar,Natalia Gordienko,Malta,MT,0,30,False,success
2021,Moldova,Sugar,Natalia Gordienko,Netherlands,NL,0,16,False,success
2021,Moldova,Sugar,Natalia Gordienko,Norway,NO,0,26,False,success
2021,Moldova,Sugar,Natalia Gordienko,Poland,PL,0,16,False,success
2021,Moldova,Sugar,Natalia Gordienko,Portugal,PT,0,17,False,success
2021,Moldova,Sugar,Natalia Gordienko,Romania,RO,0,54,False,success
2021,Moldova,Sugar,Natalia Gordienko,Serbia,RS,0,16,False,success
2021,Moldova,Sugar,Natalia Gordienko,Russia,RU,0,4,False,success
2021,Moldova,Sugar,Natalia Gordienko,Sweden,SE,0,18,False,success
2021,Moldova,Sugar,Natalia Gordienko,Slovenia,SI,0,21,False,success
2021,Moldova,Sugar,Natalia Gordienko,San Marino,SM,0,0,False,success
2021,Moldova,Sugar,Natalia Gordienko,Ukraine,UA,0,5,False,success
2021,Netherlands,Birth Of A New Age,Jeangu Macrooy,Albania,AL,0,0,False,success
2021,Netherlands,Birth Of A New Age,Jeangu Macrooy,Armenia,AM,0,0,False,success
2021,Netherlands,Birth Of A New Age,Jeangu Macrooy,Austria,AT,0,0,False,success
2021,Netherlands,Birth Of A New Age,Jeangu Macrooy,Australia,AU,0,0,False,success
2021,Netherlands,Birth Of A New Age,Jeangu Macrooy,Azerbaijan,AZ,0,0,False,success
2021,Netherlands,Birth Of A New Age,Jeangu Macrooy,Belgium,BE,0,0,False,success
2021,Netherlands,Birth Of A New Age,Jeangu Macrooy,Bulgaria,BG,0,0,False,success
2021,Netherlands,Birth Of A New Age,Jeangu Macrooy,Belarus,BY,0,0,False,success
2021,Netherlands,Birth Of A New Age,Jeangu Macrooy,Switzerland,CH,0,0,False,success
2021,Netherlands,Birth Of A New Age,Jeangu Macrooy,Cyprus,CY,0,0,False,success
2021,Netherlands,Birth Of A New Age,Jeangu Macrooy,Czechia,CZ,0,0,False,success
2021,Netherlands,Birth Of A New Age,Jeangu Macrooy,Germany,DE,0,0,False,success
2021,Netherlands,Birth Of A New Age,Jeangu Macrooy,Denmark,DK,0,0,False,success
2021,Netherlands,Birth Of A New Age,Jeangu Macrooy,Estonia,EE,0,0,False,success
2021,Netherlands,Birth Of A New Age,Jeangu Macrooy,Spain,ES,0,0,False,success
2021,Netherlands,Birth Of A New Age,Jeangu Macrooy,Finland,FI,0,0,False,success
2021,Netherlands,Birth Of A New Age,Jeangu Macrooy,France,FR,0,0,False,success
2021,Netherlands,Birth Of A New Age,Jeangu Macrooy,United Kingdom,GB,0,0,False,success
2021,Netherlands,Birth Of A New Age,Jeangu Macrooy,Georgia,GE,0,0,False,success
2021,Netherlands,Birth Of A New Age,Jeangu Macrooy,Greece,GR,0,0,False,success
2021,Netherlands,Birth Of A New Age,Jeangu Macrooy,Croatia,HR,0,0,False,success
2021,Netherlands,Birth Of A New Age,Jeangu Macrooy,Hungary,HU,0,0,False,success
2021,Netherlands,Birth Of A New Age,Jeangu Macrooy,Ireland,IE,0,0,False,success
2021,Netherlands,Birth Of A New Age,Jeangu Macrooy,Israel,IL,0,0,False,success
2021,Netherlands,Birth Of A New Age,Jeangu Macrooy,Iceland,IS,0,0,False,success
2021,Netherlands,Birth Of A New Age,Jeangu Macrooy,Italy,IT,0,0,False,success
2021,Netherlands,Birth Of A New Age,Jeangu Macrooy,Lithuania,LT,0,0,False,success
2021,Netherlands,Birth Of A New Age,Jeangu Macrooy,Luxembourg,LU,0,0,False,success
2021,Netherlands,Birth Of A New Age,Jeangu Macrooy,Latvia,LV,0,0,False,success
2021,Netherlands,Birth Of A New Age,Jeangu Macrooy,Moldova,MD,0,0,False,success
2021,Netherlands,Birth Of A New Age,Jeangu Macrooy,Montenegro,ME,0,0,False,success
2021,Netherlands,Birth Of A New Age,Jeangu Macrooy,North Macedonia,MK,0,0,False,success
2021,Netherlands,Birth Of A New Age,Jeangu Macrooy,Malta,MT,0,0,False,success
2021,Netherlands,Birth Of A New Age,Jeangu Macrooy,Netherlands,NL,16,3,True,success
2021,Netherlands,Birth Of A New Age,Jeangu Macrooy,Norway,NO,0,0,False,success
2021,Netherlands,Birth Of A New Age,Jeangu Macrooy,Poland,PL,0,0,False,success
2021,Netherlands,Birth Of A New Age,Jeangu Macrooy,Portugal,PT,0,0,False,success
2021,Netherlands,Birth Of A New Age,Jeangu Macrooy,Romania,RO,0,0,False,success
2021,Netherlands,Birth Of A New Age,Jeangu Macrooy,Serbia,RS,0,0,False,success
2021,Netherlands,Birth Of A New Age,Jeangu Macrooy,Russia,RU,0,0,False,success
2021,Netherlands,Birth Of A New Age,Jeangu Macrooy,Sweden,SE,0,0,False,success
2021,Netherlands,Birth Of A New Age,Jeangu Macrooy,Slovenia,SI,0,0,False,success
2021,Netherlands,Birth Of A New Age,Jeangu Macrooy,San Marino,SM,0,0,False,success
2021,Netherlands,Birth Of A New Age,Jeangu Macrooy,Ukraine,UA,0,0,False,success
2021,Norway,Fallen Angel,TIX,Albania,AL,0,0,False,success
2021,Norway,Fallen Angel,TIX,Armenia,AM,0,0,False,success
2021,Norway,Fallen Angel,TIX,Austria,AT,0,0,False,success
2021,Norway,Fallen Angel,TIX,Australia,AU,0,0,False,success
2021,Norway,Fallen Angel,TIX,Azerbaijan,AZ,0,0,False,success
2021,Norway,Fallen Angel,TIX,Belgium,BE,0,0,False,success
2021,Norway,Fallen Angel,TIX,Bulgaria,BG,0,0,False,success
2021,Norway,Fallen Angel,TIX,Belarus,BY,0,0,False,success
2021,Norway,Fallen Angel,TIX,Switzerland,CH,0,0,False,success
2021,Norway,Fallen Angel,TIX,Cyprus,CY,0,0,False,success
2021,Norway,Fallen Angel,TIX,Czechia,CZ,0,0,False,success
2021,Norway,Fallen Angel,TIX,Germany,DE,0,0,False,success
2021,Norway,Fallen Angel,TIX,Denmark,DK,4,0,False,success
2021,Norway,Fallen Angel,TIX,Estonia,EE,0,0,False,success
2021,Norway,Fallen Angel,TIX,Spain,ES,1,0,False,success
2021,Norway,Fallen Angel,TIX,Finland,FI,4,0,False,success
2021,Norway,Fallen Angel,TIX,France,FR,0,0,False,success
2021,Norway,Fallen Angel,TIX,United Kingdom,GB,0,0,False,success
2021,Norway,Fallen Angel,TIX,Georgia,GE,0,0,False,success
2021,Norway,Fallen Angel,TIX,Greece,GR,0,0,False,success
2021,Norway,Fallen Angel,TIX,Croatia,HR,0,0,False,success
2021,Norway,Fallen Angel,TIX,Hungary,HU,0,0,False,success
2021,Norway,Fallen Angel,TIX,Ireland,IE,0,0,False,success
2021,Norway,Fallen Angel,TIX,Israel,IL,0,0,False,success
2021,Norway,Fallen Angel,TIX,Iceland,IS,0,0,False,success
2021,Norway,Fallen Angel,TIX,Italy,IT,0,0,False,success
2021,Norway,Fallen Angel,TIX,Lithuania,LT,0,0,False,success
2021,Norway,Fallen Angel,TIX,Luxembourg,LU,0,0,False,success
2021,Norway,Fallen Angel,TIX,Latvia,LV,0,0,False,success
2021,Norway,Fallen Angel,TIX,Moldova,MD,0,0,False,success
2021,Norway,Fallen Angel,TIX,Montenegro,ME,0,0,False,success
2021,Norway,Fallen Angel,TIX,North Macedonia,MK,0,0,False,success
2021,Norway,Fallen Angel,TIX,Malta,MT,0,0,False,success
2021,Norway,Fallen Angel,TIX,Netherlands,NL,1,0,False,success
2021,Norway,Fallen Angel,TIX,Norway,NO,100,0,True,success
2021,Norway,Fallen Angel,TIX,Poland,PL,1,0,False,success
2021,Norway,Fallen Angel,TIX,Portugal,PT,0,0,False,success
2021,Norway,Fallen Angel,TIX,Romania,RO,0,0,False,success
2021,Norway,Fallen Angel,TIX,Serbia,RS,0,0,False,success
2021,Norway,Fallen Angel,TIX,Russia,RU,1,0,False,success
2021,Norway,Fallen Angel,TIX,Sweden,SE,5,0,False,success
2021,Norway,Fallen Angel,TIX,Slovenia,SI,0,0,False,success
2021,Norway,Fallen Angel,TIX,San Marino,SM,0,0,False,success
2021,Norway,Fallen Angel,TIX,Ukraine,UA,0,0,False,success
2021,Portugal,Love Is On My Side,The Black Mamba,Albania,AL,0,0,False,success
2021,Portugal,Love Is On My Side,The Black Mamba,Armenia,AM,0,0,False,success
2021,Portugal,Love Is On My Side,The Black Mamba,Austria,AT,0,0,False,success
2021,Portugal,Love Is On My Side,The Black Mamba,Australia,AU,0,0,False,success
2021,Portugal,Love Is On My Side,The Black Mamba,Azerbaijan,AZ,0,0,False,success
2021,Portugal,Love Is On My Side,The Black Mamba,Belgium,BE,0,0,False,success
2021,Portugal,Love Is On My Side,The Black Mamba,Bulgaria,BG,0,0,False,success
2021,Portugal,Love Is On My Side,The Black Mamba,Belarus,BY,0,0,False,success
2021,Portugal,Love Is On My Side,The Black Mamba,Switzerland,CH,0,0,False,success
2021,Portugal,Love Is On My Side,The Black Mamba,Cyprus,CY,0,0,False,success
2021,Portugal,Love Is On My Side,The Black Mamba,Czechia,CZ,0,0,False,success
2021,Portugal,Love Is On My Side,The Black Mamba,Germany,DE,0,0,False,success
2021,Portugal,Love Is On My Side,The Black Mamba,Denmark,DK,0,0,False,success
2021,Portugal,Love Is On My Side,The Black Mamba,Estonia,EE,0,0,False,success
2021,Portugal,Love Is On My Side,The Black Mamba,Spain,ES,100,0,False,success
2021,Portugal,Love Is On My Side,The Black Mamba,Finland,FI,0,0,False,success
2021,Portugal,Love Is On My Side,The Black Mamba,France,FR,0,0,False,success
2021,Portugal,Love Is On My Side,The Black Mamba,United Kingdom,GB,0,0,False,success
2021,Portugal,Love Is On My Side,The Black Mamba,Georgia,GE,0,0,False,success
2021,Portugal,Love Is On My Side,The Black Mamba,Greece,GR,0,0,False,success
2021,Portugal,Love Is On My Side,The Black Mamba,Croatia,HR,0,0,False,success
2021,Portugal,Love Is On My Side,The Black Mamba,Hungary,HU,0,0,False,success
2021,Portugal,Love Is On My Side,The Black Mamba,Ireland,IE,0,0,False,success
2021,Portugal,Love Is On My Side,The Black Mamba,Israel,IL,0,0,False,success
2021,Portugal,Love Is On My Side,The Black Mamba,Iceland,IS,0,0,False,success
2021,Portugal,Love Is On My Side,The Black Mamba,Italy,IT,0,0,False,success
2021,Portugal,Love Is On My Side,The Black Mamba,Lithuania,LT,0,0,False,success
2021,Portugal,Love Is On My Side,The Black Mamba,Luxembourg,LU,0,0,False,success
2021,Portugal,Love Is On My Side,The Black Mamba,Latvia,LV,0,0,False,success
2021,Portugal,Love Is On My Side,The Black Mamba,Moldova,MD,0,0,False,success
2021,Portugal,Love Is On My Side,The Black Mamba,Montenegro,ME,0,0,False,success
2021,Portugal,Love Is On My Side,The Black Mamba,North Macedonia,MK,0,0,False,success
2021,Portugal,Love Is On My Side,The Black Mamba,Malta,MT,0,0,False,success
2021,Portugal,Love Is On My Side,The Black Mamba,Netherlands,NL,0,0,False,success
2021,Portugal,Love Is On My Side,The Black Mamba,Norway,NO,0,0,False,success
2021,Portugal,Love Is On My Side,The Black Mamba,Poland,PL,0,0,False,success
2021,Portugal,Love Is On My Side,The Black Mamba,Portugal,PT,0,37,True,success
2021,Portugal,Love Is On My Side,The Black Mamba,Romania,RO,0,0,False,success
2021,Portugal,Love Is On My Side,The Black Mamba,Serbia,RS,0,0,False,success
2021,Portugal,Love Is On My Side,The Black Mamba,Russia,RU,0,0,False,success
2021,Portugal,Love Is On My Side,The Black Mamba,Sweden,SE,0,0,False,success
2021,Portugal,Love Is On My Side,The Black Mamba,Slovenia,SI,0,0,False,success
2021,Portugal,Love Is On My Side,The Black Mamba,San Marino,SM,0,0,False,success
2021,Portugal,Love Is On My Side,The Black Mamba,Ukraine,UA,0,0,False,success
2021,Russia,Russian Woman,Manizha,Albania,AL,0,0,False,success
2021,Russia,Russian Woman,Manizha,Armenia,AM,0,0,False,success
2021,Russia,Russian Woman,Manizha,Austria,AT,0,0,False,success
2021,Russia,Russian Woman,Manizha,Australia,AU,0,29,False,success
2021,Russia,Russian Woman,Manizha,Azerbaijan,AZ,0,0,False,success
2021,Russia,Russian Woman,Manizha,Belgium,BE,0,0,False,success
2021,Russia,Russian Woman,Manizha,Bulgaria,BG,0,0,False,success
2021,Russia,Russian Woman,Manizha,Belarus,BY,34,0,False,success
2021,Russia,Russian Woman,Manizha,Switzerland,CH,0,0,False,success
2021,Russia,Russian Woman,Manizha,Cyprus,CY,0,0,False,success
2021,Russia,Russian Woman,Manizha,Czechia,CZ,0,76,False,success
2021,Russia,Russian Woman,Manizha,Germany,DE,5,24,False,success
2021,Russia,Russian Woman,Manizha,Denmark,DK,0,0,False,success
2021,Russia,Russian Woman,Manizha,Estonia,EE,0,0,False,success
2021,Russia,Russian Woman,Manizha,Spain,ES,3,29,False,success
2021,Russia,Russian Woman,Manizha,Finland,FI,0,0,False,success
2021,Russia,Russian Woman,Manizha,France,FR,0,0,False,success
2021,Russia,Russian Woman,Manizha,United Kingdom,GB,2,21,False,success
2021,Russia,Russian Woman,Manizha,Georgia,GE,0,0,False,success
2021,Russia,Russian Woman,Manizha,Greece,GR,0,0,False,success
2021,Russia,Russian Woman,Manizha,Croatia,HR,38,0,False,success
2021,Russia,Russian Woman,Manizha,Hungary,HU,0,0,False,success
2021,Russia,Russian Woman,Manizha,Ireland,IE,0,0,False,success
2021,Russia,Russian Woman,Manizha,Israel,IL,0,100,False,success
2021,Russia,Russian Woman,Manizha,Iceland,IS,0,0,False,success
2021,Russia,Russian Woman,Manizha,Italy,IT,6,0,False,success
2021,Russia,Russian Woman,Manizha,Lithuania,LT,60,0,False,success
2021,Russia,Russian Woman,Manizha,Luxembourg,LU,0,0,False,success
2021,Russia,Russian Woman,Manizha,Latvia,LV,0,0,False,success
2021,Russia,Russian Woman,Manizha,Moldova,MD,100,0,False,success
2021,Russia,Russian Woman,Manizha,Montenegro,ME,0,0,False,success
2021,Russia,Russian Woman,Manizha,North Macedonia,MK,0,0,False,success
2021,Russia,Russian Woman,Manizha,Malta,MT,0,0,False,success
2021,Russia,Russian Woman,Manizha,Netherlands,NL,7,0,False,success
2021,Russia,Russian Woman,Manizha,Norway,NO,0,0,False,success
2021,Russia,Russian Woman,Manizha,Poland,PL,6,25,False,success
2021,Russia,Russian Woman,Manizha,Portugal,PT,0,0,False,success
2021,Russia,Russian Woman,Manizha,Romania,RO,0,0,False,success
2021,Russia,Russian Woman,Manizha,Serbia,RS,0,0,False,success
2021,Russia,Russian Woman,Manizha,Russia,RU,38,75,True,success
2021,Russia,Russian Woman,Manizha,Sweden,SE,0,0,False,success
2021,Russia,Russian Woman,Manizha,Slovenia,SI,0,0,False,success
2021,Russia,Russian Woman,Manizha,San Marino,SM,0,0,False,success
2021,Russia,Russian Woman,Manizha,Ukraine,UA,14,59,False,success
2021,San Marino,Adrenalina,Senhit feat. Flo Rida,Albania,AL,0,100,False,success
2021,San Marino,Adrenalina,Senhit feat. Flo Rida,Armenia,AM,0,0,False,success
2021,San Marino,Adrenalina,Senhit feat. Flo Rida,Austria,AT,0,11,False,success
2021,San Marino,Adrenalina,Senhit feat. Flo Rida,Australia,AU,0,0,False,success
2021,San Marino,Adrenalina,Senhit feat. Flo Rida,Azerbaijan,AZ,0,0,False,success
2021,San Marino,Adrenalina,Senhit feat. Flo Rida,Belgium,BE,0,0,False,success
2021,San Marino,Adrenalina,Senhit feat. Flo Rida,Bulgaria,BG,0,0,False,success
2021,San Marino,Adrenalina,Senhit feat. Flo Rida,Belarus,BY,0,0,False,success
2021,San Marino,Adrenalina,Senhit feat. Flo Rida,Switzerland,CH,0,11,False,success
2021,San Marino,Adrenalina,Senhit feat. Flo Rida,Cyprus,CY,0,70,False,success
2021,San Marino,Adrenalina,Senhit feat. Flo Rida,Czechia,CZ,0,11,False,success
2021,San Marino,Adrenalina,Senhit feat. Flo Rida,Germany,DE,0,4,False,success
2021,San Marino,Adrenalina,Senhit feat. Flo Rida,Denmark,DK,0,0,False,success
2021,San Marino,Adrenalina,Senhit feat. Flo Rida,Estonia,EE,0,0,False,success
2021,San Marino,Adrenalina,Senhit feat. Flo Rida,Spain,ES,0,36,False,success
2021,San Marino,Adrenalina,Senhit feat. Flo Rida,Finland,FI,0,0,False,success
2021,San Marino,Adrenalina,Senhit feat. Flo Rida,France,FR,0,3,False,success
2021,San Marino,Adrenalina,Senhit feat. Flo Rida,United Kingdom,GB,0,4,False,success
2021,San Marino,Adrenalina,Senhit feat. Flo Rida,Georgia,GE,0,0,False,success
2021,San Marino,Adrenalina,Senhit feat. Flo Rida,Greece,GR,0,20,False,success
2021,San Marino,Adrenalina,Senhit feat. Flo Rida,Croatia,HR,0,76,False,success
2021,San Marino,Adrenalina,Senhit feat. Flo Rida,Hungary,HU,0,0,False,success
2021,San Marino,Adrenalina,Senhit feat. Flo Rida,Ireland,IE,0,0,False,success
2021,San Marino,Adrenalina,Senhit feat. Flo Rida,Israel,IL,0,8,False,success
2021,San Marino,Adrenalina,Senhit feat. Flo Rida,Iceland,IS,0,0,False,success
2021,San Marino,Adrenalina,Senhit feat. Flo Rida,Italy,IT,0,21,False,success
2021,San Marino,Adrenalina,Senhit feat. Flo Rida,Lithuania,LT,0,0,False,success
2021,San Marino,Adrenalina,Senhit feat. Flo Rida,Luxembourg,LU,0,0,False,success
2021,San Marino,Adrenalina,Senhit feat. Flo Rida,Latvia,LV,0,0,False,success
2021,San Marino,Adrenalina,Senhit feat. Flo Rida,Moldova,MD,0,0,False,success
2021,San Marino,Adrenalina,Senhit feat. Flo Rida,Montenegro,ME,0,0,False,success
2021,San Marino,Adrenalina,Senhit feat. Flo Rida,North Macedonia,MK,0,0,False,success
2021,San Marino,Adrenalina,Senhit feat. Flo Rida,Malta,MT,0,0,False,success
2021,San Marino,Adrenalina,Senhit feat. Flo Rida,Netherlands,NL,0,7,False,success
2021,San Marino,Adrenalina,Senhit feat. Flo Rida,Norway,NO,0,0,False,success
2021,San Marino,Adrenalina,Senhit feat. Flo Rida,Poland,PL,0,20,False,success
2021,San Marino,Adrenalina,Senhit feat. Flo Rida,Portugal,PT,0,0,False,success
2021,San Marino,Adrenalina,Senhit feat. Flo Rida,Romania,RO,0,30,False,success
2021,San Marino,Adrenalina,Senhit feat. Flo Rida,Serbia,RS,0,70,False,success
2021,San Marino,Adrenalina,Senhit feat. Flo Rida,Russia,RU,0,2,False,success
2021,San Marino,Adrenalina,Senhit feat. Flo Rida,Sweden,SE,0,8,False,success
2021,San Marino,Adrenalina,Senhit feat. Flo Rida,Slovenia,SI,0,0,False,success
2021,San Marino,Adrenalina,Senhit feat. Flo Rida,San Marino,SM,0,0,True,success
2021,San Marino,Adrenalina,Senhit feat. Flo Rida,Ukraine,UA,0,0,False,success
2021,Serbia,Loco Loco,Hurricane,Albania,AL,0,9,False,success
2021,Serbia,Loco Loco,Hurricane,Armenia,AM,0,2,False,success
2021,Serbia,Loco Loco,Hurricane,Austria,AT,5,9,False,success
2021,Serbia,Loco Loco,Hurricane,Australia,AU,0,2,False,success
2021,Serbia,Loco Loco,Hurricane,Azerbaijan,AZ,0,2,False,success
2021,Serbia,Loco Loco,Hurricane,Belgium,BE,3,6,False,success
2021,Serbia,Loco Loco,Hurricane,Bulgaria,BG,0,3,False,success
2021,Serbia,Loco Loco,Hurricane,Belarus,BY,0,0,False,success
2021,Serbia,Loco Loco,Hurricane,Switzerland,CH,0,13,False,success
2021,Serbia,Loco Loco,Hurricane,Cyprus,CY,0,5,False,success
2021,Serbia,Loco Loco,Hurricane,Czechia,CZ,0,2,False,success
2021,Serbia,Loco Loco,Hurricane,Germany,DE,1,5,False,success
2021,Serbia,Loco Loco,Hurricane,Denmark,DK,0,4,False,success
2021,Serbia,Loco Loco,Hurricane,Estonia,EE,0,0,False,success
2021,Serbia,Loco Loco,Hurricane,Spain,ES,1,63,False,success
2021,Serbia,Loco Loco,Hurricane,Finland,FI,8,3,False,success
2021,Serbia,Loco Loco,Hurricane,France,FR,0,4,False,success
2021,Serbia,Loco Loco,Hurricane,United Kingdom,GB,0,2,False,success
2021,Serbia,Loco Loco,Hurricane,Georgia,GE,0,2,False,success
2021,Serbia,Loco Loco,Hurricane,Greece,GR,0,6,False,success
2021,Serbia,Loco Loco,Hurricane,Croatia,HR,30,48,False,success
2021,Serbia,Loco Loco,Hurricane,Hungary,HU,0,4,False,success
2021,Serbia,Loco Loco,Hurricane,Ireland,IE,0,3,False,success
2021,Serbia,Loco Loco,Hurricane,Israel,IL,0,2,False,success
2021,Serbia,Loco Loco,Hurricane,Iceland,IS,0,0,False,success
2021,Serbia,Loco Loco,Hurricane,Italy,IT,0,13,False,success
2021,Serbia,Loco Loco,Hurricane,Lithuania,LT,0,0,False,success
2021,Serbia,Loco Loco,Hurricane,Luxembourg,LU,0,8,False,success
2021,Serbia,Loco Loco,Hurricane,Latvia,LV,0,0,False,success
2021,Serbia,Loco Loco,Hurricane,Moldova,MD,0,3,False,success
2021,Serbia,Loco Loco,Hurricane,Montenegro,ME,100,65,False,success
2021,Serbia,Loco Loco,Hurricane,North Macedonia,MK,0,31,False,success
2021,Serbia,Loco Loco,Hurricane,Malta,MT,0,0,False,success
2021,Serbia,Loco Loco,Hurricane,Netherlands,NL,2,6,False,success
2021,Serbia,Loco Loco,Hurricane,Norway,NO,0,4,False,success
2021,Serbia,Loco Loco,Hurricane,Poland,PL,1,3,False,success
2021,Serbia,Loco Loco,Hurricane,Portugal,PT,0,8,False,success
2021,Serbia,Loco Loco,Hurricane,Romania,RO,0,6,False,success
2021,Serbia,Loco Loco,Hurricane,Serbia,RS,91,100,True,success
2021,Serbia,Loco Loco,Hurricane,Russia,RU,0,0,False,success
2021,Serbia,Loco Loco,Hurricane,Sweden,SE,0,4,False,success
2021,Serbia,Loco Loco,Hurricane,Slovenia,SI,0,19,False,success
2021,Serbia,Loco Loco,Hurricane,San Marino,SM,0,0,False,success
2021,Serbia,Loco Loco,Hurricane,Ukraine,UA,0,0,False,success
2021,Spain,Voy a quedarme,Blas Cantó,Albania,AL,0,0,False,success
2021,Spain,Voy a quedarme,Blas Cantó,Armenia,AM,0,0,False,success
2021,Spain,Voy a quedarme,Blas Cantó,Austria,AT,0,0,False,success
2021,Spain,Voy a quedarme,Blas Cantó,Australia,AU,0,0,False,success
2021,Spain,Voy a quedarme,Blas Cantó,Azerbaijan,AZ,0,0,False,success
2021,Spain,Voy a quedarme,Blas Cantó,Belgium,BE,0,0,False,success
2021,Spain,Voy a quedarme,Blas Cantó,Bulgaria,BG,0,0,False,success
2021,Spain,Voy a quedarme,Blas Cantó,Belarus,BY,0,0,False,success
2021,Spain,Voy a quedarme,Blas Cantó,Switzerland,CH,0,0,False,success
2021,Spain,Voy a quedarme,Blas Cantó,Cyprus,CY,0,0,False,success
2021,Spain,Voy a quedarme,Blas Cantó,Czechia,CZ,0,0,False,success
2021,Spain,Voy a quedarme,Blas Cantó,Germany,DE,0,0,False,success
2021,Spain,Voy a quedarme,Blas Cantó,Denmark,DK,0,0,False,success
2021,Spain,Voy a quedarme,Blas Cantó,Estonia,EE,0,0,False,success
2021,Spain,Voy a quedarme,Blas Cantó,Spain,ES,1,100,True,success
2021,Spain,Voy a quedarme,Blas Cantó,Finland,FI,0,0,False,success
2021,Spain,Voy a quedarme,Blas Cantó,France,FR,0,0,False,success
2021,Spain,Voy a quedarme,Blas Cantó,United Kingdom,GB,0,0,False,success
2021,Spain,Voy a quedarme,Blas Cantó,Georgia,GE,0,0,False,success
2021,Spain,Voy a quedarme,Blas Cantó,Greece,GR,0,0,False,success
2021,Spain,Voy a quedarme,Blas Cantó,Croatia,HR,0,0,False,success
2021,Spain,Voy a quedarme,Blas Cantó,Hungary,HU,0,0,False,success
2021,Spain,Voy a quedarme,Blas Cantó,Ireland,IE,0,0,False,success
2021,Spain,Voy a quedarme,Blas Cantó,Israel,IL,0,0,False,success
2021,Spain,Voy a quedarme,Blas Cantó,Iceland,IS,0,0,False,success
2021,Spain,Voy a quedarme,Blas Cantó,Italy,IT,0,0,False,success
2021,Spain,Voy a quedarme,Blas Cantó,Lithuania,LT,0,0,False,success
2021,Spain,Voy a quedarme,Blas Cantó,Luxembourg,LU,0,0,False,success
2021,Spain,Voy a quedarme,Blas Cantó,Latvia,LV,0,0,False,success
2021,Spain,Voy a quedarme,Blas Cantó,Moldova,MD,0,0,False,success
2021,Spain,Voy a quedarme,Blas Cantó,Montenegro,ME,0,0,False,success
2021,Spain,Voy a quedarme,Blas Cantó,North Macedonia,MK,0,0,False,success
2021,Spain,Voy a quedarme,Blas Cantó,Malta,MT,0,0,False,success
2021,Spain,Voy a quedarme,Blas Cantó,Netherlands,NL,0,0,False,success
2021,Spain,Voy a quedarme,Blas Cantó,Norway,NO,0,0,False,success
2021,Spain,Voy a quedarme,Blas Cantó,Poland,PL,0,0,False,success
2021,Spain,Voy a quedarme,Blas Cantó,Portugal,PT,0,50,False,success
2021,Spain,Voy a quedarme,Blas Cantó,Romania,RO,0,0,False,success
2021,Spain,Voy a quedarme,Blas Cantó,Serbia,RS,0,0,False,success
2021,Spain,Voy a quedarme,Blas Cantó,Russia,RU,0,0,False,success
2021,Spain,Voy a quedarme,Blas Cantó,Sweden,SE,0,0,False,success
2021,Spain,Voy a quedarme,Blas Cantó,Slovenia,SI,0,0,False,success
2021,Spain,Voy a quedarme,Blas Cantó,San Marino,SM,0,0,False,success
2021,Spain,Voy a quedarme,Blas Cantó,Ukraine,UA,0,7,False,success
2021,Sweden,Voices,Tusse,Albania,AL,0,0,False,success
2021,Sweden,Voices,Tusse,Armenia,AM,0,0,False,success
2021,Sweden,Voices,Tusse,Austria,AT,0,10,False,success
2021,Sweden,Voices,Tusse,Australia,AU,0,19,False,success
2021,Sweden,Voices,Tusse,Azerbaijan,AZ,0,0,False,success
2021,Sweden,Voices,Tusse,Belgium,BE,0,12,False,success
2021,Sweden,Voices,Tusse,Bulgaria,BG,0,8,False,success
2021,Sweden,Voices,Tusse,Belarus,BY,0,3,False,success
2021,Sweden,Voices,Tusse,Switzerland,CH,0,9,False,success
2021,Sweden,Voices,Tusse,Cyprus,CY,0,0,False,success
2021,Sweden,Voices,Tusse,Czechia,CZ,0,9,False,success
2021,Sweden,Voices,Tusse,Germany,DE,0,8,False,success
2021,Sweden,Voices,Tusse,Denmark,DK,0,16,False,success
2021,Sweden,Voices,Tusse,Estonia,EE,0,28,False,success
2021,Sweden,Voices,Tusse,Spain,ES,0,7,False,success
2021,Sweden,Voices,Tusse,Finland,FI,2,30,False,success
2021,Sweden,Voices,Tusse,France,FR,0,5,False,success
2021,Sweden,Voices,Tusse,United Kingdom,GB,0,22,False,success
2021,Sweden,Voices,Tusse,Georgia,GE,0,6,False,success
2021,Sweden,Voices,Tusse,Greece,GR,0,10,False,success
2021,Sweden,Voices,Tusse,Croatia,HR,0,17,False,success
2021,Sweden,Voices,Tusse,Hungary,HU,0,6,False,success
2021,Sweden,Voices,Tusse,Ireland,IE,0,24,False,success
2021,Sweden,Voices,Tusse,Israel,IL,0,6,False,success
2021,Sweden,Voices,Tusse,Iceland,IS,0,0,False,success
2021,Sweden,Voices,Tusse,Italy,IT,0,8,False,success
2021,Sweden,Voices,Tusse,Lithuania,LT,0,21,False,success
2021,Sweden,Voices,Tusse,Luxembourg,LU,0,0,False,success
2021,Sweden,Voices,Tusse,Latvia,LV,0,17,False,success
2021,Sweden,Voices,Tusse,Moldova,MD,0,0,False,success
2021,Sweden,Voices,Tusse,Montenegro,ME,0,0,False,success
2021,Sweden,Voices,Tusse,North Macedonia,MK,0,0,False,success
2021,Sweden,Voices,Tusse,Malta,MT,0,0,False,success
2021,Sweden,Voices,Tusse,Netherlands,NL,0,14,False,success
2021,Sweden,Voices,Tusse,Norway,NO,2,26,False,success
2021,Sweden,Voices,Tusse,Poland,PL,0,9,False,success
2021,Sweden,Voices,Tusse,Portugal,PT,0,13,False,success
2021,Sweden,Voices,Tusse,Romania,RO,0,8,False,success
2021,Sweden,Voices,Tusse,Serbia,RS,0,5,False,success
2021,Sweden,Voices,Tusse,Russia,RU,0,2,False,success
2021,Sweden,Voices,Tusse,Sweden,SE,9,100,True,success
2021,Sweden,Voices,Tusse,Slovenia,SI,0,17,False,success
2021,Sweden,Voices,Tusse,San Marino,SM,0,0,False,success
2021,Sweden,Voices,Tusse,Ukraine,UA,0,2,False,success
2021,Switzerland,Tout l'univers,Gjon's Tears,Albania,AL,0,0,False,success
2021,Switzerland,Tout l'univers,Gjon's Tears,Armenia,AM,0,0,False,success
2021,Switzerland,Tout l'univers,Gjon's Tears,Austria,AT,0,0,False,success
2021,Switzerland,Tout l'univers,Gjon's Tears,Australia,AU,0,0,False,success
2021,Switzerland,Tout l'univers,Gjon's Tears,Azerbaijan,AZ,0,0,False,success
2021,Switzerland,Tout l'univers,Gjon's Tears,Belgium,BE,0,24,False,success
2021,Switzerland,Tout l'univers,Gjon's Tears,Bulgaria,BG,0,0,False,success
2021,Switzerland,Tout l'univers,Gjon's Tears,Belarus,BY,0,0,False,success
2021,Switzerland,Tout l'univers,Gjon's Tears,Switzerland,CH,0,100,True,success
2021,Switzerland,Tout l'univers,Gjon's Tears,Cyprus,CY,0,0,False,success
2021,Switzerland,Tout l'univers,Gjon's Tears,Czechia,CZ,0,0,False,success
2021,Switzerland,Tout l'univers,Gjon's Tears,Germany,DE,0,3,False,success
2021,Switzerland,Tout l'univers,Gjon's Tears,Denmark,DK,0,0,False,success
2021,Switzerland,Tout l'univers,Gjon's Tears,Estonia,EE,0,0,False,success
2021,Switzerland,Tout l'univers,Gjon's Tears,Spain,ES,0,44,False,success
2021,Switzerland,Tout l'univers,Gjon's Tears,Finland,FI,0,0,False,success
2021,Switzerland,Tout l'univers,Gjon's Tears,France,FR,0,8,False,success
2021,Switzerland,Tout l'univers,Gjon's Tears,United Kingdom,GB,0,0,False,success
2021,Switzerland,Tout l'univers,Gjon's Tears,Georgia,GE,0,0,False,success
2021,Switzerland,Tout l'univers,Gjon's Tears,Greece,GR,0,0,False,success
2021,Switzerland,Tout l'univers,Gjon's Tears,Croatia,HR,0,0,False,success
2021,Switzerland,Tout l'univers,Gjon's Tears,Hungary,HU,0,0,False,success
2021,Switzerland,Tout l'univers,Gjon's Tears,Ireland,IE,0,0,False,success
2021,Switzerland,Tout l'univers,Gjon's Tears,Israel,IL,0,0,False,success
2021,Switzerland,Tout l'univers,Gjon's Tears,Iceland,IS,0,0,False,success
2021,Switzerland,Tout l'univers,Gjon's Tears,Italy,IT,0,0,False,success
2021,Switzerland,Tout l'univers,Gjon's Tears,Lithuania,LT,0,0,False,success
2021,Switzerland,Tout l'univers,Gjon's Tears,Luxembourg,LU,0,0,False,success
2021,Switzerland,Tout l'univers,Gjon's Tears,Latvia,LV,0,0,False,success
2021,Switzerland,Tout l'univers,Gjon's Tears,Moldova,MD,0,0,False,success
2021,Switzerland,Tout l'univers,Gjon's Tears,Montenegro,ME,0,0,False,success
2021,Switzerland,Tout l'univers,Gjon's Tears,North Macedonia,MK,0,0,False,success
2021,Switzerland,Tout l'univers,Gjon's Tears,Malta,MT,0,0,False,success
2021,Switzerland,Tout l'univers,Gjon's Tears,Netherlands,NL,0,20,False,success
2021,Switzerland,Tout l'univers,Gjon's Tears,Norway,NO,0,0,False,success
2021,Switzerland,Tout l'univers,Gjon's Tears,Poland,PL,0,8,False,success
2021,Switzerland,Tout l'univers,Gjon's Tears,Portugal,PT,0,0,False,success
2021,Switzerland,Tout l'univers,Gjon's Tears,Romania,RO,0,0,False,success
2021,Switzerland,Tout l'univers,Gjon's Tears,Serbia,RS,0,0,False,success
2021,Switzerland,Tout l'univers,Gjon's Tears,Russia,RU,0,0,False,success
2021,Switzerland,Tout l'univers,Gjon's Tears,Sweden,SE,0,0,False,success
2021,Switzerland,Tout l'univers,Gjon's Tears,Slovenia,SI,0,0,False,success
2021,Switzerland,Tout l'univers,Gjon's Tears,San Marino,SM,0,0,False,success
2021,Switzerland,Tout l'univers,Gjon's Tears,Ukraine,UA,0,0,False,success
2021,Ukraine,Shum,Go_A,Albania,AL,0,75,False,success
2021,Ukraine,Shum,Go_A,Armenia,AM,0,0,False,success
2021,Ukraine,Shum,Go_A,Austria,AT,0,4,False,success
2021,Ukraine,Shum,Go_A,Australia,AU,0,0,False,success
2021,Ukraine,Shum,Go_A,Azerbaijan,AZ,0,0,False,success
2021,Ukraine,Shum,Go_A,Belgium,BE,29,4,False,success
2021,Ukraine,Shum,Go_A,Bulgaria,BG,0,4,False,success
2021,Ukraine,Shum,Go_A,Belarus,BY,0,0,False,success
2021,Ukraine,Shum,Go_A,Switzerland,CH,0,12,False,success
2021,Ukraine,Shum,Go_A,Cyprus,CY,0,0,False,success
2021,Ukraine,Shum,Go_A,Czechia,CZ,0,1,False,success
2021,Ukraine,Shum,Go_A,Germany,DE,5,2,False,success
2021,Ukraine,Shum,Go_A,Denmark,DK,0,2,False,success
2021,Ukraine,Shum,Go_A,Estonia,EE,0,0,False,success
2021,Ukraine,Shum,Go_A,Spain,ES,10,1,False,success
2021,Ukraine,Shum,Go_A,Finland,FI,0,4,False,success
2021,Ukraine,Shum,Go_A,France,FR,4,1,False,success
2021,Ukraine,Shum,Go_A,United Kingdom,GB,5,1,False,success
2021,Ukraine,Shum,Go_A,Georgia,GE,0,3,False,success
2021,Ukraine,Shum,Go_A,Greece,GR,0,3,False,success
2021,Ukraine,Shum,Go_A,Croatia,HR,100,11,False,success
2021,Ukraine,Shum,Go_A,Hungary,HU,0,2,False,success
2021,Ukraine,Shum,Go_A,Ireland,IE,0,0,False,success
2021,Ukraine,Shum,Go_A,Israel,IL,0,0,False,success
2021,Ukraine,Shum,Go_A,Iceland,IS,0,0,False,success
2021,Ukraine,Shum,Go_A,Italy,IT,13,2,False,success
2021,Ukraine,Shum,Go_A,Lithuania,LT,0,12,False,success
2021,Ukraine,Shum,Go_A,Luxembourg,LU,0,0,False,success
2021,Ukraine,Shum,Go_A,Latvia,LV,0,0,False,success
2021,Ukraine,Shum,Go_A,Moldova,MD,0,7,False,success
2021,Ukraine,Shum,Go_A,Montenegro,ME,0,0,False,success
2021,Ukraine,Shum,Go_A,North Macedonia,MK,0,48,False,success
2021,Ukraine,Shum,Go_A,Malta,MT,0,0,False,success
2021,Ukraine,Shum,Go_A,Netherlands,NL,27,2,False,success
2021,Ukraine,Shum,Go_A,Norway,NO,57,3,False,success
2021,Ukraine,Shum,Go_A,Poland,PL,18,1,False,success
2021,Ukraine,Shum,Go_A,Portugal,PT,0,0,False,success
2021,Ukraine,Shum,Go_A,Romania,RO,0,0,False,success
2021,Ukraine,Shum,Go_A,Serbia,RS,0,7,False,success
2021,Ukraine,Shum,Go_A,Russia,RU,31,0,False,success
2021,Ukraine,Shum,Go_A,Sweden,SE,32,4,False,success
2021,Ukraine,Shum,Go_A,Slovenia,SI,0,11,False,success
2021,Ukraine,Shum,Go_A,San Marino,SM,0,0,False,success
2021,Ukraine,Shum,Go_A,Ukraine,UA,30,3,True,success
2021,United Kingdom,Embers,James Newman,Albania,AL,0,0,False,success
2021,United Kingdom,Embers,James Newman,Armenia,AM,0,0,False,success
2021,United Kingdom,Embers,James Newman,Austria,AT,0,0,False,success
2021,United Kingdom,Embers,James Newman,Australia,AU,0,21,False,success
2021,United Kingdom,Embers,James Newman,Azerbaijan,AZ,0,0,False,success
2021,United Kingdom,Embers,James Newman,Belgium,BE,0,0,False,success
2021,United Kingdom,Embers,James Newman,Bulgaria,BG,0,0,False,success
2021,United Kingdom,Embers,James Newman,Belarus,BY,0,0,False,success
2021,United Kingdom,Embers,James Newman,Switzerland,CH,0,0,False,success
2021,United Kingdom,Embers,James Newman,Cyprus,CY,0,0,False,success
2021,United Kingdom,Embers,James Newman,Czechia,CZ,0,0,False,success
2021,United Kingdom,Embers,James Newman,Germany,DE,0,11,False,success
2021,United Kingdom,Embers,James Newman,Denmark,DK,0,0,False,success
2021,United Kingdom,Embers,James Newman,Estonia,EE,0,0,False,success
2021,United Kingdom,Embers,James Newman,Spain,ES,0,19,False,success
2021,United Kingdom,Embers,James Newman,Finland,FI,0,0,False,success
2021,United Kingdom,Embers,James Newman,France,FR,0,0,False,success
2021,United Kingdom,Embers,James Newman,United Kingdom,GB,0,100,True,success
2021,United Kingdom,Embers,James Newman,Georgia,GE,0,0,False,success
2021,United Kingdom,Embers,James Newman,Greece,GR,0,0,False,success
2021,United Kingdom,Embers,James Newman,Croatia,HR,0,0,False,success
2021,United Kingdom,Embers,James Newman,Hungary,HU,0,0,False,success
2021,United Kingdom,Embers,James Newman,Ireland,IE,0,0,False,success
2021,United Kingdom,Embers,James Newman,Israel,IL,0,0,False,success
2021,United Kingdom,Embers,James Newman,Iceland,IS,0,0,False,success
2021,United Kingdom,Embers,James Newman,Italy,IT,0,0,False,success
2021,United Kingdom,Embers,James Newman,Lithuania,LT,0,0,False,success
2021,United Kingdom,Embers,James Newman,Luxembourg,LU,0,0,False,success
2021,United Kingdom,Embers,James Newman,Latvia,LV,0,0,False,success
2021,United Kingdom,Embers,James Newman,Moldova,MD,0,0,False,success
2021,United Kingdom,Embers,James Newman,Montenegro,ME,0,0,False,success
2021,United Kingdom,Embers,James Newman,North Macedonia,MK,0,0,False,success
2021,United Kingdom,Embers,James Newman,Malta,MT,0,0,False,success
2021,United Kingdom,Embers,James Newman,Netherlands,NL,0,30,False,success
2021,United Kingdom,Embers,James Newman,Norway,NO,0,0,False,success
2021,United Kingdom,Embers,James Newman,Poland,PL,0,0,False,success
2021,United Kingdom,Embers,James Newman,Portugal,PT,0,0,False,success
2021,United Kingdom,Embers,James Newman,Romania,RO,0,0,False,success
2021,United Kingdom,Embers,James Newman,Serbia,RS,0,0,False,success
2021,United Kingdom,Embers,James Newman,Russia,RU,0,8,False,success
2021,United Kingdom,Embers,James Newman,Sweden,SE,0,43,False,success
2021,United Kingdom,Embers,James Newman,Slovenia,SI,0,0,False,success
2021,United Kingdom,Embers,James Newman,San Marino,SM,0,0,False,success
2021,United Kingdom,Embers,James Newman,Ukraine,UA,0,0,False,success
2022,Armenia,Snap,Rosa Linn,Albania,AL,0,17,False,success
2022,Armenia,Snap,Rosa Linn,Armenia,AM,100,100,True,success
2022,Armenia,Snap,Rosa Linn,Austria,AT,0,17,False,success
2022,Armenia,Snap,Rosa Linn,Australia,AU,0,15,False,success
2022,Armenia,Snap,Rosa Linn,Azerbaijan,AZ,0,7,False,success
2022,Armenia,Snap,Rosa Linn,Belgium,BE,3,26,False,success
2022,Armenia,Snap,Rosa Linn,Bulgaria,BG,0,28,False,success
2022,Armenia,Snap,Rosa Linn,Belarus,BY,0,0,False,success
2022,Armenia,Snap,Rosa Linn,Switzerland,CH,0,19,False,success
2022,Armenia,Snap,Rosa Linn,Cyprus,CY,0,0,False,success
2022,Armenia,Snap,Rosa Linn,Czechia,CZ,0,10,False,success
2022,Armenia,Snap,Rosa Linn,Germany,DE,1,14,False,success
2022,Armenia,Snap,Rosa Linn,Denmark,DK,0,19,False,success
2022,Armenia,Snap,Rosa Linn,Estonia,EE,0,19,False,success
2022,Armenia,Snap,Rosa Linn,Spain,ES,2,8,False,success
2022,Armenia,Snap,Rosa Linn,Finland,FI,0,12,False,success
2022,Armenia,Snap,Rosa Linn,France,FR,0,50,False,success
2022,Armenia,Snap,Rosa Linn,United Kingdom,GB,0,25,False,success
2022,Armenia,Snap,Rosa Linn,Georgia,GE,0,4,False,success
2022,Armenia,Snap,Rosa Linn,Greece,GR,0,10,False,success
2022,Armenia,Snap,Rosa Linn,Croatia,HR,0,17,False,success
2022,Armenia,Snap,Rosa Linn,Hungary,HU,0,15,False,success
2022,Armenia,Snap,Rosa Linn,Ireland,IE,0,15,False,success
2022,Armenia,Snap,Rosa Linn,Israel,IL,0,4,False,success
2022,Armenia,Snap,Rosa Linn,Iceland,IS,0,0,False,success
2022,Armenia,Snap,Rosa Linn,Italy,IT,3,12,False,success
2022,Armenia,Snap,Rosa Linn,Lithuania,LT,0,20,False,success
2022,Armenia,Snap,Rosa Linn,Luxembourg,LU,0,0,False,success
2022,Armenia,Snap,Rosa Linn,Latvia,LV,0,14,False,success
2022,Armenia,Snap,Rosa Linn,Moldova,MD,0,9,False,success
2022,Armenia,Snap,Rosa Linn,Montenegro,ME,0,0,False,success
2022,Armenia,Snap,Rosa Linn,North Macedonia,MK,0,13,False,success
2022,Armenia,Snap,Rosa Linn,Malta,MT,0,0,False,success
2022,Armenia,Snap,Rosa Linn,Netherlands,NL,2,17,False,success
2022,Armenia,Snap,Rosa Linn,Norway,NO,0,18,False,success
2022,Armenia,Snap,Rosa Linn,Poland,PL,1,13,False,success
2022,Armenia,Snap,Rosa Linn,Portugal,PT,0,10,False,success
2022,Armenia,Snap,Rosa Linn,Romania,RO,0,18,False,success
2022,Armenia,Snap,Rosa Linn,Serbia,RS,0,11,False,success
2022,Armenia,Snap,Rosa Linn,Russia,RU,0,3,False,success
2022,Armenia,Snap,Rosa Linn,Sweden,SE,0,17,False,success
2022,Armenia,Snap,Rosa Linn,Slovenia,SI,0,18,False,success
2022,Armenia,Snap,Rosa Linn,San Marino,SM,0,0,False,success
2022,Armenia,Snap,Rosa Linn,Ukraine,UA,0,4,False,success
2022,Australia,Not the Same,Sheldon Riley,Albania,AL,0,0,False,success
2022,Australia,Not the Same,Sheldon Riley,Armenia,AM,0,60,False,success
2022,Australia,Not the Same,Sheldon Riley,Austria,AT,0,0,False,success
2022,Australia,Not the Same,Sheldon Riley,Australia,AU,0,52,True,success
2022,Australia,Not the Same,Sheldon Riley,Azerbaijan,AZ,0,0,False,success
2022,Australia,Not the Same,Sheldon Riley,Belgium,BE,0,29,False,success
2022,Australia,Not the Same,Sheldon Riley,Bulgaria,BG,0,0,False,success
2022,Australia,Not the Same,Sheldon Riley,Belarus,BY,0,0,False,success
2022,Australia,Not the Same,Sheldon Riley,Switzerland,CH,0,33,False,success
2022,Australia,Not the Same,Sheldon Riley,Cyprus,CY,0,0,False,success
2022,Australia,Not the Same,Sheldon Riley,Czechia,CZ,0,0,False,success
2022,Australia,Not the Same,Sheldon Riley,Germany,DE,0,23,False,success
2022,Australia,Not the Same,Sheldon Riley,Denmark,DK,0,48,False,success
2022,Australia,Not the Same,Sheldon Riley,Estonia,EE,0,0,False,success
2022,Australia,Not the Same,Sheldon Riley,Spain,ES,0,19,False,success
2022,Australia,Not the Same,Sheldon Riley,Finland,FI,0,0,False,success
2022,Australia,Not the Same,Sheldon Riley,France,FR,0,15,False,success
2022,Australia,Not the Same,Sheldon Riley,United Kingdom,GB,0,47,False,success
2022,Australia,Not the Same,Sheldon Riley,Georgia,GE,0,0,False,success
2022,Australia,Not the Same,Sheldon Riley,Greece,GR,0,58,False,success
2022,Australia,Not the Same,Sheldon Riley,Croatia,HR,0,0,False,success
2022,Australia,Not the Same,Sheldon Riley,Hungary,HU,0,32,False,success
2022,Australia,Not the Same,Sheldon Riley,Ireland,IE,0,54,False,success
2022,Australia,Not the Same,Sheldon Riley,Israel,IL,0,26,False,success
2022,Australia,Not the Same,Sheldon Riley,Iceland,IS,0,0,False,success
2022,Australia,Not the Same,Sheldon Riley,Italy,IT,0,23,False,success
2022,Australia,Not the Same,Sheldon Riley,Lithuania,LT,0,100,False,success
2022,Australia,Not the Same,Sheldon Riley,Luxembourg,LU,0,0,False,success
2022,Australia,Not the Same,Sheldon Riley,Latvia,LV,0,0,False,success
2022,Australia,Not the Same,Sheldon Riley,Moldova,MD,0,0,False,success
2022,Australia,Not the Same,Sheldon Riley,Montenegro,ME,0,0,False,success
2022,Australia,Not the Same,Sheldon Riley,North Macedonia,MK,0,0,False,success
2022,Australia,Not the Same,Sheldon Riley,Malta,MT,0,0,False,success
2022,Australia,Not the Same,Sheldon Riley,Netherlands,NL,0,25,False,success
2022,Australia,Not the Same,Sheldon Riley,Norway,NO,0,0,False,success
2022,Australia,Not the Same,Sheldon Riley,Poland,PL,0,28,False,success
2022,Australia,Not the Same,Sheldon Riley,Portugal,PT,0,58,False,success
2022,Australia,Not the Same,Sheldon Riley,Romania,RO,0,16,False,success
2022,Australia,Not the Same,Sheldon Riley,Serbia,RS,0,36,False,success
2022,Australia,Not the Same,Sheldon Riley,Russia,RU,0,5,False,success
2022,Australia,Not the Same,Sheldon Riley,Sweden,SE,0,25,False,success
2022,Australia,Not the Same,Sheldon Riley,Slovenia,SI,0,0,False,success
2022,Australia,Not the Same,Sheldon Riley,San Marino,SM,0,0,False,success
2022,Australia,Not the Same,Sheldon Riley,Ukraine,UA,0,0,False,success
2022,Azerbaijan,Fade to Black,Nadir Rustamli,Albania,AL,0,0,False,success
2022,Azerbaijan,Fade to Black,Nadir Rustamli,Armenia,AM,0,0,False,success
2022,Azerbaijan,Fade to Black,Nadir Rustamli,Austria,AT,0,0,False,success
2022,Azerbaijan,Fade to Black,Nadir Rustamli,Australia,AU,0,20,False,success
2022,Azerbaijan,Fade to Black,Nadir Rustamli,Azerbaijan,AZ,0,100,True,success
2022,Azerbaijan,Fade to Black,Nadir Rustamli,Belgium,BE,0,15,False,success
2022,Azerbaijan,Fade to Black,Nadir Rustamli,Bulgaria,BG,0,0,False,success
2022,Azerbaijan,Fade to Black,Nadir Rustamli,Belarus,BY,0,0,False,success
2022,Azerbaijan,Fade to Black,Nadir Rustamli,Switzerland,CH,0,0,False,success
2022,Azerbaijan,Fade to Black,Nadir Rustamli,Cyprus,CY,0,0,False,success
2022,Azerbaijan,Fade to Black,Nadir Rustamli,Czechia,CZ,0,0,False,success
2022,Azerbaijan,Fade to Black,Nadir Rustamli,Germany,DE,0,10,False,success
2022,Azerbaijan,Fade to Black,Nadir Rustamli,Denmark,DK,0,0,False,success
2022,Azerbaijan,Fade to Black,Nadir Rustamli,Estonia,EE,0,0,False,success
2022,Azerbaijan,Fade to Black,Nadir Rustamli,Spain,ES,0,12,False,success
2022,Azerbaijan,Fade to Black,Nadir Rustamli,Finland,FI,0,61,False,success
2022,Azerbaijan,Fade to Black,Nadir Rustamli,France,FR,0,11,False,success
2022,Azerbaijan,Fade to Black,Nadir Rustamli,United Kingdom,GB,0,11,False,success
2022,Azerbaijan,Fade to Black,Nadir Rustamli,Georgia,GE,0,0,False,success
2022,Azerbaijan,Fade to Black,Nadir Rustamli,Greece,GR,0,33,False,success
2022,Azerbaijan,Fade to Black,Nadir Rustamli,Croatia,HR,0,0,False,success
2022,Azerbaijan,Fade to Black,Nadir Rustamli,Hungary,HU,0,23,False,success
2022,Azerbaijan,Fade to Black,Nadir Rustamli,Ireland,IE,0,23,False,success
2022,Azerbaijan,Fade to Black,Nadir Rustamli,Israel,IL,0,0,False,success
2022,Azerbaijan,Fade to Black,Nadir Rustamli,Iceland,IS,0,0,False,success
2022,Azerbaijan,Fade to Black,Nadir Rustamli,Italy,IT,0,18,False,success
2022,Azerbaijan,Fade to Black,Nadir Rustamli,Lithuania,LT,0,0,False,success
2022,Azerbaijan,Fade to Black,Nadir Rustamli,Luxembourg,LU,0,0,False,success
2022,Azerbaijan,Fade to Black,Nadir Rustamli,Latvia,LV,0,0,False,success
2022,Azerbaijan,Fade to Black,Nadir Rustamli,Moldova,MD,0,0,False,success
2022,Azerbaijan,Fade to Black,Nadir Rustamli,Montenegro,ME,0,0,False,success
2022,Azerbaijan,Fade to Black,Nadir Rustamli,North Macedonia,MK,0,0,False,success
2022,Azerbaijan,Fade to Black,Nadir Rustamli,Malta,MT,0,0,False,success
2022,Azerbaijan,Fade to Black,Nadir Rustamli,Netherlands,NL,0,13,False,success
2022,Azerbaijan,Fade to Black,Nadir Rustamli,Norway,NO,0,32,False,success
2022,Azerbaijan,Fade to Black,Nadir Rustamli,Poland,PL,0,24,False,success
2022,Azerbaijan,Fade to Black,Nadir Rustamli,Portugal,PT,0,22,False,success
2022,Azerbaijan,Fade to Black,Nadir Rustamli,Romania,RO,0,19,False,success
2022,Azerbaijan,Fade to Black,Nadir Rustamli,Serbia,RS,0,24,False,success
2022,Azerbaijan,Fade to Black,Nadir Rustamli,Russia,RU,0,5,False,success
2022,Azerbaijan,Fade to Black,Nadir Rustamli,Sweden,SE,0,21,False,success
2022,Azerbaijan,Fade to Black,Nadir Rustamli,Slovenia,SI,0,0,False,success
2022,Azerbaijan,Fade to Black,Nadir Rustamli,San Marino,SM,0,0,False,success
2022,Azerbaijan,Fade to Black,Nadir Rustamli,Ukraine,UA,0,4,False,success
2022,Belgium,Miss You,Jérémie Makiese,Albania,AL,0,6,False,success
2022,Belgium,Miss You,Jérémie Makiese,Armenia,AM,0,0,False,success
2022,Belgium,Miss You,Jérémie Makiese,Austria,AT,0,6,False,success
2022,Belgium,Miss You,Jérémie Makiese,Australia,AU,0,9,False,success
2022,Belgium,Miss You,Jérémie Makiese,Azerbaijan,AZ,0,2,False,success
2022,Belgium,Miss You,Jérémie Makiese,Belgium,BE,100,37,True,success
2022,Belgium,Miss You,Jérémie Makiese,Bulgaria,BG,0,6,False,success
2022,Belgium,Miss You,Jérémie Makiese,Belarus,BY,0,0,False,success
2022,Belgium,Miss You,Jérémie Makiese,Switzerland,CH,0,6,False,success
2022,Belgium,Miss You,Jérémie Makiese,Cyprus,CY,0,7,False,success
2022,Belgium,Miss You,Jérémie Makiese,Czechia,CZ,0,5,False,success
2022,Belgium,Miss You,Jérémie Makiese,Germany,DE,0,5,False,success
2022,Belgium,Miss You,Jérémie Makiese,Denmark,DK,0,9,False,success
2022,Belgium,Miss You,Jérémie Makiese,Estonia,EE,0,8,False,success
2022,Belgium,Miss You,Jérémie Makiese,Spain,ES,0,3,False,success
2022,Belgium,Miss You,Jérémie Makiese,Finland,FI,0,6,False,success
2022,Belgium,Miss You,Jérémie Makiese,France,FR,0,5,False,success
2022,Belgium,Miss You,Jérémie Makiese,United Kingdom,GB,0,12,False,success
2022,Belgium,Miss You,Jérémie Makiese,Georgia,GE,0,4,False,success
2022,Belgium,Miss You,Jérémie Makiese,Greece,GR,0,7,False,success
2022,Belgium,Miss You,Jérémie Makiese,Croatia,HR,0,8,False,success
2022,Belgium,Miss You,Jérémie Makiese,Hungary,HU,0,4,False,success
2022,Belgium,Miss You,Jérémie Makiese,Ireland,IE,0,12,False,success
2022,Belgium,Miss You,Jérémie Makiese,Israel,IL,0,5,False,success
2022,Belgium,Miss You,Jérémie Makiese,Iceland,IS,0,0,False,success
2022,Belgium,Miss You,Jérémie Makiese,Italy,IT,0,7,False,success
2022,Belgium,Miss You,Jérémie Makiese,Lithuania,LT,0,6,False,success
2022,Belgium,Miss You,Jérémie Makiese,Luxembourg,LU,0,0,False,success
2022,Belgium,Miss You,Jérémie Makiese,Latvia,LV,0,5,False,success
2022,Belgium,Miss You,Jérémie Makiese,Moldova,MD,0,0,False,success
2022,Belgium,Miss You,Jérémie Makiese,Montenegro,ME,0,0,False,success
2022,Belgium,Miss You,Jérémie Makiese,North Macedonia,MK,0,0,False,success
2022,Belgium,Miss You,Jérémie Makiese,Malta,MT,0,0,False,success
2022,Belgium,Miss You,Jérémie Makiese,Netherlands,NL,0,8,False,success
2022,Belgium,Miss You,Jérémie Makiese,Norway,NO,0,7,False,success
2022,Belgium,Miss You,Jérémie Makiese,Poland,PL,0,3,False,success
2022,Belgium,Miss You,Jérémie Makiese,Portugal,PT,0,6,False,success
2022,Belgium,Miss You,Jérémie Makiese,Romania,RO,0,6,False,success
2022,Belgium,Miss You,Jérémie Makiese,Serbia,RS,0,5,False,success
2022,Belgium,Miss You,Jérémie Makiese,Russia,RU,0,1,False,success
2022,Belgium,Miss You,Jérémie Makiese,Sweden,SE,0,6,False,success
2022,Belgium,Miss You,Jérémie Makiese,Slovenia,SI,0,8,False,success
2022,Belgium,Miss You,Jérémie Makiese,San Marino,SM,0,0,False,success
2022,Belgium,Miss You,Jérémie Makiese,Ukraine,UA,0,3,False,success
2022,Czechia,Lights Off,We Are Domi,Albania,AL,0,0,False,success
2022,Czechia,Lights Off,We Are Domi,Armenia,AM,0,0,False,success
2022,Czechia,Lights Off,We Are Domi,Austria,AT,0,0,False,success
2022,Czechia,Lights Off,We Are Domi,Australia,AU,0,21,False,success
2022,Czechia,Lights Off,We Are Domi,Azerbaijan,AZ,0,0,False,success
2022,Czechia,Lights Off,We Are Domi,Belgium,BE,0,9,False,success
2022,Czechia,Lights Off,We Are Domi,Bulgaria,BG,0,0,False,success
2022,Czechia,Lights Off,We Are Domi,Belarus,BY,0,0,False,success
2022,Czechia,Lights Off,We Are Domi,Switzerland,CH,0,0,False,success
2022,Czechia,Lights Off,We Are Domi,Cyprus,CY,0,0,False,success
2022,Czechia,Lights Off,We Are Domi,Czechia,CZ,100,100,True,success
2022,Czechia,Lights Off,We Are Domi,Germany,DE,0,8,False,success
2022,Czechia,Lights Off,We Are Domi,Denmark,DK,0,15,False,success
2022,Czechia,Lights Off,We Are Domi,Estonia,EE,0,0,False,success
2022,Czechia,Lights Off,We Are Domi,Spain,ES,15,7,False,success
2022,Czechia,Lights Off,We Are Domi,Finland,FI,0,29,False,success
2022,Czechia,Lights Off,We Are Domi,France,FR,0,3,False,success
2022,Czechia,Lights Off,We Are Domi,United Kingdom,GB,0,15,False,success
2022,Czechia,Lights Off,We Are Domi,Georgia,GE,0,0,False,success
2022,Czechia,Lights Off,We Are Domi,Greece,GR,0,13,False,success
2022,Czechia,Lights Off,We Are Domi,Croatia,HR,0,0,False,success
2022,Czechia,Lights Off,We Are Domi,Hungary,HU,0,16,False,success
2022,Czechia,Lights Off,We Are Domi,Ireland,IE,0,16,False,success
2022,Czechia,Lights Off,We Are Domi,Israel,IL,0,0,False,success
2022,Czechia,Lights Off,We Are Domi,Iceland,IS,0,0,False,success
2022,Czechia,Lights Off,We Are Domi,Italy,IT,16,11,False,success
2022,Czechia,Lights Off,We Are Domi,Lithuania,LT,0,0,False,success
2022,Czechia,Lights Off,We Are Domi,Luxembourg,LU,0,0,False,success
2022,Czechia,Lights Off,We Are Domi,Latvia,LV,0,0,False,success
2022,Czechia,Lights Off,We Are Domi,Moldova,MD,0,0,False,success
2022,Czechia,Lights Off,We Are Domi,Montenegro,ME,0,0,False,success
2022,Czechia,Lights Off,We Are Domi,North Macedonia,MK,0,0,False,success
2022,Czechia,Lights Off,We Are Domi,Malta,MT,0,0,False,success
2022,Czechia,Lights Off,We Are Domi,Netherlands,NL,0,18,False,success
2022,Czechia,Lights Off,We Are Domi,Norway,NO,0,27,False,success
2022,Czechia,Lights Off,We Are Domi,Poland,PL,0,11,False,success
2022,Czechia,Lights Off,We Are Domi,Portugal,PT,0,0,False,success
2022,Czechia,Lights Off,We Are Domi,Romania,RO,0,13,False,success
2022,Czechia,Lights Off,We Are Domi,Serbia,RS,0,0,False,success
2022,Czechia,Lights Off,We Are Domi,Russia,RU,0,1,False,success
2022,Czechia,Lights Off,We Are Domi,Sweden,SE,0,9,False,success
2022,Czechia,Lights Off,We Are Domi,Slovenia,SI,0,0,False,success
2022,Czechia,Lights Off,We Are Domi,San Marino,SM,0,0,False,success
2022,Czechia,Lights Off,We Are Domi,Ukraine,UA,0,0,False,success
2022,Estonia,Hope,Stefan,Albania,AL,0,5,False,success
2022,Estonia,Hope,Stefan,Armenia,AM,0,3,False,success
2022,Estonia,Hope,Stefan,Austria,AT,0,6,False,success
2022,Estonia,Hope,Stefan,Australia,AU,0,11,False,success
2022,Estonia,Hope,Stefan,Azerbaijan,AZ,0,3,False,success
2022,Estonia,Hope,Stefan,Belgium,BE,0,7,False,success
2022,Estonia,Hope,Stefan,Bulgaria,BG,0,5,False,success
2022,Estonia,Hope,Stefan,Belarus,BY,0,1,False,success
2022,Estonia,Hope,Stefan,Switzerland,CH,0,6,False,success
2022,Estonia,Hope,Stefan,Cyprus,CY,0,7,False,success
2022,Estonia,Hope,Stefan,Czechia,CZ,0,6,False,success
2022,Estonia,Hope,Stefan,Germany,DE,1,5,False,success
2022,Estonia,Hope,Stefan,Denmark,DK,0,9,False,success
2022,Estonia,Hope,Stefan,Estonia,EE,100,67,True,success
2022,Estonia,Hope,Stefan,Spain,ES,1,4,False,success
2022,Estonia,Hope,Stefan,Finland,FI,4,8,False,success
2022,Estonia,Hope,Stefan,France,FR,0,5,False,success
2022,Estonia,Hope,Stefan,United Kingdom,GB,1,11,False,success
2022,Estonia,Hope,Stefan,Georgia,GE,0,4,False,success
2022,Estonia,Hope,Stefan,Greece,GR,0,6,False,success
2022,Estonia,Hope,Stefan,Croatia,HR,0,6,False,success
2022,Estonia,Hope,Stefan,Hungary,HU,0,6,False,success
2022,Estonia,Hope,Stefan,Ireland,IE,0,10,False,success
2022,Estonia,Hope,Stefan,Israel,IL,0,4,False,success
2022,Estonia,Hope,Stefan,Iceland,IS,0,0,False,success
2022,Estonia,Hope,Stefan,Italy,IT,2,5,False,success
2022,Estonia,Hope,Stefan,Lithuania,LT,0,7,False,success
2022,Estonia,Hope,Stefan,Luxembourg,LU,0,6,False,success
2022,Estonia,Hope,Stefan,Latvia,LV,0,5,False,success
2022,Estonia,Hope,Stefan,Moldova,MD,0,4,False,success
2022,Estonia,Hope,Stefan,Montenegro,ME,0,5,False,success
2022,Estonia,Hope,Stefan,North Macedonia,MK,0,4,False,success
2022,Estonia,Hope,Stefan,Malta,MT,0,0,False,success
2022,Estonia,Hope,Stefan,Netherlands,NL,2,7,False,success
2022,Estonia,Hope,Stefan,Norway,NO,0,11,False,success
2022,Estonia,Hope,Stefan,Poland,PL,1,4,False,success
2022,Estonia,Hope,Stefan,Portugal,PT,0,6,False,success
2022,Estonia,Hope,Stefan,Romania,RO,0,5,False,success
2022,Estonia,Hope,Stefan,Serbia,RS,0,4,False,success
2022,Estonia,Hope,Stefan,Russia,RU,0,1,False,success
2022,Estonia,Hope,Stefan,Sweden,SE,2,7,False,success
2022,Estonia,Hope,Stefan,Slovenia,SI,0,8,False,success
2022,Estonia,Hope,Stefan,San Marino,SM,0,0,False,success
2022,Estonia,Hope,Stefan,Ukraine,UA,2,2,False,success
2022,Finland,Jezebel,The Rasmus,Albania,AL,0,0,False,success
2022,Finland,Jezebel,The Rasmus,Armenia,AM,0,0,False,success
2022,Finland,Jezebel,The Rasmus,Austria,AT,0,2,False,success
2022,Finland,Jezebel,The Rasmus,Australia,AU,0,0,False,success
2022,Finland,Jezebel,The Rasmus,Azerbaijan,AZ,0,0,False,success
2022,Finland,Jezebel,The Rasmus,Belgium,BE,0,2,False,success
2022,Finland,Jezebel,The Rasmus,Bulgaria,BG,0,4,False,success
2022,Finland,Jezebel,The Rasmus,Belarus,BY,0,0,False,success
2022,Finland,Jezebel,The Rasmus,Switzerland,CH,0,1,False,success
2022,Finland,Jezebel,The Rasmus,Cyprus,CY,0,0,False,success
2022,Finland,Jezebel,The Rasmus,Czechia,CZ,0,5,False,success
2022,Finland,Jezebel,The Rasmus,Germany,DE,0,1,False,success
2022,Finland,Jezebel,The Rasmus,Denmark,DK,0,0,False,success
2022,Finland,Jezebel,The Rasmus,Estonia,EE,0,15,False,success
2022,Finland,Jezebel,The Rasmus,Spain,ES,0,2,False,success
2022,Finland,Jezebel,The Rasmus,Finland,FI,5,100,True,success
2022,Finland,Jezebel,The Rasmus,France,FR,0,1,False,success
2022,Finland,Jezebel,The Rasmus,United Kingdom,GB,0,1,False,success
2022,Finland,Jezebel,The Rasmus,Georgia,GE,0,0,False,success
2022,Finland,Jezebel,The Rasmus,Greece,GR,0,3,False,success
2022,Finland,Jezebel,The Rasmus,Croatia,HR,0,0,False,success
2022,Finland,Jezebel,The Rasmus,Hungary,HU,0,0,False,success
2022,Finland,Jezebel,The Rasmus,Ireland,IE,0,0,False,success
2022,Finland,Jezebel,The Rasmus,Israel,IL,0,0,False,success
2022,Finland,Jezebel,The Rasmus,Iceland,IS,0,0,False,success
2022,Finland,Jezebel,The Rasmus,Italy,IT,0,2,False,success
2022,Finland,Jezebel,The Rasmus,Lithuania,LT,0,7,False,success
2022,Finland,Jezebel,The Rasmus,Luxembourg,LU,0,0,False,success
2022,Finland,Jezebel,The Rasmus,Latvia,LV,0,0,False,success
2022,Finland,Jezebel,The Rasmus,Moldova,MD,0,0,False,success
2022,Finland,Jezebel,The Rasmus,Montenegro,ME,0,0,False,success
2022,Finland,Jezebel,The Rasmus,North Macedonia,MK,0,0,False,success
2022,Finland,Jezebel,The Rasmus,Malta,MT,13,0,False,success
2022,Finland,Jezebel,The Rasmus,Netherlands,NL,0,2,False,success
2022,Finland,Jezebel,The Rasmus,Norway,NO,0,3,False,success
2022,Finland,Jezebel,The Rasmus,Poland,PL,0,2,False,success
2022,Finland,Jezebel,The Rasmus,Portugal,PT,0,4,False,success
2022,Finland,Jezebel,The Rasmus,Romania,RO,0,1,False,success
2022,Finland,Jezebel,The Rasmus,Serbia,RS,0,5,False,success
2022,Finland,Jezebel,The Rasmus,Russia,RU,0,0,False,success
2022,Finland,Jezebel,The Rasmus,Sweden,SE,0,3,False,success
2022,Finland,Jezebel,The Rasmus,Slovenia,SI,0,0,False,success
2022,Finland,Jezebel,The Rasmus,San Marino,SM,0,0,False,success
2022,Finland,Jezebel,The Rasmus,Ukraine,UA,0,1,False,success
2022,France,Fulenn,Alvan and Ahez,Albania,AL,0,0,False,success
2022,France,Fulenn,Alvan and Ahez,Armenia,AM,0,0,False,success
2022,France,Fulenn,Alvan and Ahez,Austria,AT,0,0,False,success
2022,France,Fulenn,Alvan and Ahez,Australia,AU,0,0,False,success
2022,France,Fulenn,Alvan and Ahez,Azerbaijan,AZ,0,0,False,success
2022,France,Fulenn,Alvan and Ahez,Belgium,BE,0,0,False,success
2022,France,Fulenn,Alvan and Ahez,Bulgaria,BG,0,0,False,success
2022,France,Fulenn,Alvan and Ahez,Belarus,BY,0,0,False,success
2022,France,Fulenn,Alvan and Ahez,Switzerland,CH,0,0,False,success
2022,France,Fulenn,Alvan and Ahez,Cyprus,CY,0,0,False,success
2022,France,Fulenn,Alvan and Ahez,Czechia,CZ,0,0,False,success
2022,France,Fulenn,Alvan and Ahez,Germany,DE,0,7,False,success
2022,France,Fulenn,Alvan and Ahez,Denmark,DK,0,0,False,success
2022,France,Fulenn,Alvan and Ahez,Estonia,EE,0,0,False,success
2022,France,Fulenn,Alvan and Ahez,Spain,ES,0,29,False,success
2022,France,Fulenn,Alvan and Ahez,Finland,FI,0,0,False,success
2022,France,Fulenn,Alvan and Ahez,France,FR,0,100,True,success
2022,France,Fulenn,Alvan and Ahez,United Kingdom,GB,0,6,False,success
2022,France,Fulenn,Alvan and Ahez,Georgia,GE,0,0,False,success
2022,France,Fulenn,Alvan and Ahez,Greece,GR,0,58,False,success
2022,France,Fulenn,Alvan and Ahez,Croatia,HR,0,0,False,success
2022,France,Fulenn,Alvan and Ahez,Hungary,HU,0,83,False,success
2022,France,Fulenn,Alvan and Ahez,Ireland,IE,0,0,False,success
2022,France,Fulenn,Alvan and Ahez,Israel,IL,0,0,False,success
2022,France,Fulenn,Alvan and Ahez,Iceland,IS,0,0,False,success
2022,France,Fulenn,Alvan and Ahez,Italy,IT,0,0,False,success
2022,France,Fulenn,Alvan and Ahez,Lithuania,LT,0,0,False,success
2022,France,Fulenn,Alvan and Ahez,Luxembourg,LU,0,0,False,success
2022,France,Fulenn,Alvan and Ahez,Latvia,LV,0,0,False,success
2022,France,Fulenn,Alvan and Ahez,Moldova,MD,0,0,False,success
2022,France,Fulenn,Alvan and Ahez,Montenegro,ME,0,0,False,success
2022,France,Fulenn,Alvan and Ahez,North Macedonia,MK,0,0,False,success
2022,France,Fulenn,Alvan and Ahez,Malta,MT,0,0,False,success
2022,France,Fulenn,Alvan and Ahez,Netherlands,NL,0,0,False,success
2022,France,Fulenn,Alvan and Ahez,Norway,NO,0,0,False,success
2022,France,Fulenn,Alvan and Ahez,Poland,PL,0,0,False,success
2022,France,Fulenn,Alvan and Ahez,Portugal,PT,0,0,False,success
2022,France,Fulenn,Alvan and Ahez,Romania,RO,0,34,False,success
2022,France,Fulenn,Alvan and Ahez,Serbia,RS,0,0,False,success
2022,France,Fulenn,Alvan and Ahez,Russia,RU,0,0,False,success
2022,France,Fulenn,Alvan and Ahez,Sweden,SE,0,43,False,success
2022,France,Fulenn,Alvan and Ahez,Slovenia,SI,0,0,False,success
2022,France,Fulenn,Alvan and Ahez,San Marino,SM,0,0,False,success
2022,France,Fulenn,Alvan and Ahez,Ukraine,UA,0,0,False,success
2022,Germany,Rockstars,Malik Harris,Albania,AL,0,0,False,success
2022,Germany,Rockstars,Malik Harris,Armenia,AM,0,0,False,success
2022,Germany,Rockstars,Malik Harris,Austria,AT,0,27,False,success
2022,Germany,Rockstars,Malik Harris,Australia,AU,0,77,False,success
2022,Germany,Rockstars,Malik Harris,Azerbaijan,AZ,0,0,False,success
2022,Germany,Rockstars,Malik Harris,Belgium,BE,0,11,False,success
2022,Germany,Rockstars,Malik Harris,Bulgaria,BG,0,0,False,success
2022,Germany,Rockstars,Malik Harris,Belarus,BY,0,0,False,success
2022,Germany,Rockstars,Malik Harris,Switzerland,CH,0,19,False,success
2022,Germany,Rockstars,Malik Harris,Cyprus,CY,0,0,False,success
2022,Germany,Rockstars,Malik Harris,Czechia,CZ,0,0,False,success
2022,Germany,Rockstars,Malik Harris,Germany,DE,100,81,True,success
2022,Germany,Rockstars,Malik Harris,Denmark,DK,0,34,False,success
2022,Germany,Rockstars,Malik Harris,Estonia,EE,0,0,False,success
2022,Germany,Rockstars,Malik Harris,Spain,ES,0,5,False,success
2022,Germany,Rockstars,Malik Harris,Finland,FI,0,23,False,success
2022,Germany,Rockstars,Malik Harris,France,FR,0,4,False,success
2022,Germany,Rockstars,Malik Harris,United Kingdom,GB,3,80,False,success
2022,Germany,Rockstars,Malik Harris,Georgia,GE,0,0,False,success
2022,Germany,Rockstars,Malik Harris,Greece,GR,0,0,False,success
2022,Germany,Rockstars,Malik Harris,Croatia,HR,0,27,False,success
2022,Germany,Rockstars,Malik Harris,Hungary,HU,0,0,False,success
2022,Germany,Rockstars,Malik Harris,Ireland,IE,0,100,False,success
2022,Germany,Rockstars,Malik Harris,Israel,IL,0,8,False,success
2022,Germany,Rockstars,Malik Harris,Iceland,IS,0,0,False,success
2022,Germany,Rockstars,Malik Harris,Italy,IT,4,4,False,success
2022,Germany,Rockstars,Malik Harris,Lithuania,LT,0,0,False,success
2022,Germany,Rockstars,Malik Harris,Luxembourg,LU,0,0,False,success
2022,Germany,Rockstars,Malik Harris,Latvia,LV,0,0,False,success
2022,Germany,Rockstars,Malik Harris,Moldova,MD,0,0,False,success
2022,Germany,Rockstars,Malik Harris,Montenegro,ME,0,0,False,success
2022,Germany,Rockstars,Malik Harris,North Macedonia,MK,0,0,False,success
2022,Germany,Rockstars,Malik Harris,Malta,MT,0,0,False,success
2022,Germany,Rockstars,Malik Harris,Netherlands,NL,8,29,False,success
2022,Germany,Rockstars,Malik Harris,Norway,NO,0,0,False,success
2022,Germany,Rockstars,Malik Harris,Poland,PL,0,8,False,success
2022,Germany,Rockstars,Malik Harris,Portugal,PT,0,0,False,success
2022,Germany,Rockstars,Malik Harris,Romania,RO,0,0,False,success
2022,Germany,Rockstars,Malik Harris,Serbia,RS,0,0,False,success
2022,Germany,Rockstars,Malik Harris,Russia,RU,0,0,False,success
2022,Germany,Rockstars,Malik Harris,Sweden,SE,0,26,False,success
2022,Germany,Rockstars,Malik Harris,Slovenia,SI,0,0,False,success
2022,Germany,Rockstars,Malik Harris,San Marino,SM,0,0,False,success
2022,Germany,Rockstars,Malik Harris,Ukraine,UA,0,0,False,success
2022,Greece,Die Together,Amanda Georgiadi Tenfjord,Albania,AL,0,0,False,success
2022,Greece,Die Together,Amanda Georgiadi Tenfjord,Armenia,AM,0,0,False,success
2022,Greece,Die Together,Amanda Georgiadi Tenfjord,Austria,AT,0,0,False,success
2022,Greece,Die Together,Amanda Georgiadi Tenfjord,Australia,AU,0,0,False,success
2022,Greece,Die Together,Amanda Georgiadi Tenfjord,Azerbaijan,AZ,0,0,False,success
2022,Greece,Die Together,Amanda Georgiadi Tenfjord,Belgium,BE,0,0,False,success
2022,Greece,Die Together,Amanda Georgiadi Tenfjord,Bulgaria,BG,0,0,False,success
2022,Greece,Die Together,Amanda Georgiadi Tenfjord,Belarus,BY,0,0,False,success
2022,Greece,Die Together,Amanda Georgiadi Tenfjord,Switzerland,CH,0,0,False,success
2022,Greece,Die Together,Amanda Georgiadi Tenfjord,Cyprus,CY,0,34,False,success
2022,Greece,Die Together,Amanda Georgiadi Tenfjord,Czechia,CZ,0,0,False,success
2022,Greece,Die Together,Amanda Georgiadi Tenfjord,Germany,DE,0,1,False,success
2022,Greece,Die Together,Amanda Georgiadi Tenfjord,Denmark,DK,0,0,False,success
2022,Greece,Die Together,Amanda Georgiadi Tenfjord,Estonia,EE,0,0,False,success
2022,Greece,Die Together,Amanda Georgiadi Tenfjord,Spain,ES,0,1,False,success
2022,Greece,Die Together,Amanda Georgiadi Tenfjord,Finland,FI,0,0,False,success
2022,Greece,Die Together,Amanda Georgiadi Tenfjord,France,FR,0,0,False,success
2022,Greece,Die Together,Amanda Georgiadi Tenfjord,United Kingdom,GB,0,1,False,success
2022,Greece,Die Together,Amanda Georgiadi Tenfjord,Georgia,GE,0,0,False,success
2022,Greece,Die Together,Amanda Georgiadi Tenfjord,Greece,GR,0,100,True,success
2022,Greece,Die Together,Amanda Georgiadi Tenfjord,Croatia,HR,0,0,False,success
2022,Greece,Die Together,Amanda Georgiadi Tenfjord,Hungary,HU,0,0,False,success
2022,Greece,Die Together,Amanda Georgiadi Tenfjord,Ireland,IE,0,0,False,success
2022,Greece,Die Together,Amanda Georgiadi Tenfjord,Israel,IL,0,0,False,success
2022,Greece,Die Together,Amanda Georgiadi Tenfjord,Iceland,IS,0,0,False,success
2022,Greece,Die Together,Amanda Georgiadi Tenfjord,Italy,IT,0,1,False,success
2022,Greece,Die Together,Amanda Georgiadi Tenfjord,Lithuania,LT,0,0,False,success
2022,Greece,Die Together,Amanda Georgiadi Tenfjord,Luxembourg,LU,0,0,False,success
2022,Greece,Die Together,Amanda Georgiadi Tenfjord,Latvia,LV,0,0,False,success
2022,Greece,Die Together,Amanda Georgiadi Tenfjord,Moldova,MD,0,0,False,success
2022,Greece,Die Together,Amanda Georgiadi Tenfjord,Montenegro,ME,0,0,False,success
2022,Greece,Die Together,Amanda Georgiadi Tenfjord,North Macedonia,MK,0,0,False,success
2022,Greece,Die Together,Amanda Georgiadi Tenfjord,Malta,MT,0,0,False,success
2022,Greece,Die Together,Amanda Georgiadi Tenfjord,Netherlands,NL,0,2,False,success
2022,Greece,Die Together,Amanda Georgiadi Tenfjord,Norway,NO,0,6,False,success
2022,Greece,Die Together,Amanda Georgiadi Tenfjord,Poland,PL,0,1,False,success
2022,Greece,Die Together,Amanda Georgiadi Tenfjord,Portugal,PT,0,0,False,success
2022,Greece,Die Together,Amanda Georgiadi Tenfjord,Romania,RO,0,0,False,success
2022,Greece,Die Together,Amanda Georgiadi Tenfjord,Serbia,RS,0,0,False,success
2022,Greece,Die Together,Amanda Georgiadi Tenfjord,Russia,RU,0,0,False,success
2022,Greece,Die Together,Amanda Georgiadi Tenfjord,Sweden,SE,0,0,False,success
2022,Greece,Die Together,Amanda Georgiadi Tenfjord,Slovenia,SI,0,0,False,success
2022,Greece,Die Together,Amanda Georgiadi Tenfjord,San Marino,SM,0,0,False,success
2022,Greece,Die Together,Amanda Georgiadi Tenfjord,Ukraine,UA,0,0,False,success
2022,Iceland,Með hækkandi sól,Systur,Albania,AL,0,0,False,success
2022,Iceland,Með hækkandi sól,Systur,Armenia,AM,0,0,False,success
2022,Iceland,Með hækkandi sól,Systur,Austria,AT,0,0,False,success
2022,Iceland,Með hækkandi sól,Systur,Australia,AU,0,0,False,success
2022,Iceland,Með hækkandi sól,Systur,Azerbaijan,AZ,0,0,False,success
2022,Iceland,Með hækkandi sól,Systur,Belgium,BE,0,0,False,success
2022,Iceland,Með hækkandi sól,Systur,Bulgaria,BG,0,0,False,success
2022,Iceland,Með hækkandi sól,Systur,Belarus,BY,0,0,False,success
2022,Iceland,Með hækkandi sól,Systur,Switzerland,CH,0,0,False,success
2022,Iceland,Með hækkandi sól,Systur,Cyprus,CY,0,0,False,success
2022,Iceland,Með hækkandi sól,Systur,Czechia,CZ,100,0,False,success
2022,Iceland,Með hækkandi sól,Systur,Germany,DE,0,0,False,success
2022,Iceland,Með hækkandi sól,Systur,Denmark,DK,0,0,False,success
2022,Iceland,Með hækkandi sól,Systur,Estonia,EE,0,0,False,success
2022,Iceland,Með hækkandi sól,Systur,Spain,ES,0,0,False,success
2022,Iceland,Með hækkandi sól,Systur,Finland,FI,0,0,False,success
2022,Iceland,Með hækkandi sól,Systur,France,FR,0,0,False,success
2022,Iceland,Með hækkandi sól,Systur,United Kingdom,GB,0,0,False,success
2022,Iceland,Með hækkandi sól,Systur,Georgia,GE,0,0,False,success
2022,Iceland,Með hækkandi sól,Systur,Greece,GR,0,0,False,success
2022,Iceland,Með hækkandi sól,Systur,Croatia,HR,0,4,False,success
2022,Iceland,Með hækkandi sól,Systur,Hungary,HU,0,0,False,success
2022,Iceland,Með hækkandi sól,Systur,Ireland,IE,0,0,False,success
2022,Iceland,Með hækkandi sól,Systur,Israel,IL,0,0,False,success
2022,Iceland,Með hækkandi sól,Systur,Iceland,IS,0,100,True,success
2022,Iceland,Með hækkandi sól,Systur,Italy,IT,0,0,False,success
2022,Iceland,Með hækkandi sól,Systur,Lithuania,LT,0,6,False,success
2022,Iceland,Með hækkandi sól,Systur,Luxembourg,LU,0,0,False,success
2022,Iceland,Með hækkandi sól,Systur,Latvia,LV,0,0,False,success
2022,Iceland,Með hækkandi sól,Systur,Moldova,MD,0,0,False,success
2022,Iceland,Með hækkandi sól,Systur,Montenegro,ME,0,0,False,success
2022,Iceland,Með hækkandi sól,Systur,North Macedonia,MK,0,0,False,success
2022,Iceland,Með hækkandi sól,Systur,Malta,MT,0,0,False,success
2022,Iceland,Með hækkandi sól,Systur,Netherlands,NL,0,0,False,success
2022,Iceland,Með hækkandi sól,Systur,Norway,NO,0,0,False,success
2022,Iceland,Með hækkandi sól,Systur,Poland,PL,0,0,False,success
2022,Iceland,Með hækkandi sól,Systur,Portugal,PT,0,0,False,success
2022,Iceland,Með hækkandi sól,Systur,Romania,RO,0,0,False,success
2022,Iceland,Með hækkandi sól,Systur,Serbia,RS,0,0,False,success
2022,Iceland,Með hækkandi sól,Systur,Russia,RU,0,0,False,success
2022,Iceland,Með hækkandi sól,Systur,Sweden,SE,0,0,False,success
2022,Iceland,Með hækkandi sól,Systur,Slovenia,SI,0,0,False,success
2022,Iceland,Með hækkandi sól,Systur,San Marino,SM,0,0,False,success
2022,Iceland,Með hækkandi sól,Systur,Ukraine,UA,0,0,False,success
2022,Italy,Brividi,Mahmood and Blanco,Albania,AL,0,11,False,success
2022,Italy,Brividi,Mahmood and Blanco,Armenia,AM,0,0,False,success
2022,Italy,Brividi,Mahmood and Blanco,Austria,AT,0,3,False,success
2022,Italy,Brividi,Mahmood and Blanco,Australia,AU,0,0,False,success
2022,Italy,Brividi,Mahmood and Blanco,Azerbaijan,AZ,0,0,False,success
2022,Italy,Brividi,Mahmood and Blanco,Belgium,BE,0,5,False,success
2022,Italy,Brividi,Mahmood and Blanco,Bulgaria,BG,0,0,False,success
2022,Italy,Brividi,Mahmood and Blanco,Belarus,BY,0,0,False,success
2022,Italy,Brividi,Mahmood and Blanco,Switzerland,CH,0,9,False,success
2022,Italy,Brividi,Mahmood and Blanco,Cyprus,CY,0,0,False,success
2022,Italy,Brividi,Mahmood and Blanco,Czechia,CZ,0,0,False,success
2022,Italy,Brividi,Mahmood and Blanco,Germany,DE,0,2,False,success
2022,Italy,Brividi,Mahmood and Blanco,Denmark,DK,0,0,False,success
2022,Italy,Brividi,Mahmood and Blanco,Estonia,EE,0,0,False,success
2022,Italy,Brividi,Mahmood and Blanco,Spain,ES,0,5,False,success
2022,Italy,Brividi,Mahmood and Blanco,Finland,FI,0,4,False,success
2022,Italy,Brividi,Mahmood and Blanco,France,FR,0,1,False,success
2022,Italy,Brividi,Mahmood and Blanco,United Kingdom,GB,0,1,False,success
2022,Italy,Brividi,Mahmood and Blanco,Georgia,GE,0,0,False,success
2022,Italy,Brividi,Mahmood and Blanco,Greece,GR,0,6,False,success
2022,Italy,Brividi,Mahmood and Blanco,Croatia,HR,0,12,False,success
2022,Italy,Brividi,Mahmood and Blanco,Hungary,HU,0,0,False,success
2022,Italy,Brividi,Mahmood and Blanco,Ireland,IE,0,0,False,success
2022,Italy,Brividi,Mahmood and Blanco,Israel,IL,0,1,False,success
2022,Italy,Brividi,Mahmood and Blanco,Iceland,IS,0,0,False,success
2022,Italy,Brividi,Mahmood and Blanco,Italy,IT,0,100,True,success
2022,Italy,Brividi,Mahmood and Blanco,Lithuania,LT,0,13,False,success
2022,Italy,Brividi,Mahmood and Blanco,Luxembourg,LU,0,0,False,success
2022,Italy,Brividi,Mahmood and Blanco,Latvia,LV,0,0,False,success
2022,Italy,Brividi,Mahmood and Blanco,Moldova,MD,0,0,False,success
2022,Italy,Brividi,Mahmood and Blanco,Montenegro,ME,0,0,False,success
2022,Italy,Brividi,Mahmood and Blanco,North Macedonia,MK,0,0,False,success
2022,Italy,Brividi,Mahmood and Blanco,Malta,MT,0,61,False,success
2022,Italy,Brividi,Mahmood and Blanco,Netherlands,NL,0,3,False,success
2022,Italy,Brividi,Mahmood and Blanco,Norway,NO,0,2,False,success
2022,Italy,Brividi,Mahmood and Blanco,Poland,PL,0,2,False,success
2022,Italy,Brividi,Mahmood and Blanco,Portugal,PT,0,3,False,success
2022,Italy,Brividi,Mahmood and Blanco,Romania,RO,0,2,False,success
2022,Italy,Brividi,Mahmood and Blanco,Serbia,RS,0,8,False,success
2022,Italy,Brividi,Mahmood and Blanco,Russia,RU,0,0,False,success
2022,Italy,Brividi,Mahmood and Blanco,Sweden,SE,0,2,False,success
2022,Italy,Brividi,Mahmood and Blanco,Slovenia,SI,0,14,False,success
2022,Italy,Brividi,Mahmood and Blanco,San Marino,SM,0,0,False,success
2022,Italy,Brividi,Mahmood and Blanco,Ukraine,UA,0,0,False,success
2022,Lithuania,Sentimentai,Monika Liu,Albania,AL,0,0,False,success
2022,Lithuania,Sentimentai,Monika Liu,Armenia,AM,0,0,False,success
2022,Lithuania,Sentimentai,Monika Liu,Austria,AT,0,0,False,success
2022,Lithuania,Sentimentai,Monika Liu,Australia,AU,0,0,False,success
2022,Lithuania,Sentimentai,Monika Liu,Azerbaijan,AZ,0,0,False,success
2022,Lithuania,Sentimentai,Monika Liu,Belgium,BE,0,0,False,success
2022,Lithuania,Sentimentai,Monika Liu,Bulgaria,BG,0,0,False,success
2022,Lithuania,Sentimentai,Monika Liu,Belarus,BY,0,0,False,success
2022,Lithuania,Sentimentai,Monika Liu,Switzerland,CH,0,0,False,success
2022,Lithuania,Sentimentai,Monika Liu,Cyprus,CY,0,0,False,success
2022,Lithuania,Sentimentai,Monika Liu,Czechia,CZ,0,0,False,success
2022,Lithuania,Sentimentai,Monika Liu,Germany,DE,0,0,False,success
2022,Lithuania,Sentimentai,Monika Liu,Denmark,DK,0,0,False,success
2022,Lithuania,Sentimentai,Monika Liu,Estonia,EE,0,0,False,success
2022,Lithuania,Sentimentai,Monika Liu,Spain,ES,0,0,False,success
2022,Lithuania,Sentimentai,Monika Liu,Finland,FI,0,0,False,success
2022,Lithuania,Sentimentai,Monika Liu,France,FR,0,0,False,success
2022,Lithuania,Sentimentai,Monika Liu,United Kingdom,GB,0,0,False,success
2022,Lithuania,Sentimentai,Monika Liu,Georgia,GE,0,0,False,success
2022,Lithuania,Sentimentai,Monika Liu,Greece,GR,0,0,False,success
2022,Lithuania,Sentimentai,Monika Liu,Croatia,HR,0,0,False,success
2022,Lithuania,Sentimentai,Monika Liu,Hungary,HU,0,0,False,success
2022,Lithuania,Sentimentai,Monika Liu,Ireland,IE,0,0,False,success
2022,Lithuania,Sentimentai,Monika Liu,Israel,IL,0,0,False,success
2022,Lithuania,Sentimentai,Monika Liu,Iceland,IS,0,0,False,success
2022,Lithuania,Sentimentai,Monika Liu,Italy,IT,1,0,False,success
2022,Lithuania,Sentimentai,Monika Liu,Lithuania,LT,100,100,True,success
2022,Lithuania,Sentimentai,Monika Liu,Luxembourg,LU,0,0,False,success
2022,Lithuania,Sentimentai,Monika Liu,Latvia,LV,0,0,False,success
2022,Lithuania,Sentimentai,Monika Liu,Moldova,MD,0,0,False,success
2022,Lithuania,Sentimentai,Monika Liu,Montenegro,ME,0,0,False,success
2022,Lithuania,Sentimentai,Monika Liu,North Macedonia,MK,0,0,False,success
2022,Lithuania,Sentimentai,Monika Liu,Malta,MT,0,0,False,success
2022,Lithuania,Sentimentai,Monika Liu,Netherlands,NL,0,0,False,success
2022,Lithuania,Sentimentai,Monika Liu,Norway,NO,0,1,False,success
2022,Lithuania,Sentimentai,Monika Liu,Poland,PL,0,0,False,success
2022,Lithuania,Sentimentai,Monika Liu,Portugal,PT,0,0,False,success
2022,Lithuania,Sentimentai,Monika Liu,Romania,RO,2,0,False,success
2022,Lithuania,Sentimentai,Monika Liu,Serbia,RS,0,1,False,success
2022,Lithuania,Sentimentai,Monika Liu,Russia,RU,0,0,False,success
2022,Lithuania,Sentimentai,Monika Liu,Sweden,SE,2,0,False,success
2022,Lithuania,Sentimentai,Monika Liu,Slovenia,SI,0,0,False,success
2022,Lithuania,Sentimentai,Monika Liu,San Marino,SM,0,0,False,success
2022,Lithuania,Sentimentai,Monika Liu,Ukraine,UA,1,0,False,success
2022,Moldova,Trenulețul,Zdob și Zdub and Advahov Brothers,Albania,AL,0,0,False,success
2022,Moldova,Trenulețul,Zdob și Zdub and Advahov Brothers,Armenia,AM,0,0,False,success
2022,Moldova,Trenulețul,Zdob și Zdub and Advahov Brothers,Austria,AT,0,0,False,success
2022,Moldova,Trenulețul,Zdob și Zdub and Advahov Brothers,Australia,AU,0,0,False,success
2022,Moldova,Trenulețul,Zdob și Zdub and Advahov Brothers,Azerbaijan,AZ,0,0,False,success
2022,Moldova,Trenulețul,Zdob și Zdub and Advahov Brothers,Belgium,BE,0,0,False,success
2022,Moldova,Trenulețul,Zdob și Zdub and Advahov Brothers,Bulgaria,BG,0,0,False,success
2022,Moldova,Trenulețul,Zdob și Zdub and Advahov Brothers,Belarus,BY,0,0,False,success
2022,Moldova,Trenulețul,Zdob și Zdub and Advahov Brothers,Switzerland,CH,0,0,False,success
2022,Moldova,Trenulețul,Zdob și Zdub and Advahov Brothers,Cyprus,CY,0,0,False,success
2022,Moldova,Trenulețul,Zdob și Zdub and Advahov Brothers,Czechia,CZ,0,0,False,success
2022,Moldova,Trenulețul,Zdob și Zdub and Advahov Brothers,Germany,DE,0,0,False,success
2022,Moldova,Trenulețul,Zdob și Zdub and Advahov Brothers,Denmark,DK,0,0,False,success
2022,Moldova,Trenulețul,Zdob și Zdub and Advahov Brothers,Estonia,EE,0,0,False,success
2022,Moldova,Trenulețul,Zdob și Zdub and Advahov Brothers,Spain,ES,0,0,False,success
2022,Moldova,Trenulețul,Zdob și Zdub and Advahov Brothers,Finland,FI,0,0,False,success
2022,Moldova,Trenulețul,Zdob și Zdub and Advahov Brothers,France,FR,0,0,False,success
2022,Moldova,Trenulețul,Zdob și Zdub and Advahov Brothers,United Kingdom,GB,0,0,False,success
2022,Moldova,Trenulețul,Zdob și Zdub and Advahov Brothers,Georgia,GE,0,0,False,success
2022,Moldova,Trenulețul,Zdob și Zdub and Advahov Brothers,Greece,GR,0,0,False,success
2022,Moldova,Trenulețul,Zdob și Zdub and Advahov Brothers,Croatia,HR,0,0,False,success
2022,Moldova,Trenulețul,Zdob și Zdub and Advahov Brothers,Hungary,HU,0,0,False,success
2022,Moldova,Trenulețul,Zdob și Zdub and Advahov Brothers,Ireland,IE,0,0,False,success
2022,Moldova,Trenulețul,Zdob și Zdub and Advahov Brothers,Israel,IL,0,0,False,success
2022,Moldova,Trenulețul,Zdob și Zdub and Advahov Brothers,Iceland,IS,0,0,False,success
2022,Moldova,Trenulețul,Zdob și Zdub and Advahov Brothers,Italy,IT,0,0,False,success
2022,Moldova,Trenulețul,Zdob și Zdub and Advahov Brothers,Lithuania,LT,0,0,False,success
2022,Moldova,Trenulețul,Zdob și Zdub and Advahov Brothers,Luxembourg,LU,0,0,False,success
2022,Moldova,Trenulețul,Zdob și Zdub and Advahov Brothers,Latvia,LV,0,0,False,success
2022,Moldova,Trenulețul,Zdob și Zdub and Advahov Brothers,Moldova,MD,0,0,True,success
2022,Moldova,Trenulețul,Zdob și Zdub and Advahov Brothers,Montenegro,ME,0,0,False,success
2022,Moldova,Trenulețul,Zdob și Zdub and Advahov Brothers,North Macedonia,MK,0,0,False,success
2022,Moldova,Trenulețul,Zdob și Zdub and Advahov Brothers,Malta,MT,0,0,False,success
2022,Moldova,Trenulețul,Zdob și Zdub and Advahov Brothers,Netherlands,NL,0,0,False,success
2022,Moldova,Trenulețul,Zdob și Zdub and Advahov Brothers,Norway,NO,0,0,False,success
2022,Moldova,Trenulețul,Zdob și Zdub and Advahov Brothers,Poland,PL,0,0,False,success
2022,Moldova,Trenulețul,Zdob și Zdub and Advahov Brothers,Portugal,PT,0,0,False,success
2022,Moldova,Trenulețul,Zdob și Zdub and Advahov Brothers,Romania,RO,0,1,False,success
2022,Moldova,Trenulețul,Zdob și Zdub and Advahov Brothers,Serbia,RS,0,0,False,success
2022,Moldova,Trenulețul,Zdob și Zdub and Advahov Brothers,Russia,RU,0,0,False,success
2022,Moldova,Trenulețul,Zdob și Zdub and Advahov Brothers,Sweden,SE,0,0,False,success
2022,Moldova,Trenulețul,Zdob și Zdub and Advahov Brothers,Slovenia,SI,0,0,False,success
2022,Moldova,Trenulețul,Zdob și Zdub and Advahov Brothers,San Marino,SM,0,0,False,success
2022,Moldova,Trenulețul,Zdob și Zdub and Advahov Brothers,Ukraine,UA,0,0,False,success
2022,Netherlands,De diepte,S10,Albania,AL,0,0,False,success
2022,Netherlands,De diepte,S10,Armenia,AM,0,0,False,success
2022,Netherlands,De diepte,S10,Austria,AT,0,0,False,success
2022,Netherlands,De diepte,S10,Australia,AU,0,0,False,success
2022,Netherlands,De diepte,S10,Azerbaijan,AZ,0,0,False,success
2022,Netherlands,De diepte,S10,Belgium,BE,9,1,False,success
2022,Netherlands,De diepte,S10,Bulgaria,BG,0,0,False,success
2022,Netherlands,De diepte,S10,Belarus,BY,0,0,False,success
2022,Netherlands,De diepte,S10,Switzerland,CH,0,0,False,success
2022,Netherlands,De diepte,S10,Cyprus,CY,0,0,False,success
2022,Netherlands,De diepte,S10,Czechia,CZ,0,0,False,success
2022,Netherlands,De diepte,S10,Germany,DE,1,0,False,success
2022,Netherlands,De diepte,S10,Denmark,DK,0,0,False,success
2022,Netherlands,De diepte,S10,Estonia,EE,0,0,False,success
2022,Netherlands,De diepte,S10,Spain,ES,2,0,False,success
2022,Netherlands,De diepte,S10,Finland,FI,0,0,False,success
2022,Netherlands,De diepte,S10,France,FR,0,0,False,success
2022,Netherlands,De diepte,S10,United Kingdom,GB,0,0,False,success
2022,Netherlands,De diepte,S10,Georgia,GE,0,0,False,success
2022,Netherlands,De diepte,S10,Greece,GR,0,0,False,success
2022,Netherlands,De diepte,S10,Croatia,HR,0,0,False,success
2022,Netherlands,De diepte,S10,Hungary,HU,0,0,False,success
2022,Netherlands,De diepte,S10,Ireland,IE,0,0,False,success
2022,Netherlands,De diepte,S10,Israel,IL,0,0,False,success
2022,Netherlands,De diepte,S10,Iceland,IS,0,0,False,success
2022,Netherlands,De diepte,S10,Italy,IT,2,0,False,success
2022,Netherlands,De diepte,S10,Lithuania,LT,0,0,False,success
2022,Netherlands,De diepte,S10,Luxembourg,LU,0,0,False,success
2022,Netherlands,De diepte,S10,Latvia,LV,0,0,False,success
2022,Netherlands,De diepte,S10,Moldova,MD,0,0,False,success
2022,Netherlands,De diepte,S10,Montenegro,ME,0,0,False,success
2022,Netherlands,De diepte,S10,North Macedonia,MK,0,0,False,success
2022,Netherlands,De diepte,S10,Malta,MT,0,0,False,success
2022,Netherlands,De diepte,S10,Netherlands,NL,100,6,True,success
2022,Netherlands,De diepte,S10,Norway,NO,0,0,False,success
2022,Netherlands,De diepte,S10,Poland,PL,2,0,False,success
2022,Netherlands,De diepte,S10,Portugal,PT,0,0,False,success
2022,Netherlands,De diepte,S10,Romania,RO,0,0,False,success
2022,Netherlands,De diepte,S10,Serbia,RS,0,0,False,success
2022,Netherlands,De diepte,S10,Russia,RU,1,0,False,success
2022,Netherlands,De diepte,S10,Sweden,SE,3,0,False,success
2022,Netherlands,De diepte,S10,Slovenia,SI,0,0,False,success
2022,Netherlands,De diepte,S10,San Marino,SM,0,0,False,success
2022,Netherlands,De diepte,S10,Ukraine,UA,5,0,False,success
2022,Norway,Give That Wolf a Banana,Subwoolfer,Albania,AL,0,0,False,success
2022,Norway,Give That Wolf a Banana,Subwoolfer,Armenia,AM,0,0,False,success
2022,Norway,Give That Wolf a Banana,Subwoolfer,Austria,AT,0,3,False,success
2022,Norway,Give That Wolf a Banana,Subwoolfer,Australia,AU,0,1,False,success
2022,Norway,Give That Wolf a Banana,Subwoolfer,Azerbaijan,AZ,0,0,False,success
2022,Norway,Give That Wolf a Banana,Subwoolfer,Belgium,BE,0,3,False,success
2022,Norway,Give That Wolf a Banana,Subwoolfer,Bulgaria,BG,0,0,False,success
2022,Norway,Give That Wolf a Banana,Subwoolfer,Belarus,BY,0,0,False,success
2022,Norway,Give That Wolf a Banana,Subwoolfer,Switzerland,CH,0,2,False,success
2022,Norway,Give That Wolf a Banana,Subwoolfer,Cyprus,CY,0,0,False,success
2022,Norway,Give That Wolf a Banana,Subwoolfer,Czechia,CZ,0,0,False,success
2022,Norway,Give That Wolf a Banana,Subwoolfer,Germany,DE,0,1,False,success
2022,Norway,Give That Wolf a Banana,Subwoolfer,Denmark,DK,0,6,False,success
2022,Norway,Give That Wolf a Banana,Subwoolfer,Estonia,EE,0,0,False,success
2022,Norway,Give That Wolf a Banana,Subwoolfer,Spain,ES,0,2,False,success
2022,Norway,Give That Wolf a Banana,Subwoolfer,Finland,FI,0,7,False,success
2022,Norway,Give That Wolf a Banana,Subwoolfer,France,FR,0,0,False,success
2022,Norway,Give That Wolf a Banana,Subwoolfer,United Kingdom,GB,67,1,False,success
2022,Norway,Give That Wolf a Banana,Subwoolfer,Georgia,GE,0,0,False,success
2022,Norway,Give That Wolf a Banana,Subwoolfer,Greece,GR,0,5,False,success
2022,Norway,Give That Wolf a Banana,Subwoolfer,Croatia,HR,0,5,False,success
2022,Norway,Give That Wolf a Banana,Subwoolfer,Hungary,HU,0,0,False,success
2022,Norway,Give That Wolf a Banana,Subwoolfer,Ireland,IE,0,3,False,success
2022,Norway,Give That Wolf a Banana,Subwoolfer,Israel,IL,0,0,False,success
2022,Norway,Give That Wolf a Banana,Subwoolfer,Iceland,IS,0,54,False,success
2022,Norway,Give That Wolf a Banana,Subwoolfer,Italy,IT,100,3,False,success
2022,Norway,Give That Wolf a Banana,Subwoolfer,Lithuania,LT,0,10,False,success
2022,Norway,Give That Wolf a Banana,Subwoolfer,Luxembourg,LU,0,0,False,success
2022,Norway,Give That Wolf a Banana,Subwoolfer,Latvia,LV,0,0,False,success
2022,Norway,Give That Wolf a Banana,Subwoolfer,Moldova,MD,0,0,False,success
2022,Norway,Give That Wolf a Banana,Subwoolfer,Montenegro,ME,0,0,False,success
2022,Norway,Give That Wolf a Banana,Subwoolfer,North Macedonia,MK,0,0,False,success
2022,Norway,Give That Wolf a Banana,Subwoolfer,Malta,MT,0,0,False,success
2022,Norway,Give That Wolf a Banana,Subwoolfer,Netherlands,NL,0,6,False,success
2022,Norway,Give That Wolf a Banana,Subwoolfer,Norway,NO,0,100,True,success
2022,Norway,Give That Wolf a Banana,Subwoolfer,Poland,PL,0,2,False,success
2022,Norway,Give That Wolf a Banana,Subwoolfer,Portugal,PT,0,3,False,success
2022,Norway,Give That Wolf a Banana,Subwoolfer,Romania,RO,0,1,False,success
2022,Norway,Give That Wolf a Banana,Subwoolfer,Serbia,RS,0,7,False,success
2022,Norway,Give That Wolf a Banana,Subwoolfer,Russia,RU,0,0,False,success
2022,Norway,Give That Wolf a Banana,Subwoolfer,Sweden,SE,0,10,False,success
2022,Norway,Give That Wolf a Banana,Subwoolfer,Slovenia,SI,0,0,False,success
2022,Norway,Give That Wolf a Banana,Subwoolfer,San Marino,SM,0,0,False,success
2022,Norway,Give That Wolf a Banana,Subwoolfer,Ukraine,UA,0,1,False,success
2022,Poland,River,Ochman,Albania,AL,0,4,False,success
2022,Poland,River,Ochman,Armenia,AM,0,3,False,success
2022,Poland,River,Ochman,Austria,AT,0,9,False,success
2022,Poland,River,Ochman,Australia,AU,0,19,False,success
2022,Poland,River,Ochman,Azerbaijan,AZ,0,1,False,success
2022,Poland,River,Ochman,Belgium,BE,0,8,False,success
2022,Poland,River,Ochman,Bulgaria,BG,0,5,False,success
2022,Poland,River,Ochman,Belarus,BY,0,1,False,success
2022,Poland,River,Ochman,Switzerland,CH,0,9,False,success
2022,Poland,River,Ochman,Cyprus,CY,0,6,False,success
2022,Poland,River,Ochman,Czechia,CZ,0,7,False,success
2022,Poland,River,Ochman,Germany,DE,2,6,False,success
2022,Poland,River,Ochman,Denmark,DK,0,11,False,success
2022,Poland,River,Ochman,Estonia,EE,0,9,False,success
2022,Poland,River,Ochman,Spain,ES,1,7,False,success
2022,Poland,River,Ochman,Finland,FI,0,12,False,success
2022,Poland,River,Ochman,France,FR,0,6,False,success
2022,Poland,River,Ochman,United Kingdom,GB,2,14,False,success
2022,Poland,River,Ochman,Georgia,GE,0,5,False,success
2022,Poland,River,Ochman,Greece,GR,0,8,False,success
2022,Poland,River,Ochman,Croatia,HR,0,10,False,success
2022,Poland,River,Ochman,Hungary,HU,0,8,False,success
2022,Poland,River,Ochman,Ireland,IE,0,16,False,success
2022,Poland,River,Ochman,Israel,IL,0,4,False,success
2022,Poland,River,Ochman,Iceland,IS,0,9,False,success
2022,Poland,River,Ochman,Italy,IT,2,7,False,success
2022,Poland,River,Ochman,Lithuania,LT,0,7,False,success
2022,Poland,River,Ochman,Luxembourg,LU,0,9,False,success
2022,Poland,River,Ochman,Latvia,LV,0,5,False,success
2022,Poland,River,Ochman,Moldova,MD,0,2,False,success
2022,Poland,River,Ochman,Montenegro,ME,0,5,False,success
2022,Poland,River,Ochman,North Macedonia,MK,0,5,False,success
2022,Poland,River,Ochman,Malta,MT,0,0,False,success
2022,Poland,River,Ochman,Netherlands,NL,4,10,False,success
2022,Poland,River,Ochman,Norway,NO,5,11,False,success
2022,Poland,River,Ochman,Poland,PL,100,22,True,success
2022,Poland,River,Ochman,Portugal,PT,0,9,False,success
2022,Poland,River,Ochman,Romania,RO,0,6,False,success
2022,Poland,River,Ochman,Serbia,RS,0,6,False,success
2022,Poland,River,Ochman,Russia,RU,0,1,False,success
2022,Poland,River,Ochman,Sweden,SE,4,9,False,success
2022,Poland,River,Ochman,Slovenia,SI,0,10,False,success
2022,Poland,River,Ochman,San Marino,SM,0,0,False,success
2022,Poland,River,Ochman,Ukraine,UA,2,1,False,success
2022,Portugal,"Saudade, saudade",Maro,Albania,AL,0,0,False,success
2022,Portugal,"Saudade, saudade",Maro,Armenia,AM,0,0,False,success
2022,Portugal,"Saudade, saudade",Maro,Austria,AT,0,0,False,success
2022,Portugal,"Saudade, saudade",Maro,Australia,AU,0,0,False,success
2022,Portugal,"Saudade, saudade",Maro,Azerbaijan,AZ,0,0,False,success
2022,Portugal,"Saudade, saudade",Maro,Belgium,BE,0,0,False,success
2022,Portugal,"Saudade, saudade",Maro,Bulgaria,BG,0,0,False,success
2022,Portugal,"Saudade, saudade",Maro,Belarus,BY,0,0,False,success
2022,Portugal,"Saudade, saudade",Maro,Switzerland,CH,0,0,False,success
2022,Portugal,"Saudade, saudade",Maro,Cyprus,CY,0,0,False,success
2022,Portugal,"Saudade, saudade",Maro,Czechia,CZ,0,0,False,success
2022,Portugal,"Saudade, saudade",Maro,Germany,DE,0,0,False,success
2022,Portugal,"Saudade, saudade",Maro,Denmark,DK,0,0,False,success
2022,Portugal,"Saudade, saudade",Maro,Estonia,EE,0,0,False,success
2022,Portugal,"Saudade, saudade",Maro,Spain,ES,0,0,False,success
2022,Portugal,"Saudade, saudade",Maro,Finland,FI,0,0,False,success
2022,Portugal,"Saudade, saudade",Maro,France,FR,0,0,False,success
2022,Portugal,"Saudade, saudade",Maro,United Kingdom,GB,0,0,False,success
2022,Portugal,"Saudade, saudade",Maro,Georgia,GE,0,0,False,success
2022,Portugal,"Saudade, saudade",Maro,Greece,GR,0,0,False,success
2022,Portugal,"Saudade, saudade",Maro,Croatia,HR,0,0,False,success
2022,Portugal,"Saudade, saudade",Maro,Hungary,HU,0,0,False,success
2022,Portugal,"Saudade, saudade",Maro,Ireland,IE,0,0,False,success
2022,Portugal,"Saudade, saudade",Maro,Israel,IL,0,0,False,success
2022,Portugal,"Saudade, saudade",Maro,Iceland,IS,0,0,False,success
2022,Portugal,"Saudade, saudade",Maro,Italy,IT,0,0,False,success
2022,Portugal,"Saudade, saudade",Maro,Lithuania,LT,0,0,False,success
2022,Portugal,"Saudade, saudade",Maro,Luxembourg,LU,0,0,False,success
2022,Portugal,"Saudade, saudade",Maro,Latvia,LV,0,0,False,success
2022,Portugal,"Saudade, saudade",Maro,Moldova,MD,0,0,False,success
2022,Portugal,"Saudade, saudade",Maro,Montenegro,ME,0,0,False,success
2022,Portugal,"Saudade, saudade",Maro,North Macedonia,MK,0,0,False,success
2022,Portugal,"Saudade, saudade",Maro,Malta,MT,0,0,False,success
2022,Portugal,"Saudade, saudade",Maro,Netherlands,NL,0,0,False,success
2022,Portugal,"Saudade, saudade",Maro,Norway,NO,0,0,False,success
2022,Portugal,"Saudade, saudade",Maro,Poland,PL,0,0,False,success
2022,Portugal,"Saudade, saudade",Maro,Portugal,PT,2,0,True,success
2022,Portugal,"Saudade, saudade",Maro,Romania,RO,0,0,False,success
2022,Portugal,"Saudade, saudade",Maro,Serbia,RS,0,0,False,success
2022,Portugal,"Saudade, saudade",Maro,Russia,RU,0,0,False,success
2022,Portugal,"Saudade, saudade",Maro,Sweden,SE,0,0,False,success
2022,Portugal,"Saudade, saudade",Maro,Slovenia,SI,0,0,False,success
2022,Portugal,"Saudade, saudade",Maro,San Marino,SM,0,0,False,success
2022,Portugal,"Saudade, saudade",Maro,Ukraine,UA,0,0,False,success
2022,Romania,Llámame,WRS,Albania,AL,0,0,False,success
2022,Romania,Llámame,WRS,Armenia,AM,0,0,False,success
2022,Romania,Llámame,WRS,Austria,AT,0,0,False,success
2022,Romania,Llámame,WRS,Australia,AU,0,0,False,success
2022,Romania,Llámame,WRS,Azerbaijan,AZ,0,0,False,success
2022,Romania,Llámame,WRS,Belgium,BE,0,0,False,success
2022,Romania,Llámame,WRS,Bulgaria,BG,0,0,False,success
2022,Romania,Llámame,WRS,Belarus,BY,0,0,False,success
2022,Romania,Llámame,WRS,Switzerland,CH,0,0,False,success
2022,Romania,Llámame,WRS,Cyprus,CY,0,0,False,success
2022,Romania,Llámame,WRS,Czechia,CZ,0,0,False,success
2022,Romania,Llámame,WRS,Germany,DE,0,0,False,success
2022,Romania,Llámame,WRS,Denmark,DK,0,0,False,success
2022,Romania,Llámame,WRS,Estonia,EE,0,0,False,success
2022,Romania,Llámame,WRS,Spain,ES,0,10,False,success
2022,Romania,Llámame,WRS,Finland,FI,0,0,False,success
2022,Romania,Llámame,WRS,France,FR,0,0,False,success
2022,Romania,Llámame,WRS,United Kingdom,GB,0,0,False,success
2022,Romania,Llámame,WRS,Georgia,GE,0,0,False,success
2022,Romania,Llámame,WRS,Greece,GR,0,0,False,success
2022,Romania,Llámame,WRS,Croatia,HR,0,0,False,success
2022,Romania,Llámame,WRS,Hungary,HU,0,0,False,success
2022,Romania,Llámame,WRS,Ireland,IE,0,0,False,success
2022,Romania,Llámame,WRS,Israel,IL,0,0,False,success
2022,Romania,Llámame,WRS,Iceland,IS,0,0,False,success
2022,Romania,Llámame,WRS,Italy,IT,0,0,False,success
2022,Romania,Llámame,WRS,Lithuania,LT,0,0,False,success
2022,Romania,Llámame,WRS,Luxembourg,LU,0,0,False,success
2022,Romania,Llámame,WRS,Latvia,LV,0,0,False,success
2022,Romania,Llámame,WRS,Moldova,MD,0,0,False,success
2022,Romania,Llámame,WRS,Montenegro,ME,0,0,False,success
2022,Romania,Llámame,WRS,North Macedonia,MK,0,0,False,success
2022,Romania,Llámame,WRS,Malta,MT,0,0,False,success
2022,Romania,Llámame,WRS,Netherlands,NL,0,0,False,success
2022,Romania,Llámame,WRS,Norway,NO,0,0,False,success
2022,Romania,Llámame,WRS,Poland,PL,0,0,False,success
2022,Romania,Llámame,WRS,Portugal,PT,11,0,False,success
2022,Romania,Llámame,WRS,Romania,RO,15,0,True,success
2022,Romania,Llámame,WRS,Serbia,RS,0,0,False,success
2022,Romania,Llámame,WRS,Russia,RU,0,0,False,success
2022,Romania,Llámame,WRS,Sweden,SE,0,0,False,success
2022,Romania,Llámame,WRS,Slovenia,SI,0,0,False,success
2022,Romania,Llámame,WRS,San Marino,SM,0,0,False,success
2022,Romania,Llámame,WRS,Ukraine,UA,0,0,False,success
2022,Serbia,In corpore sano,Konstrakta,Albania,AL,0,0,False,success
2022,Serbia,In corpore sano,Konstrakta,Armenia,AM,0,0,False,success
2022,Serbia,In corpore sano,Konstrakta,Austria,AT,5,6,False,success
2022,Serbia,In corpore sano,Konstrakta,Australia,AU,0,0,False,success
2022,Serbia,In corpore sano,Konstrakta,Azerbaijan,AZ,0,0,False,success
2022,Serbia,In corpore sano,Konstrakta,Belgium,BE,0,1,False,success
2022,Serbia,In corpore sano,Konstrakta,Bulgaria,BG,0,0,False,success
2022,Serbia,In corpore sano,Konstrakta,Belarus,BY,0,0,False,success
2022,Serbia,In corpore sano,Konstrakta,Switzerland,CH,0,2,False,success
2022,Serbia,In corpore sano,Konstrakta,Cyprus,CY,0,0,False,success
2022,Serbia,In corpore sano,Konstrakta,Czechia,CZ,0,0,False,success
2022,Serbia,In corpore sano,Konstrakta,Germany,DE,1,1,False,success
2022,Serbia,In corpore sano,Konstrakta,Denmark,DK,0,0,False,success
2022,Serbia,In corpore sano,Konstrakta,Estonia,EE,0,0,False,success
2022,Serbia,In corpore sano,Konstrakta,Spain,ES,0,1,False,success
2022,Serbia,In corpore sano,Konstrakta,Finland,FI,0,2,False,success
2022,Serbia,In corpore sano,Konstrakta,France,FR,0,0,False,success
2022,Serbia,In corpore sano,Konstrakta,United Kingdom,GB,1,0,False,success
2022,Serbia,In corpore sano,Konstrakta,Georgia,GE,0,0,False,success
2022,Serbia,In corpore sano,Konstrakta,Greece,GR,0,1,False,success
2022,Serbia,In corpore sano,Konstrakta,Croatia,HR,55,34,False,success
2022,Serbia,In corpore sano,Konstrakta,Hungary,HU,0,0,False,success
2022,Serbia,In corpore sano,Konstrakta,Ireland,IE,0,0,False,success
2022,Serbia,In corpore sano,Konstrakta,Israel,IL,0,0,False,success
2022,Serbia,In corpore sano,Konstrakta,Iceland,IS,0,0,False,success
2022,Serbia,In corpore sano,Konstrakta,Italy,IT,2,2,False,success
2022,Serbia,In corpore sano,Konstrakta,Lithuania,LT,0,0,False,success
2022,Serbia,In corpore sano,Konstrakta,Luxembourg,LU,0,0,False,success
2022,Serbia,In corpore sano,Konstrakta,Latvia,LV,0,0,False,success
2022,Serbia,In corpore sano,Konstrakta,Moldova,MD,0,0,False,success
2022,Serbia,In corpore sano,Konstrakta,Montenegro,ME,100,45,False,success
2022,Serbia,In corpore sano,Konstrakta,North Macedonia,MK,0,14,False,success
2022,Serbia,In corpore sano,Konstrakta,Malta,MT,0,0,False,success
2022,Serbia,In corpore sano,Konstrakta,Netherlands,NL,3,1,False,success
2022,Serbia,In corpore sano,Konstrakta,Norway,NO,0,2,False,success
2022,Serbia,In corpore sano,Konstrakta,Poland,PL,2,1,False,success
2022,Serbia,In corpore sano,Konstrakta,Portugal,PT,0,0,False,success
2022,Serbia,In corpore sano,Konstrakta,Romania,RO,0,1,False,success
2022,Serbia,In corpore sano,Konstrakta,Serbia,RS,98,100,True,success
2022,Serbia,In corpore sano,Konstrakta,Russia,RU,1,0,False,success
2022,Serbia,In corpore sano,Konstrakta,Sweden,SE,3,1,False,success
2022,Serbia,In corpore sano,Konstrakta,Slovenia,SI,0,4,False,success
2022,Serbia,In corpore sano,Konstrakta,San Marino,SM,0,0,False,success
2022,Serbia,In corpore sano,Konstrakta,Ukraine,UA,0,0,False,success
2022,Spain,SloMo,Chanel,Albania,AL,0,0,False,success
2022,Spain,SloMo,Chanel,Armenia,AM,0,0,False,success
2022,Spain,SloMo,Chanel,Austria,AT,0,2,False,success
2022,Spain,SloMo,Chanel,Australia,AU,2,1,False,success
2022,Spain,SloMo,Chanel,Azerbaijan,AZ,0,0,False,success
2022,Spain,SloMo,Chanel,Belgium,BE,5,2,False,success
2022,Spain,SloMo,Chanel,Bulgaria,BG,0,0,False,success
2022,Spain,SloMo,Chanel,Belarus,BY,0,0,False,success
2022,Spain,SloMo,Chanel,Switzerland,CH,0,3,False,success
2022,Spain,SloMo,Chanel,Cyprus,CY,0,0,False,success
2022,Spain,SloMo,Chanel,Czechia,CZ,0,0,False,success
2022,Spain,SloMo,Chanel,Germany,DE,2,1,False,success
2022,Spain,SloMo,Chanel,Denmark,DK,0,0,False,success
2022,Spain,SloMo,Chanel,Estonia,EE,0,0,False,success
2022,Spain,SloMo,Chanel,Spain,ES,100,100,True,success
2022,Spain,SloMo,Chanel,Finland,FI,0,5,False,success
2022,Spain,SloMo,Chanel,France,FR,1,1,False,success
2022,Spain,SloMo,Chanel,United Kingdom,GB,2,1,False,success
2022,Spain,SloMo,Chanel,Georgia,GE,0,0,False,success
2022,Spain,SloMo,Chanel,Greece,GR,0,8,False,success
2022,Spain,SloMo,Chanel,Croatia,HR,0,7,False,success
2022,Spain,SloMo,Chanel,Hungary,HU,0,0,False,success
2022,Spain,SloMo,Chanel,Ireland,IE,0,0,False,success
2022,Spain,SloMo,Chanel,Israel,IL,0,1,False,success
2022,Spain,SloMo,Chanel,Iceland,IS,0,0,False,success
2022,Spain,SloMo,Chanel,Italy,IT,4,2,False,success
2022,Spain,SloMo,Chanel,Lithuania,LT,0,0,False,success
2022,Spain,SloMo,Chanel,Luxembourg,LU,0,0,False,success
2022,Spain,SloMo,Chanel,Latvia,LV,0,0,False,success
2022,Spain,SloMo,Chanel,Moldova,MD,0,0,False,success
2022,Spain,SloMo,Chanel,Montenegro,ME,0,0,False,success
2022,Spain,SloMo,Chanel,North Macedonia,MK,0,0,False,success
2022,Spain,SloMo,Chanel,Malta,MT,0,0,False,success
2022,Spain,SloMo,Chanel,Netherlands,NL,7,4,False,success
2022,Spain,SloMo,Chanel,Norway,NO,0,2,False,success
2022,Spain,SloMo,Chanel,Poland,PL,2,1,False,success
2022,Spain,SloMo,Chanel,Portugal,PT,0,3,False,success
2022,Spain,SloMo,Chanel,Romania,RO,0,1,False,success
2022,Spain,SloMo,Chanel,Serbia,RS,0,6,False,success
2022,Spain,SloMo,Chanel,Russia,RU,0,0,False,success
2022,Spain,SloMo,Chanel,Sweden,SE,5,1,False,success
2022,Spain,SloMo,Chanel,Slovenia,SI,0,0,False,success
2022,Spain,SloMo,Chanel,San Marino,SM,0,0,False,success
2022,Spain,SloMo,Chanel,Ukraine,UA,0,0,False,success
2022,Sweden,Hold Me Closer,Cornelia Jakobs,Albania,AL,0,0,False,success
2022,Sweden,Hold Me Closer,Cornelia Jakobs,Armenia,AM,0,0,False,success
2022,Sweden,Hold Me Closer,Cornelia Jakobs,Austria,AT,0,4,False,success
2022,Sweden,Hold Me Closer,Cornelia Jakobs,Australia,AU,0,1,False,success
2022,Sweden,Hold Me Closer,Cornelia Jakobs,Azerbaijan,AZ,0,0,False,success
2022,Sweden,Hold Me Closer,Cornelia Jakobs,Belgium,BE,7,5,False,success
2022,Sweden,Hold Me Closer,Cornelia Jakobs,Bulgaria,BG,0,0,False,success
2022,Sweden,Hold Me Closer,Cornelia Jakobs,Belarus,BY,0,0,False,success
2022,Sweden,Hold Me Closer,Cornelia Jakobs,Switzerland,CH,0,0,False,success
2022,Sweden,Hold Me Closer,Cornelia Jakobs,Cyprus,CY,0,0,False,success
2022,Sweden,Hold Me Closer,Cornelia Jakobs,Czechia,CZ,0,0,False,success
2022,Sweden,Hold Me Closer,Cornelia Jakobs,Germany,DE,3,2,False,success
2022,Sweden,Hold Me Closer,Cornelia Jakobs,Denmark,DK,0,11,False,success
2022,Sweden,Hold Me Closer,Cornelia Jakobs,Estonia,EE,0,24,False,success
2022,Sweden,Hold Me Closer,Cornelia Jakobs,Spain,ES,4,9,False,success
2022,Sweden,Hold Me Closer,Cornelia Jakobs,Finland,FI,21,25,False,success
2022,Sweden,Hold Me Closer,Cornelia Jakobs,France,FR,0,1,False,success
2022,Sweden,Hold Me Closer,Cornelia Jakobs,United Kingdom,GB,2,1,False,success
2022,Sweden,Hold Me Closer,Cornelia Jakobs,Georgia,GE,0,0,False,success
2022,Sweden,Hold Me Closer,Cornelia Jakobs,Greece,GR,0,8,False,success
2022,Sweden,Hold Me Closer,Cornelia Jakobs,Croatia,HR,0,8,False,success
2022,Sweden,Hold Me Closer,Cornelia Jakobs,Hungary,HU,0,0,False,success
2022,Sweden,Hold Me Closer,Cornelia Jakobs,Ireland,IE,0,0,False,success
2022,Sweden,Hold Me Closer,Cornelia Jakobs,Israel,IL,0,0,False,success
2022,Sweden,Hold Me Closer,Cornelia Jakobs,Iceland,IS,0,0,False,success
2022,Sweden,Hold Me Closer,Cornelia Jakobs,Italy,IT,4,3,False,success
2022,Sweden,Hold Me Closer,Cornelia Jakobs,Lithuania,LT,0,26,False,success
2022,Sweden,Hold Me Closer,Cornelia Jakobs,Luxembourg,LU,0,0,False,success
2022,Sweden,Hold Me Closer,Cornelia Jakobs,Latvia,LV,0,0,False,success
2022,Sweden,Hold Me Closer,Cornelia Jakobs,Moldova,MD,0,0,False,success
2022,Sweden,Hold Me Closer,Cornelia Jakobs,Montenegro,ME,0,0,False,success
2022,Sweden,Hold Me Closer,Cornelia Jakobs,North Macedonia,MK,0,0,False,success
2022,Sweden,Hold Me Closer,Cornelia Jakobs,Malta,MT,0,0,False,success
2022,Sweden,Hold Me Closer,Cornelia Jakobs,Netherlands,NL,7,4,False,success
2022,Sweden,Hold Me Closer,Cornelia Jakobs,Norway,NO,0,16,False,success
2022,Sweden,Hold Me Closer,Cornelia Jakobs,Poland,PL,6,8,False,success
2022,Sweden,Hold Me Closer,Cornelia Jakobs,Portugal,PT,0,0,False,success
2022,Sweden,Hold Me Closer,Cornelia Jakobs,Romania,RO,0,2,False,success
2022,Sweden,Hold Me Closer,Cornelia Jakobs,Serbia,RS,0,5,False,success
2022,Sweden,Hold Me Closer,Cornelia Jakobs,Russia,RU,0,0,False,success
2022,Sweden,Hold Me Closer,Cornelia Jakobs,Sweden,SE,100,100,True,success
2022,Sweden,Hold Me Closer,Cornelia Jakobs,Slovenia,SI,0,0,False,success
2022,Sweden,Hold Me Closer,Cornelia Jakobs,San Marino,SM,0,0,False,success
2022,Sweden,Hold Me Closer,Cornelia Jakobs,Ukraine,UA,0,1,False,success
2022,Switzerland,Boys Do Cry,Marius Bear,Albania,AL,0,0,False,success
2022,Switzerland,Boys Do Cry,Marius Bear,Armenia,AM,0,0,False,success
2022,Switzerland,Boys Do Cry,Marius Bear,Austria,AT,0,0,False,success
2022,Switzerland,Boys Do Cry,Marius Bear,Australia,AU,0,0,False,success
2022,Switzerland,Boys Do Cry,Marius Bear,Azerbaijan,AZ,0,0,False,success
2022,Switzerland,Boys Do Cry,Marius Bear,Belgium,BE,0,23,False,success
2022,Switzerland,Boys Do Cry,Marius Bear,Bulgaria,BG,0,0,False,success
2022,Switzerland,Boys Do Cry,Marius Bear,Belarus,BY,0,0,False,success
2022,Switzerland,Boys Do Cry,Marius Bear,Switzerland,CH,1,100,True,success
2022,Switzerland,Boys Do Cry,Marius Bear,Cyprus,CY,0,0,False,success
2022,Switzerland,Boys Do Cry,Marius Bear,Czechia,CZ,0,0,False,success
2022,Switzerland,Boys Do Cry,Marius Bear,Germany,DE,0,3,False,success
2022,Switzerland,Boys Do Cry,Marius Bear,Denmark,DK,0,0,False,success
2022,Switzerland,Boys Do Cry,Marius Bear,Estonia,EE,0,0,False,success
2022,Switzerland,Boys Do Cry,Marius Bear,Spain,ES,0,0,False,success
2022,Switzerland,Boys Do Cry,Marius Bear,Finland,FI,0,0,False,success
2022,Switzerland,Boys Do Cry,Marius Bear,France,FR,0,4,False,success
2022,Switzerland,Boys Do Cry,Marius Bear,United Kingdom,GB,0,3,False,success
2022,Switzerland,Boys Do Cry,Marius Bear,Georgia,GE,0,0,False,success
2022,Switzerland,Boys Do Cry,Marius Bear,Greece,GR,0,0,False,success
2022,Switzerland,Boys Do Cry,Marius Bear,Croatia,HR,0,0,False,success
2022,Switzerland,Boys Do Cry,Marius Bear,Hungary,HU,0,0,False,success
2022,Switzerland,Boys Do Cry,Marius Bear,Ireland,IE,0,0,False,success
2022,Switzerland,Boys Do Cry,Marius Bear,Israel,IL,0,0,False,success
2022,Switzerland,Boys Do Cry,Marius Bear,Iceland,IS,0,0,False,success
2022,Switzerland,Boys Do Cry,Marius Bear,Italy,IT,0,10,False,success
2022,Switzerland,Boys Do Cry,Marius Bear,Lithuania,LT,0,0,False,success
2022,Switzerland,Boys Do Cry,Marius Bear,Luxembourg,LU,0,0,False,success
2022,Switzerland,Boys Do Cry,Marius Bear,Latvia,LV,0,0,False,success
2022,Switzerland,Boys Do Cry,Marius Bear,Moldova,MD,0,0,False,success
2022,Switzerland,Boys Do Cry,Marius Bear,Montenegro,ME,0,0,False,success
2022,Switzerland,Boys Do Cry,Marius Bear,North Macedonia,MK,0,0,False,success
2022,Switzerland,Boys Do Cry,Marius Bear,Malta,MT,0,0,False,success
2022,Switzerland,Boys Do Cry,Marius Bear,Netherlands,NL,0,16,False,success
2022,Switzerland,Boys Do Cry,Marius Bear,Norway,NO,0,0,False,success
2022,Switzerland,Boys Do Cry,Marius Bear,Poland,PL,0,0,False,success
2022,Switzerland,Boys Do Cry,Marius Bear,Portugal,PT,0,0,False,success
2022,Switzerland,Boys Do Cry,Marius Bear,Romania,RO,0,0,False,success
2022,Switzerland,Boys Do Cry,Marius Bear,Serbia,RS,0,0,False,success
2022,Switzerland,Boys Do Cry,Marius Bear,Russia,RU,0,0,False,success
2022,Switzerland,Boys Do Cry,Marius Bear,Sweden,SE,0,0,False,success
2022,Switzerland,Boys Do Cry,Marius Bear,Slovenia,SI,0,0,False,success
2022,Switzerland,Boys Do Cry,Marius Bear,San Marino,SM,0,0,False,success
2022,Switzerland,Boys Do Cry,Marius Bear,Ukraine,UA,0,0,False,success
2022,Ukraine,Stefania,Kalush Orchestra,Albania,AL,0,10,False,success
2022,Ukraine,Stefania,Kalush Orchestra,Armenia,AM,0,8,False,success
2022,Ukraine,Stefania,Kalush Orchestra,Austria,AT,13,9,False,success
2022,Ukraine,Stefania,Kalush Orchestra,Australia,AU,4,1,False,success
2022,Ukraine,Stefania,Kalush Orchestra,Azerbaijan,AZ,0,2,False,success
2022,Ukraine,Stefania,Kalush Orchestra,Belgium,BE,11,11,False,success
2022,Ukraine,Stefania,Kalush Orchestra,Bulgaria,BG,0,7,False,success
2022,Ukraine,Stefania,Kalush Orchestra,Belarus,BY,39,7,False,success
2022,Ukraine,Stefania,Kalush Orchestra,Switzerland,CH,0,7,False,success
2022,Ukraine,Stefania,Kalush Orchestra,Cyprus,CY,0,18,False,success
2022,Ukraine,Stefania,Kalush Orchestra,Czechia,CZ,0,11,False,success
2022,Ukraine,Stefania,Kalush Orchestra,Germany,DE,11,7,False,success
2022,Ukraine,Stefania,Kalush Orchestra,Denmark,DK,0,5,False,success
2022,Ukraine,Stefania,Kalush Orchestra,Estonia,EE,0,25,False,success
2022,Ukraine,Stefania,Kalush Orchestra,Spain,ES,5,7,False,success
2022,Ukraine,Stefania,Kalush Orchestra,Finland,FI,24,25,False,success
2022,Ukraine,Stefania,Kalush Orchestra,France,FR,0,2,False,success
2022,Ukraine,Stefania,Kalush Orchestra,United Kingdom,GB,6,3,False,success
2022,Ukraine,Stefania,Kalush Orchestra,Georgia,GE,0,9,False,success
2022,Ukraine,Stefania,Kalush Orchestra,Greece,GR,0,37,False,success
2022,Ukraine,Stefania,Kalush Orchestra,Croatia,HR,0,16,False,success
2022,Ukraine,Stefania,Kalush Orchestra,Hungary,HU,0,4,False,success
2022,Ukraine,Stefania,Kalush Orchestra,Ireland,IE,0,3,False,success
2022,Ukraine,Stefania,Kalush Orchestra,Israel,IL,0,4,False,success
2022,Ukraine,Stefania,Kalush Orchestra,Iceland,IS,0,0,False,success
2022,Ukraine,Stefania,Kalush Orchestra,Italy,IT,22,45,False,success
2022,Ukraine,Stefania,Kalush Orchestra,Lithuania,LT,49,69,False,success
2022,Ukraine,Stefania,Kalush Orchestra,Luxembourg,LU,0,0,False,success
2022,Ukraine,Stefania,Kalush Orchestra,Latvia,LV,0,36,False,success
2022,Ukraine,Stefania,Kalush Orchestra,Moldova,MD,100,61,False,success
2022,Ukraine,Stefania,Kalush Orchestra,Montenegro,ME,0,0,False,success
2022,Ukraine,Stefania,Kalush Orchestra,North Macedonia,MK,0,14,False,success
2022,Ukraine,Stefania,Kalush Orchestra,Malta,MT,0,0,False,success
2022,Ukraine,Stefania,Kalush Orchestra,Netherlands,NL,12,28,False,success
2022,Ukraine,Stefania,Kalush Orchestra,Norway,NO,0,7,False,success
2022,Ukraine,Stefania,Kalush Orchestra,Poland,PL,21,20,False,success
2022,Ukraine,Stefania,Kalush Orchestra,Portugal,PT,0,9,False,success
2022,Ukraine,Stefania,Kalush Orchestra,Romania,RO,0,100,False,success
2022,Ukraine,Stefania,Kalush Orchestra,Serbia,RS,0,26,False,success
2022,Ukraine,Stefania,Kalush Orchestra,Russia,RU,11,2,False,success
2022,Ukraine,Stefania,Kalush Orchestra,Sweden,SE,21,9,False,success
2022,Ukraine,Stefania,Kalush Orchestra,Slovenia,SI,0,20,False,success
2022,Ukraine,Stefania,Kalush Orchestra,San Marino,SM,0,0,False,success
2022,Ukraine,Stefania,Kalush Orchestra,Ukraine,UA,59,25,True,success
2022,United Kingdom,Space Man,Sam Ryder,Albania,AL,0,0,False,success
2022,United Kingdom,Space Man,Sam Ryder,Armenia,AM,0,0,False,success
2022,United Kingdom,Space Man,Sam Ryder,Austria,AT,0,0,False,success
2022,United Kingdom,Space Man,Sam Ryder,Australia,AU,0,42,False,success
2022,United Kingdom,Space Man,Sam Ryder,Azerbaijan,AZ,0,0,False,success
2022,United Kingdom,Space Man,Sam Ryder,Belgium,BE,0,0,False,success
2022,United Kingdom,Space Man,Sam Ryder,Bulgaria,BG,0,0,False,success
2022,United Kingdom,Space Man,Sam Ryder,Belarus,BY,0,0,False,success
2022,United Kingdom,Space Man,Sam Ryder,Switzerland,CH,0,0,False,success
2022,United Kingdom,Space Man,Sam Ryder,Cyprus,CY,0,0,False,success
2022,United Kingdom,Space Man,Sam Ryder,Czechia,CZ,0,0,False,success
2022,United Kingdom,Space Man,Sam Ryder,Germany,DE,0,22,False,success
2022,United Kingdom,Space Man,Sam Ryder,Denmark,DK,0,0,False,success
2022,United Kingdom,Space Man,Sam Ryder,Estonia,EE,0,0,False,success
2022,United Kingdom,Space Man,Sam Ryder,Spain,ES,0,47,False,success
2022,United Kingdom,Space Man,Sam Ryder,Finland,FI,0,0,False,success
2022,United Kingdom,Space Man,Sam Ryder,France,FR,0,13,False,success
2022,United Kingdom,Space Man,Sam Ryder,United Kingdom,GB,2,100,True,success
2022,United Kingdom,Space Man,Sam Ryder,Georgia,GE,0,0,False,success
2022,United Kingdom,Space Man,Sam Ryder,Greece,GR,0,57,False,success
2022,United Kingdom,Space Man,Sam Ryder,Croatia,HR,0,0,False,success
2022,United Kingdom,Space Man,Sam Ryder,Hungary,HU,0,0,False,success
2022,United Kingdom,Space Man,Sam Ryder,Ireland,IE,0,0,False,success
2022,United Kingdom,Space Man,Sam Ryder,Israel,IL,0,0,False,success
2022,United Kingdom,Space Man,Sam Ryder,Iceland,IS,0,0,False,success
2022,United Kingdom,Space Man,Sam Ryder,Italy,IT,1,26,False,success
2022,United Kingdom,Space Man,Sam Ryder,Lithuania,LT,0,0,False,success
2022,United Kingdom,Space Man,Sam Ryder,Luxembourg,LU,0,0,False,success
2022,United Kingdom,Space Man,Sam Ryder,Latvia,LV,0,0,False,success
2022,United Kingdom,Space Man,Sam Ryder,Moldova,MD,0,0,False,success
2022,United Kingdom,Space Man,Sam Ryder,Montenegro,ME,0,0,False,success
2022,United Kingdom,Space Man,Sam Ryder,North Macedonia,MK,0,0,False,success
2022,United Kingdom,Space Man,Sam Ryder,Malta,MT,0,0,False,success
2022,United Kingdom,Space Man,Sam Ryder,Netherlands,NL,0,61,False,success
2022,United Kingdom,Space Man,Sam Ryder,Norway,NO,0,0,False,success
2022,United Kingdom,Space Man,Sam Ryder,Poland,PL,0,28,False,success
2022,United Kingdom,Space Man,Sam Ryder,Portugal,PT,0,0,False,success
2022,United Kingdom,Space Man,Sam Ryder,Romania,RO,0,0,False,success
2022,United Kingdom,Space Man,Sam Ryder,Serbia,RS,0,0,False,success
2022,United Kingdom,Space Man,Sam Ryder,Russia,RU,0,0,False,success
2022,United Kingdom,Space Man,Sam Ryder,Sweden,SE,0,79,False,success
2022,United Kingdom,Space Man,Sam Ryder,Slovenia,SI,0,0,False,success
2022,United Kingdom,Space Man,Sam Ryder,San Marino,SM,0,0,False,success
2022,United Kingdom,Space Man,Sam Ryder,Ukraine,UA,0,0,False,success
2023,Albania,Duje,Albina & Familja Kelmendi,Albania,AL,0,100,True,success
2023,Albania,Duje,Albina & Familja Kelmendi,Armenia,AM,0,0,False,success
2023,Albania,Duje,Albina & Familja Kelmendi,Austria,AT,0,2,False,success
2023,Albania,Duje,Albina & Familja Kelmendi,Australia,AU,0,1,False,success
2023,Albania,Duje,Albina & Familja Kelmendi,Azerbaijan,AZ,0,0,False,success
2023,Albania,Duje,Albina & Familja Kelmendi,Belgium,BE,0,2,False,success
2023,Albania,Duje,Albina & Familja Kelmendi,Bulgaria,BG,0,0,False,success
2023,Albania,Duje,Albina & Familja Kelmendi,Belarus,BY,0,0,False,success
2023,Albania,Duje,Albina & Familja Kelmendi,Switzerland,CH,0,6,False,success
2023,Albania,Duje,Albina & Familja Kelmendi,Cyprus,CY,0,0,False,success
2023,Albania,Duje,Albina & Familja Kelmendi,Czechia,CZ,0,0,False,success
2023,Albania,Duje,Albina & Familja Kelmendi,Germany,DE,0,2,False,success
2023,Albania,Duje,Albina & Familja Kelmendi,Denmark,DK,0,0,False,success
2023,Albania,Duje,Albina & Familja Kelmendi,Estonia,EE,0,0,False,success
2023,Albania,Duje,Albina & Familja Kelmendi,Spain,ES,0,1,False,success
2023,Albania,Duje,Albina & Familja Kelmendi,Finland,FI,0,0,False,success
2023,Albania,Duje,Albina & Familja Kelmendi,France,FR,0,1,False,success
2023,Albania,Duje,Albina & Familja Kelmendi,United Kingdom,GB,0,1,False,success
2023,Albania,Duje,Albina & Familja Kelmendi,Georgia,GE,0,0,False,success
2023,Albania,Duje,Albina & Familja Kelmendi,Greece,GR,0,5,False,success
2023,Albania,Duje,Albina & Familja Kelmendi,Croatia,HR,0,24,False,success
2023,Albania,Duje,Albina & Familja Kelmendi,Hungary,HU,0,0,False,success
2023,Albania,Duje,Albina & Familja Kelmendi,Ireland,IE,0,0,False,success
2023,Albania,Duje,Albina & Familja Kelmendi,Israel,IL,0,0,False,success
2023,Albania,Duje,Albina & Familja Kelmendi,Iceland,IS,0,0,False,success
2023,Albania,Duje,Albina & Familja Kelmendi,Italy,IT,0,7,False,success
2023,Albania,Duje,Albina & Familja Kelmendi,Lithuania,LT,0,0,False,success
2023,Albania,Duje,Albina & Familja Kelmendi,Luxembourg,LU,0,0,False,success
2023,Albania,Duje,Albina & Familja Kelmendi,Latvia,LV,0,0,False,success
2023,Albania,Duje,Albina & Familja Kelmendi,Moldova,MD,0,0,False,success
2023,Albania,Duje,Albina & Familja Kelmendi,Montenegro,ME,0,10,False,success
2023,Albania,Duje,Albina & Familja Kelmendi,North Macedonia,MK,0,24,False,success
2023,Albania,Duje,Albina & Familja Kelmendi,Malta,MT,0,0,False,success
2023,Albania,Duje,Albina & Familja Kelmendi,Netherlands,NL,0,1,False,success
2023,Albania,Duje,Albina & Familja Kelmendi,Norway,NO,0,0,False,success
2023,Albania,Duje,Albina & Familja Kelmendi,Poland,PL,0,1,False,success
2023,Albania,Duje,Albina & Familja Kelmendi,Portugal,PT,0,0,False,success
2023,Albania,Duje,Albina & Familja Kelmendi,Romania,RO,0,0,False,success
2023,Albania,Duje,Albina & Familja Kelmendi,Serbia,RS,0,2,False,success
2023,Albania,Duje,Albina & Familja Kelmendi,Russia,RU,0,0,False,success
2023,Albania,Duje,Albina & Familja Kelmendi,Sweden,SE,0,2,False,success
2023,Albania,Duje,Albina & Familja Kelmendi,Slovenia,SI,0,0,False,success
2023,Albania,Duje,Albina & Familja Kelmendi,San Marino,SM,0,0,False,success
2023,Albania,Duje,Albina & Familja Kelmendi,Ukraine,UA,0,0,False,success
2023,Armenia,Future Lover,Brunette,Albania,AL,0,0,False,success
2023,Armenia,Future Lover,Brunette,Armenia,AM,100,100,True,success
2023,Armenia,Future Lover,Brunette,Austria,AT,1,0,False,success
2023,Armenia,Future Lover,Brunette,Australia,AU,0,0,False,success
2023,Armenia,Future Lover,Brunette,Azerbaijan,AZ,0,1,False,success
2023,Armenia,Future Lover,Brunette,Belgium,BE,1,0,False,success
2023,Armenia,Future Lover,Brunette,Bulgaria,BG,0,0,False,success
2023,Armenia,Future Lover,Brunette,Belarus,BY,0,0,False,success
2023,Armenia,Future Lover,Brunette,Switzerland,CH,0,0,False,success
2023,Armenia,Future Lover,Brunette,Cyprus,CY,0,0,False,success
2023,Armenia,Future Lover,Brunette,Czechia,CZ,0,0,False,success
2023,Armenia,Future Lover,Brunette,Germany,DE,0,0,False,success
2023,Armenia,Future Lover,Brunette,Denmark,DK,0,0,False,success
2023,Armenia,Future Lover,Brunette,Estonia,EE,0,0,False,success
2023,Armenia,Future Lover,Brunette,Spain,ES,1,1,False,success
2023,Armenia,Future Lover,Brunette,Finland,FI,3,0,False,success
2023,Armenia,Future Lover,Brunette,France,FR,0,0,False,success
2023,Armenia,Future Lover,Brunette,United Kingdom,GB,0,0,False,success
2023,Armenia,Future Lover,Brunette,Georgia,GE,0,2,False,success
2023,Armenia,Future Lover,Brunette,Greece,GR,0,2,False,success
2023,Armenia,Future Lover,Brunette,Croatia,HR,0,1,False,success
2023,Armenia,Future Lover,Brunette,Hungary,HU,2,0,False,success
2023,Armenia,Future Lover,Brunette,Ireland,IE,0,0,False,success
2023,Armenia,Future Lover,Brunette,Israel,IL,0,1,False,success
2023,Armenia,Future Lover,Brunette,Iceland,IS,0,0,False,success
2023,Armenia,Future Lover,Brunette,Italy,IT,0,0,False,success
2023,Armenia,Future Lover,Brunette,Lithuania,LT,0,0,False,success
2023,Armenia,Future Lover,Brunette,Luxembourg,LU,0,0,False,success
2023,Armenia,Future Lover,Brunette,Latvia,LV,0,0,False,success
2023,Armenia,Future Lover,Brunette,Moldova,MD,0,0,False,success
2023,Armenia,Future Lover,Brunette,Montenegro,ME,0,0,False,success
2023,Armenia,Future Lover,Brunette,North Macedonia,MK,0,0,False,success
2023,Armenia,Future Lover,Brunette,Malta,MT,0,0,False,success
2023,Armenia,Future Lover,Brunette,Netherlands,NL,1,1,False,success
2023,Armenia,Future Lover,Brunette,Norway,NO,0,0,False,success
2023,Armenia,Future Lover,Brunette,Poland,PL,1,1,False,success
2023,Armenia,Future Lover,Brunette,Portugal,PT,0,0,False,success
2023,Armenia,Future Lover,Brunette,Romania,RO,0,0,False,success
2023,Armenia,Future Lover,Brunette,Serbia,RS,0,1,False,success
2023,Armenia,Future Lover,Brunette,Russia,RU,1,0,False,success
2023,Armenia,Future Lover,Brunette,Sweden,SE,1,1,False,success
2023,Armenia,Future Lover,Brunette,Slovenia,SI,0,0,False,success
2023,Armenia,Future Lover,Brunette,San Marino,SM,0,0,False,success
2023,Armenia,Future Lover,Brunette,Ukraine,UA,0,0,False,success
2023,Australia,Promise,Voyager,Albania,AL,0,4,False,success
2023,Australia,Promise,Voyager,Armenia,AM,0,2,False,success
2023,Australia,Promise,Voyager,Austria,AT,0,4,False,success
2023,Australia,Promise,Voyager,Australia,AU,100,7,True,success
2023,Australia,Promise,Voyager,Azerbaijan,AZ,0,1,False,success
2023,Australia,Promise,Voyager,Belgium,BE,0,5,False,success
2023,Australia,Promise,Voyager,Bulgaria,BG,0,3,False,success
2023,Australia,Promise,Voyager,Belarus,BY,0,1,False,success
2023,Australia,Promise,Voyager,Switzerland,CH,0,4,False,success
2023,Australia,Promise,Voyager,Cyprus,CY,0,4,False,success
2023,Australia,Promise,Voyager,Czechia,CZ,0,3,False,success
2023,Australia,Promise,Voyager,Germany,DE,11,4,False,success
2023,Australia,Promise,Voyager,Denmark,DK,0,5,False,success
2023,Australia,Promise,Voyager,Estonia,EE,0,3,False,success
2023,Australia,Promise,Voyager,Spain,ES,12,4,False,success
2023,Australia,Promise,Voyager,Finland,FI,0,6,False,success
2023,Australia,Promise,Voyager,France,FR,0,4,False,success
2023,Australia,Promise,Voyager,United Kingdom,GB,16,7,False,success
2023,Australia,Promise,Voyager,Georgia,GE,0,2,False,success
2023,Australia,Promise,Voyager,Greece,GR,0,5,False,success
2023,Australia,Promise,Voyager,Croatia,HR,0,3,False,success
2023,Australia,Promise,Voyager,Hungary,HU,0,4,False,success
2023,Australia,Promise,Voyager,Ireland,IE,0,9,False,success
2023,Australia,Promise,Voyager,Israel,IL,0,3,False,success
2023,Australia,Promise,Voyager,Iceland,IS,0,0,False,success
2023,Australia,Promise,Voyager,Italy,IT,11,4,False,success
2023,Australia,Promise,Voyager,Lithuania,LT,0,4,False,success
2023,Australia,Promise,Voyager,Luxembourg,LU,0,4,False,success
2023,Australia,Promise,Voyager,Latvia,LV,0,0,False,success
2023,Australia,Promise,Voyager,Moldova,MD,0,1,False,success
2023,Australia,Promise,Voyager,Montenegro,ME,0,0,False,success
2023,Australia,Promise,Voyager,North Macedonia,MK,0,2,False,success
2023,Australia,Promise,Voyager,Malta,MT,0,0,False,success
2023,Australia,Promise,Voyager,Netherlands,NL,30,5,False,success
2023,Australia,Promise,Voyager,Norway,NO,0,3,False,success
2023,Australia,Promise,Voyager,Poland,PL,19,3,False,success
2023,Australia,Promise,Voyager,Portugal,PT,0,4,False,success
2023,Australia,Promise,Voyager,Romania,RO,0,3,False,success
2023,Australia,Promise,Voyager,Serbia,RS,0,2,False,success
2023,Australia,Promise,Voyager,Russia,RU,0,1,False,success
2023,Australia,Promise,Voyager,Sweden,SE,0,4,False,success
2023,Australia,Promise,Voyager,Slovenia,SI,0,4,False,success
2023,Australia,Promise,Voyager,San Marino,SM,0,0,False,success
2023,Australia,Promise,Voyager,Ukraine,UA,0,1,False,success
2023,Austria,Who the Hell Is Edgar?,Teya and Salena,Albania,AL,0,0,False,success
2023,Austria,Who the Hell Is Edgar?,Teya and Salena,Armenia,AM,0,0,False,success
2023,Austria,Who the Hell Is Edgar?,Teya and Salena,Austria,AT,0,0,True,success
2023,Austria,Who the Hell Is Edgar?,Teya and Salena,Australia,AU,0,0,False,success
2023,Austria,Who the Hell Is Edgar?,Teya and Salena,Azerbaijan,AZ,0,0,False,success
2023,Austria,Who the Hell Is Edgar?,Teya and Salena,Belgium,BE,0,0,False,success
2023,Austria,Who the Hell Is Edgar?,Teya and Salena,Bulgaria,BG,0,0,False,success
2023,Austria,Who the Hell Is Edgar?,Teya and Salena,Belarus,BY,0,0,False,success
2023,Austria,Who the Hell Is Edgar?,Teya and Salena,Switzerland,CH,0,0,False,success
2023,Austria,Who the Hell Is Edgar?,Teya and Salena,Cyprus,CY,0,0,False,success
2023,Austria,Who the Hell Is Edgar?,Teya and Salena,Czechia,CZ,0,0,False,success
2023,Austria,Who the Hell Is Edgar?,Teya and Salena,Germany,DE,0,0,False,success
2023,Austria,Who the Hell Is Edgar?,Teya and Salena,Denmark,DK,0,0,False,success
2023,Austria,Who the Hell Is Edgar?,Teya and Salena,Estonia,EE,0,0,False,success
2023,Austria,Who the Hell Is Edgar?,Teya and Salena,Spain,ES,0,0,False,success
2023,Austria,Who the Hell Is Edgar?,Teya and Salena,Finland,FI,0,0,False,success
2023,Austria,Who the Hell Is Edgar?,Teya and Salena,France,FR,0,0,False,success
2023,Austria,Who the Hell Is Edgar?,Teya and Salena,United Kingdom,GB,0,0,False,success
2023,Austria,Who the Hell Is Edgar?,Teya and Salena,Georgia,GE,0,0,False,success
2023,Austria,Who the Hell Is Edgar?,Teya and Salena,Greece,GR,0,0,False,success
2023,Austria,Who the Hell Is Edgar?,Teya and Salena,Croatia,HR,0,0,False,success
2023,Austria,Who the Hell Is Edgar?,Teya and Salena,Hungary,HU,0,0,False,success
2023,Austria,Who the Hell Is Edgar?,Teya and Salena,Ireland,IE,0,0,False,success
2023,Austria,Who the Hell Is Edgar?,Teya and Salena,Israel,IL,0,0,False,success
2023,Austria,Who the Hell Is Edgar?,Teya and Salena,Iceland,IS,0,0,False,success
2023,Austria,Who the Hell Is Edgar?,Teya and Salena,Italy,IT,0,0,False,success
2023,Austria,Who the Hell Is Edgar?,Teya and Salena,Lithuania,LT,0,0,False,success
2023,Austria,Who the Hell Is Edgar?,Teya and Salena,Luxembourg,LU,0,0,False,success
2023,Austria,Who the Hell Is Edgar?,Teya and Salena,Latvia,LV,0,0,False,success
2023,Austria,Who the Hell Is Edgar?,Teya and Salena,Moldova,MD,0,0,False,success
2023,Austria,Who the Hell Is Edgar?,Teya and Salena,Montenegro,ME,0,0,False,success
2023,Austria,Who the Hell Is Edgar?,Teya and Salena,North Macedonia,MK,0,0,False,success
2023,Austria,Who the Hell Is Edgar?,Teya and Salena,Malta,MT,0,0,False,success
2023,Austria,Who the Hell Is Edgar?,Teya and Salena,Netherlands,NL,0,0,False,success
2023,Austria,Who the Hell Is Edgar?,Teya and Salena,Norway,NO,0,0,False,success
2023,Austria,Who the Hell Is Edgar?,Teya and Salena,Poland,PL,0,0,False,success
2023,Austria,Who the Hell Is Edgar?,Teya and Salena,Portugal,PT,0,0,False,success
2023,Austria,Who the Hell Is Edgar?,Teya and Salena,Romania,RO,0,0,False,success
2023,Austria,Who the Hell Is Edgar?,Teya and Salena,Serbia,RS,0,0,False,success
2023,Austria,Who the Hell Is Edgar?,Teya and Salena,Russia,RU,0,0,False,success
2023,Austria,Who the Hell Is Edgar?,Teya and Salena,Sweden,SE,0,0,False,success
2023,Austria,Who the Hell Is Edgar?,Teya and Salena,Slovenia,SI,0,0,False,success
2023,Austria,Who the Hell Is Edgar?,Teya and Salena,San Marino,SM,0,0,False,success
2023,Austria,Who the Hell Is Edgar?,Teya and Salena,Ukraine,UA,0,0,False,success
2023,Belgium,Because of You,Gustaph,Albania,AL,0,0,False,success
2023,Belgium,Because of You,Gustaph,Armenia,AM,0,0,False,success
2023,Belgium,Because of You,Gustaph,Austria,AT,0,5,False,success
2023,Belgium,Because of You,Gustaph,Australia,AU,0,7,False,success
2023,Belgium,Because of You,Gustaph,Azerbaijan,AZ,0,0,False,success
2023,Belgium,Because of You,Gustaph,Belgium,BE,100,100,True,success
2023,Belgium,Because of You,Gustaph,Bulgaria,BG,0,3,False,success
2023,Belgium,Because of You,Gustaph,Belarus,BY,0,0,False,success
2023,Belgium,Because of You,Gustaph,Switzerland,CH,0,4,False,success
2023,Belgium,Because of You,Gustaph,Cyprus,CY,0,0,False,success
2023,Belgium,Because of You,Gustaph,Czechia,CZ,0,4,False,success
2023,Belgium,Because of You,Gustaph,Germany,DE,0,4,False,success
2023,Belgium,Because of You,Gustaph,Denmark,DK,0,6,False,success
2023,Belgium,Because of You,Gustaph,Estonia,EE,0,0,False,success
2023,Belgium,Because of You,Gustaph,Spain,ES,0,3,False,success
2023,Belgium,Because of You,Gustaph,Finland,FI,0,5,False,success
2023,Belgium,Because of You,Gustaph,France,FR,0,4,False,success
2023,Belgium,Because of You,Gustaph,United Kingdom,GB,1,7,False,success
2023,Belgium,Because of You,Gustaph,Georgia,GE,0,6,False,success
2023,Belgium,Because of You,Gustaph,Greece,GR,0,6,False,success
2023,Belgium,Because of You,Gustaph,Croatia,HR,0,4,False,success
2023,Belgium,Because of You,Gustaph,Hungary,HU,0,6,False,success
2023,Belgium,Because of You,Gustaph,Ireland,IE,0,7,False,success
2023,Belgium,Because of You,Gustaph,Israel,IL,0,4,False,success
2023,Belgium,Because of You,Gustaph,Iceland,IS,0,0,False,success
2023,Belgium,Because of You,Gustaph,Italy,IT,0,5,False,success
2023,Belgium,Because of You,Gustaph,Lithuania,LT,0,6,False,success
2023,Belgium,Because of You,Gustaph,Luxembourg,LU,0,0,False,success
2023,Belgium,Because of You,Gustaph,Latvia,LV,0,0,False,success
2023,Belgium,Because of You,Gustaph,Moldova,MD,0,0,False,success
2023,Belgium,Because of You,Gustaph,Montenegro,ME,0,0,False,success
2023,Belgium,Because of You,Gustaph,North Macedonia,MK,0,6,False,success
2023,Belgium,Because of You,Gustaph,Malta,MT,0,0,False,success
2023,Belgium,Because of You,Gustaph,Netherlands,NL,7,6,False,success
2023,Belgium,Because of You,Gustaph,Norway,NO,0,2,False,success
2023,Belgium,Because of You,Gustaph,Poland,PL,2,4,False,success
2023,Belgium,Because of You,Gustaph,Portugal,PT,0,8,False,success
2023,Belgium,Because of You,Gustaph,Romania,RO,0,4,False,success
2023,Belgium,Because of You,Gustaph,Serbia,RS,0,4,False,success
2023,Belgium,Because of You,Gustaph,Russia,RU,0,1,False,success
2023,Belgium,Because of You,Gustaph,Sweden,SE,0,4,False,success
2023,Belgium,Because of You,Gustaph,Slovenia,SI,0,6,False,success
2023,Belgium,Because of You,Gustaph,San Marino,SM,0,0,False,success
2023,Belgium,Because of You,Gustaph,Ukraine,UA,0,1,False,success
2023,Croatia,Mama ŠČ!,Let 3,Albania,AL,0,0,False,success
2023,Croatia,Mama ŠČ!,Let 3,Armenia,AM,0,0,False,success
2023,Croatia,Mama ŠČ!,Let 3,Austria,AT,0,1,False,success
2023,Croatia,Mama ŠČ!,Let 3,Australia,AU,0,0,False,success
2023,Croatia,Mama ŠČ!,Let 3,Azerbaijan,AZ,0,0,False,success
2023,Croatia,Mama ŠČ!,Let 3,Belgium,BE,0,0,False,success
2023,Croatia,Mama ŠČ!,Let 3,Bulgaria,BG,0,0,False,success
2023,Croatia,Mama ŠČ!,Let 3,Belarus,BY,0,0,False,success
2023,Croatia,Mama ŠČ!,Let 3,Switzerland,CH,0,1,False,success
2023,Croatia,Mama ŠČ!,Let 3,Cyprus,CY,0,0,False,success
2023,Croatia,Mama ŠČ!,Let 3,Czechia,CZ,0,1,False,success
2023,Croatia,Mama ŠČ!,Let 3,Germany,DE,1,0,False,success
2023,Croatia,Mama ŠČ!,Let 3,Denmark,DK,0,0,False,success
2023,Croatia,Mama ŠČ!,Let 3,Estonia,EE,0,0,False,success
2023,Croatia,Mama ŠČ!,Let 3,Spain,ES,1,0,False,success
2023,Croatia,Mama ŠČ!,Let 3,Finland,FI,0,1,False,success
2023,Croatia,Mama ŠČ!,Let 3,France,FR,0,0,False,success
2023,Croatia,Mama ŠČ!,Let 3,United Kingdom,GB,1,0,False,success
2023,Croatia,Mama ŠČ!,Let 3,Georgia,GE,0,0,False,success
2023,Croatia,Mama ŠČ!,Let 3,Greece,GR,0,0,False,success
2023,Croatia,Mama ŠČ!,Let 3,Croatia,HR,67,100,True,success
2023,Croatia,Mama ŠČ!,Let 3,Hungary,HU,0,0,False,success
2023,Croatia,Mama ŠČ!,Let 3,Ireland,IE,0,1,False,success
2023,Croatia,Mama ŠČ!,Let 3,Israel,IL,0,0,False,success
2023,Croatia,Mama ŠČ!,Let 3,Iceland,IS,0,0,False,success
2023,Croatia,Mama ŠČ!,Let 3,Italy,IT,1,0,False,success
2023,Croatia,Mama ŠČ!,Let 3,Lithuania,LT,0,1,False,success
2023,Croatia,Mama ŠČ!,Let 3,Luxembourg,LU,0,0,False,success
2023,Croatia,Mama ŠČ!,Let 3,Latvia,LV,20,2,False,success
2023,Croatia,Mama ŠČ!,Let 3,Moldova,MD,0,0,False,success
2023,Croatia,Mama ŠČ!,Let 3,Montenegro,ME,0,2,False,success
2023,Croatia,Mama ŠČ!,Let 3,North Macedonia,MK,0,0,False,success
2023,Croatia,Mama ŠČ!,Let 3,Malta,MT,0,0,False,success
2023,Croatia,Mama ŠČ!,Let 3,Netherlands,NL,0,0,False,success
2023,Croatia,Mama ŠČ!,Let 3,Norway,NO,0,0,False,success
2023,Croatia,Mama ŠČ!,Let 3,Poland,PL,4,1,False,success
2023,Croatia,Mama ŠČ!,Let 3,Portugal,PT,0,0,False,success
2023,Croatia,Mama ŠČ!,Let 3,Romania,RO,0,0,False,success
2023,Croatia,Mama ŠČ!,Let 3,Serbia,RS,8,3,False,success
2023,Croatia,Mama ŠČ!,Let 3,Russia,RU,1,0,False,success
2023,Croatia,Mama ŠČ!,Let 3,Sweden,SE,0,1,False,success
2023,Croatia,Mama ŠČ!,Let 3,Slovenia,SI,35,18,False,success
2023,Croatia,Mama ŠČ!,Let 3,San Marino,SM,0,0,False,success
2023,Croatia,Mama ŠČ!,Let 3,Ukraine,UA,4,0,False,success
2023,Cyprus,Break a Broken Heart,Andrew Lambrou,Albania,AL,0,0,False,success
2023,Cyprus,Break a Broken Heart,Andrew Lambrou,Armenia,AM,0,0,False,success
2023,Cyprus,Break a Broken Heart,Andrew Lambrou,Austria,AT,0,0,False,success
2023,Cyprus,Break a Broken Heart,Andrew Lambrou,Australia,AU,0,0,False,success
2023,Cyprus,Break a Broken Heart,Andrew Lambrou,Azerbaijan,AZ,0,0,False,success
2023,Cyprus,Break a Broken Heart,Andrew Lambrou,Belgium,BE,0,4,False,success
2023,Cyprus,Break a Broken Heart,Andrew Lambrou,Bulgaria,BG,0,0,False,success
2023,Cyprus,Break a Broken Heart,Andrew Lambrou,Belarus,BY,0,0,False,success
2023,Cyprus,Break a Broken Heart,Andrew Lambrou,Switzerland,CH,0,0,False,success
2023,Cyprus,Break a Broken Heart,Andrew Lambrou,Cyprus,CY,0,100,True,success
2023,Cyprus,Break a Broken Heart,Andrew Lambrou,Czechia,CZ,0,0,False,success
2023,Cyprus,Break a Broken Heart,Andrew Lambrou,Germany,DE,0,1,False,success
2023,Cyprus,Break a Broken Heart,Andrew Lambrou,Denmark,DK,0,0,False,success
2023,Cyprus,Break a Broken Heart,Andrew Lambrou,Estonia,EE,0,0,False,success
2023,Cyprus,Break a Broken Heart,Andrew Lambrou,Spain,ES,0,2,False,success
2023,Cyprus,Break a Broken Heart,Andrew Lambrou,Finland,FI,0,0,False,success
2023,Cyprus,Break a Broken Heart,Andrew Lambrou,France,FR,0,1,False,success
2023,Cyprus,Break a Broken Heart,Andrew Lambrou,United Kingdom,GB,0,2,False,success
2023,Cyprus,Break a Broken Heart,Andrew Lambrou,Georgia,GE,0,0,False,success
2023,Cyprus,Break a Broken Heart,Andrew Lambrou,Greece,GR,0,29,False,success
2023,Cyprus,Break a Broken Heart,Andrew Lambrou,Croatia,HR,0,0,False,success
2023,Cyprus,Break a Broken Heart,Andrew Lambrou,Hungary,HU,0,0,False,success
2023,Cyprus,Break a Broken Heart,Andrew Lambrou,Ireland,IE,0,5,False,success
2023,Cyprus,Break a Broken Heart,Andrew Lambrou,Israel,IL,0,0,False,success
2023,Cyprus,Break a Broken Heart,Andrew Lambrou,Iceland,IS,0,0,False,success
2023,Cyprus,Break a Broken Heart,Andrew Lambrou,Italy,IT,0,2,False,success
2023,Cyprus,Break a Broken Heart,Andrew Lambrou,Lithuania,LT,0,0,False,success
2023,Cyprus,Break a Broken Heart,Andrew Lambrou,Luxembourg,LU,0,0,False,success
2023,Cyprus,Break a Broken Heart,Andrew Lambrou,Latvia,LV,0,0,False,success
2023,Cyprus,Break a Broken Heart,Andrew Lambrou,Moldova,MD,0,0,False,success
2023,Cyprus,Break a Broken Heart,Andrew Lambrou,Montenegro,ME,0,0,False,success
2023,Cyprus,Break a Broken Heart,Andrew Lambrou,North Macedonia,MK,0,0,False,success
2023,Cyprus,Break a Broken Heart,Andrew Lambrou,Malta,MT,0,0,False,success
2023,Cyprus,Break a Broken Heart,Andrew Lambrou,Netherlands,NL,0,2,False,success
2023,Cyprus,Break a Broken Heart,Andrew Lambrou,Norway,NO,0,0,False,success
2023,Cyprus,Break a Broken Heart,Andrew Lambrou,Poland,PL,0,4,False,success
2023,Cyprus,Break a Broken Heart,Andrew Lambrou,Portugal,PT,0,0,False,success
2023,Cyprus,Break a Broken Heart,Andrew Lambrou,Romania,RO,0,0,False,success
2023,Cyprus,Break a Broken Heart,Andrew Lambrou,Serbia,RS,0,0,False,success
2023,Cyprus,Break a Broken Heart,Andrew Lambrou,Russia,RU,0,0,False,success
2023,Cyprus,Break a Broken Heart,Andrew Lambrou,Sweden,SE,0,4,False,success
2023,Cyprus,Break a Broken Heart,Andrew Lambrou,Slovenia,SI,0,0,False,success
2023,Cyprus,Break a Broken Heart,Andrew Lambrou,San Marino,SM,0,0,False,success
2023,Cyprus,Break a Broken Heart,Andrew Lambrou,Ukraine,UA,0,0,False,success
2023,Czechia,My Sister's Crown,Vesna,Albania,AL,0,0,False,success
2023,Czechia,My Sister's Crown,Vesna,Armenia,AM,0,0,False,success
2023,Czechia,My Sister's Crown,Vesna,Austria,AT,0,6,False,success
2023,Czechia,My Sister's Crown,Vesna,Australia,AU,0,1,False,success
2023,Czechia,My Sister's Crown,Vesna,Azerbaijan,AZ,0,0,False,success
2023,Czechia,My Sister's Crown,Vesna,Belgium,BE,0,4,False,success
2023,Czechia,My Sister's Crown,Vesna,Bulgaria,BG,36,6,False,success
2023,Czechia,My Sister's Crown,Vesna,Belarus,BY,0,4,False,success
2023,Czechia,My Sister's Crown,Vesna,Switzerland,CH,0,0,False,success
2023,Czechia,My Sister's Crown,Vesna,Cyprus,CY,0,0,False,success
2023,Czechia,My Sister's Crown,Vesna,Czechia,CZ,100,100,True,success
2023,Czechia,My Sister's Crown,Vesna,Germany,DE,3,3,False,success
2023,Czechia,My Sister's Crown,Vesna,Denmark,DK,0,0,False,success
2023,Czechia,My Sister's Crown,Vesna,Estonia,EE,0,0,False,success
2023,Czechia,My Sister's Crown,Vesna,Spain,ES,0,3,False,success
2023,Czechia,My Sister's Crown,Vesna,Finland,FI,0,26,False,success
2023,Czechia,My Sister's Crown,Vesna,France,FR,0,1,False,success
2023,Czechia,My Sister's Crown,Vesna,United Kingdom,GB,2,1,False,success
2023,Czechia,My Sister's Crown,Vesna,Georgia,GE,0,0,False,success
2023,Czechia,My Sister's Crown,Vesna,Greece,GR,0,7,False,success
2023,Czechia,My Sister's Crown,Vesna,Croatia,HR,0,10,False,success
2023,Czechia,My Sister's Crown,Vesna,Hungary,HU,0,0,False,success
2023,Czechia,My Sister's Crown,Vesna,Ireland,IE,0,0,False,success
2023,Czechia,My Sister's Crown,Vesna,Israel,IL,0,5,False,success
2023,Czechia,My Sister's Crown,Vesna,Iceland,IS,0,0,False,success
2023,Czechia,My Sister's Crown,Vesna,Italy,IT,3,5,False,success
2023,Czechia,My Sister's Crown,Vesna,Lithuania,LT,0,0,False,success
2023,Czechia,My Sister's Crown,Vesna,Luxembourg,LU,0,0,False,success
2023,Czechia,My Sister's Crown,Vesna,Latvia,LV,0,0,False,success
2023,Czechia,My Sister's Crown,Vesna,Moldova,MD,0,0,False,success
2023,Czechia,My Sister's Crown,Vesna,Montenegro,ME,0,0,False,success
2023,Czechia,My Sister's Crown,Vesna,North Macedonia,MK,0,0,False,success
2023,Czechia,My Sister's Crown,Vesna,Malta,MT,0,0,False,success
2023,Czechia,My Sister's Crown,Vesna,Netherlands,NL,0,4,False,success
2023,Czechia,My Sister's Crown,Vesna,Norway,NO,0,8,False,success
2023,Czechia,My Sister's Crown,Vesna,Poland,PL,11,5,False,success
2023,Czechia,My Sister's Crown,Vesna,Portugal,PT,0,4,False,success
2023,Czechia,My Sister's Crown,Vesna,Romania,RO,0,0,False,success
2023,Czechia,My Sister's Crown,Vesna,Serbia,RS,0,4,False,success
2023,Czechia,My Sister's Crown,Vesna,Russia,RU,8,1,False,success
2023,Czechia,My Sister's Crown,Vesna,Sweden,SE,0,5,False,success
2023,Czechia,My Sister's Crown,Vesna,Slovenia,SI,0,0,False,success
2023,Czechia,My Sister's Crown,Vesna,San Marino,SM,0,0,False,success
2023,Czechia,My Sister's Crown,Vesna,Ukraine,UA,31,6,False,success
2023,Estonia,Bridges,Alika,Albania,AL,0,3,False,success
2023,Estonia,Bridges,Alika,Armenia,AM,0,0,False,success
2023,Estonia,Bridges,Alika,Austria,AT,0,4,False,success
2023,Estonia,Bridges,Alika,Australia,AU,0,11,False,success
2023,Estonia,Bridges,Alika,Azerbaijan,AZ,0,1,False,success
2023,Estonia,Bridges,Alika,Belgium,BE,0,6,False,success
2023,Estonia,Bridges,Alika,Bulgaria,BG,0,3,False,success
2023,Estonia,Bridges,Alika,Belarus,BY,0,0,False,success
2023,Estonia,Bridges,Alika,Switzerland,CH,0,5,False,success
2023,Estonia,Bridges,Alika,Cyprus,CY,0,0,False,success
2023,Estonia,Bridges,Alika,Czechia,CZ,0,3,False,success
2023,Estonia,Bridges,Alika,Germany,DE,0,3,False,success
2023,Estonia,Bridges,Alika,Denmark,DK,0,6,False,success
2023,Estonia,Bridges,Alika,Estonia,EE,100,100,True,success
2023,Estonia,Bridges,Alika,Spain,ES,1,3,False,success
2023,Estonia,Bridges,Alika,Finland,FI,7,6,False,success
2023,Estonia,Bridges,Alika,France,FR,0,2,False,success
2023,Estonia,Bridges,Alika,United Kingdom,GB,1,16,False,success
2023,Estonia,Bridges,Alika,Georgia,GE,0,20,False,success
2023,Estonia,Bridges,Alika,Greece,GR,0,4,False,success
2023,Estonia,Bridges,Alika,Croatia,HR,0,5,False,success
2023,Estonia,Bridges,Alika,Hungary,HU,0,3,False,success
2023,Estonia,Bridges,Alika,Ireland,IE,0,18,False,success
2023,Estonia,Bridges,Alika,Israel,IL,0,2,False,success
2023,Estonia,Bridges,Alika,Iceland,IS,0,0,False,success
2023,Estonia,Bridges,Alika,Italy,IT,1,2,False,success
2023,Estonia,Bridges,Alika,Lithuania,LT,0,4,False,success
2023,Estonia,Bridges,Alika,Luxembourg,LU,0,0,False,success
2023,Estonia,Bridges,Alika,Latvia,LV,0,0,False,success
2023,Estonia,Bridges,Alika,Moldova,MD,0,0,False,success
2023,Estonia,Bridges,Alika,Montenegro,ME,0,0,False,success
2023,Estonia,Bridges,Alika,North Macedonia,MK,0,4,False,success
2023,Estonia,Bridges,Alika,Malta,MT,0,0,False,success
2023,Estonia,Bridges,Alika,Netherlands,NL,4,5,False,success
2023,Estonia,Bridges,Alika,Norway,NO,0,6,False,success
2023,Estonia,Bridges,Alika,Poland,PL,2,2,False,success
2023,Estonia,Bridges,Alika,Portugal,PT,0,5,False,success
2023,Estonia,Bridges,Alika,Romania,RO,0,2,False,success
2023,Estonia,Bridges,Alika,Serbia,RS,0,4,False,success
2023,Estonia,Bridges,Alika,Russia,RU,0,0,False,success
2023,Estonia,Bridges,Alika,Sweden,SE,0,5,False,success
2023,Estonia,Bridges,Alika,Slovenia,SI,0,6,False,success
2023,Estonia,Bridges,Alika,San Marino,SM,0,0,False,success
2023,Estonia,Bridges,Alika,Ukraine,UA,0,1,False,success
2023,Finland,Cha Cha Cha,Käärijä,Albania,AL,0,2,False,success
2023,Finland,Cha Cha Cha,Käärijä,Armenia,AM,0,2,False,success
2023,Finland,Cha Cha Cha,Käärijä,Austria,AT,1,2,False,success
2023,Finland,Cha Cha Cha,Käärijä,Australia,AU,0,4,False,success
2023,Finland,Cha Cha Cha,Käärijä,Azerbaijan,AZ,0,1,False,success
2023,Finland,Cha Cha Cha,Käärijä,Belgium,BE,0,3,False,success
2023,Finland,Cha Cha Cha,Käärijä,Bulgaria,BG,0,2,False,success
2023,Finland,Cha Cha Cha,Käärijä,Belarus,BY,1,1,False,success
2023,Finland,Cha Cha Cha,Käärijä,Switzerland,CH,1,2,False,success
2023,Finland,Cha Cha Cha,Käärijä,Cyprus,CY,0,3,False,success
2023,Finland,Cha Cha Cha,Käärijä,Czechia,CZ,1,3,False,success
2023,Finland,Cha Cha Cha,Käärijä,Germany,DE,1,2,False,success
2023,Finland,Cha Cha Cha,Käärijä,Denmark,DK,1,4,False,success
2023,Finland,Cha Cha Cha,Käärijä,Estonia,EE,8,8,False,success
2023,Finland,Cha Cha Cha,Käärijä,Spain,ES,0,2,False,success
2023,Finland,Cha Cha Cha,Käärijä,Finland,FI,58,100,True,success
2023,Finland,Cha Cha Cha,Käärijä,France,FR,0,2,False,success
2023,Finland,Cha Cha Cha,Käärijä,United Kingdom,GB,0,3,False,success
2023,Finland,Cha Cha Cha,Käärijä,Georgia,GE,0,3,False,success
2023,Finland,Cha Cha Cha,Käärijä,Greece,GR,0,3,False,success
2023,Finland,Cha Cha Cha,Käärijä,Croatia,HR,2,6,False,success
2023,Finland,Cha Cha Cha,Käärijä,Hungary,HU,0,3,False,success
2023,Finland,Cha Cha Cha,Käärijä,Ireland,IE,1,3,False,success
2023,Finland,Cha Cha Cha,Käärijä,Israel,IL,0,4,False,success
2023,Finland,Cha Cha Cha,Käärijä,Iceland,IS,0,15,False,success
2023,Finland,Cha Cha Cha,Käärijä,Italy,IT,0,4,False,success
2023,Finland,Cha Cha Cha,Käärijä,Lithuania,LT,3,8,False,success
2023,Finland,Cha Cha Cha,Käärijä,Luxembourg,LU,0,2,False,success
2023,Finland,Cha Cha Cha,Käärijä,Latvia,LV,0,3,False,success
2023,Finland,Cha Cha Cha,Käärijä,Moldova,MD,0,2,False,success
2023,Finland,Cha Cha Cha,Käärijä,Montenegro,ME,0,2,False,success
2023,Finland,Cha Cha Cha,Käärijä,North Macedonia,MK,0,2,False,success
2023,Finland,Cha Cha Cha,Käärijä,Malta,MT,0,7,False,success
2023,Finland,Cha Cha Cha,Käärijä,Netherlands,NL,0,3,False,success
2023,Finland,Cha Cha Cha,Käärijä,Norway,NO,2,6,False,success
2023,Finland,Cha Cha Cha,Käärijä,Poland,PL,1,3,False,success
2023,Finland,Cha Cha Cha,Käärijä,Portugal,PT,0,4,False,success
2023,Finland,Cha Cha Cha,Käärijä,Romania,RO,0,2,False,success
2023,Finland,Cha Cha Cha,Käärijä,Serbia,RS,0,3,False,success
2023,Finland,Cha Cha Cha,Käärijä,Russia,RU,0,0,False,success
2023,Finland,Cha Cha Cha,Käärijä,Sweden,SE,4,6,False,success
2023,Finland,Cha Cha Cha,Käärijä,Slovenia,SI,3,7,False,success
2023,Finland,Cha Cha Cha,Käärijä,San Marino,SM,0,0,False,success
2023,Finland,Cha Cha Cha,Käärijä,Ukraine,UA,1,1,False,success
2023,France,Évidemment,La Zarra,Albania,AL,0,0,False,success
2023,France,Évidemment,La Zarra,Armenia,AM,0,0,False,success
2023,France,Évidemment,La Zarra,Austria,AT,0,0,False,success
2023,France,Évidemment,La Zarra,Australia,AU,0,0,False,success
2023,France,Évidemment,La Zarra,Azerbaijan,AZ,0,0,False,success
2023,France,Évidemment,La Zarra,Belgium,BE,1,49,False,success
2023,France,Évidemment,La Zarra,Bulgaria,BG,0,0,False,success
2023,France,Évidemment,La Zarra,Belarus,BY,0,0,False,success
2023,France,Évidemment,La Zarra,Switzerland,CH,0,25,False,success
2023,France,Évidemment,La Zarra,Cyprus,CY,0,0,False,success
2023,France,Évidemment,La Zarra,Czechia,CZ,0,0,False,success
2023,France,Évidemment,La Zarra,Germany,DE,0,0,False,success
2023,France,Évidemment,La Zarra,Denmark,DK,0,0,False,success
2023,France,Évidemment,La Zarra,Estonia,EE,0,0,False,success
2023,France,Évidemment,La Zarra,Spain,ES,0,10,False,success
2023,France,Évidemment,La Zarra,Finland,FI,0,0,False,success
2023,France,Évidemment,La Zarra,France,FR,3,100,True,success
2023,France,Évidemment,La Zarra,United Kingdom,GB,0,0,False,success
2023,France,Évidemment,La Zarra,Georgia,GE,0,0,False,success
2023,France,Évidemment,La Zarra,Greece,GR,0,0,False,success
2023,France,Évidemment,La Zarra,Croatia,HR,0,0,False,success
2023,France,Évidemment,La Zarra,Hungary,HU,0,0,False,success
2023,France,Évidemment,La Zarra,Ireland,IE,0,0,False,success
2023,France,Évidemment,La Zarra,Israel,IL,0,0,False,success
2023,France,Évidemment,La Zarra,Iceland,IS,0,0,False,success
2023,France,Évidemment,La Zarra,Italy,IT,0,7,False,success
2023,France,Évidemment,La Zarra,Lithuania,LT,0,0,False,success
2023,France,Évidemment,La Zarra,Luxembourg,LU,0,0,False,success
2023,France,Évidemment,La Zarra,Latvia,LV,0,0,False,success
2023,France,Évidemment,La Zarra,Moldova,MD,0,0,False,success
2023,France,Évidemment,La Zarra,Montenegro,ME,0,0,False,success
2023,France,Évidemment,La Zarra,North Macedonia,MK,0,0,False,success
2023,France,Évidemment,La Zarra,Malta,MT,0,0,False,success
2023,France,Évidemment,La Zarra,Netherlands,NL,0,7,False,success
2023,France,Évidemment,La Zarra,Norway,NO,0,0,False,success
2023,France,Évidemment,La Zarra,Poland,PL,0,0,False,success
2023,France,Évidemment,La Zarra,Portugal,PT,1,16,False,success
2023,France,Évidemment,La Zarra,Romania,RO,0,0,False,success
2023,France,Évidemment,La Zarra,Serbia,RS,0,0,False,success
2023,France,Évidemment,La Zarra,Russia,RU,0,0,False,success
2023,France,Évidemment,La Zarra,Sweden,SE,0,0,False,success
2023,France,Évidemment,La Zarra,Slovenia,SI,0,0,False,success
2023,France,Évidemment,La Zarra,San Marino,SM,0,0,False,success
2023,France,Évidemment,La Zarra,Ukraine,UA,0,0,False,success
2023,Germany,Blood & Glitter,Lord of the Lost,Albania,AL,0,0,False,success
2023,Germany,Blood & Glitter,Lord of the Lost,Armenia,AM,0,0,False,success
2023,Germany,Blood & Glitter,Lord of the Lost,Austria,AT,0,0,False,success
2023,Germany,Blood & Glitter,Lord of the Lost,Australia,AU,0,0,False,success
2023,Germany,Blood & Glitter,Lord of the Lost,Azerbaijan,AZ,0,0,False,success
2023,Germany,Blood & Glitter,Lord of the Lost,Belgium,BE,0,0,False,success
2023,Germany,Blood & Glitter,Lord of the Lost,Bulgaria,BG,0,0,False,success
2023,Germany,Blood & Glitter,Lord of the Lost,Belarus,BY,0,0,False,success
2023,Germany,Blood & Glitter,Lord of the Lost,Switzerland,CH,0,0,False,success
2023,Germany,Blood & Glitter,Lord of the Lost,Cyprus,CY,0,0,False,success
2023,Germany,Blood & Glitter,Lord of the Lost,Czechia,CZ,0,0,False,success
2023,Germany,Blood & Glitter,Lord of the Lost,Germany,DE,1,0,True,success
2023,Germany,Blood & Glitter,Lord of the Lost,Denmark,DK,0,0,False,success
2023,Germany,Blood & Glitter,Lord of the Lost,Estonia,EE,0,0,False,success
2023,Germany,Blood & Glitter,Lord of the Lost,Spain,ES,0,0,False,success
2023,Germany,Blood & Glitter,Lord of the Lost,Finland,FI,0,0,False,success
2023,Germany,Blood & Glitter,Lord of the Lost,France,FR,0,0,False,success
2023,Germany,Blood & Glitter,Lord of the Lost,United Kingdom,GB,0,0,False,success
2023,Germany,Blood & Glitter,Lord of the Lost,Georgia,GE,0,0,False,success
2023,Germany,Blood & Glitter,Lord of the Lost,Greece,GR,0,0,False,success
2023,Germany,Blood & Glitter,Lord of the Lost,Croatia,HR,0,0,False,success
2023,Germany,Blood & Glitter,Lord of the Lost,Hungary,HU,0,0,False,success
2023,Germany,Blood & Glitter,Lord of the Lost,Ireland,IE,0,0,False,success
2023,Germany,Blood & Glitter,Lord of the Lost,Israel,IL,0,0,False,success
2023,Germany,Blood & Glitter,Lord of the Lost,Iceland,IS,0,0,False,success
2023,Germany,Blood & Glitter,Lord of the Lost,Italy,IT,0,0,False,success
2023,Germany,Blood & Glitter,Lord of the Lost,Lithuania,LT,0,0,False,success
2023,Germany,Blood & Glitter,Lord of the Lost,Luxembourg,LU,0,0,False,success
2023,Germany,Blood & Glitter,Lord of the Lost,Latvia,LV,0,0,False,success
2023,Germany,Blood & Glitter,Lord of the Lost,Moldova,MD,0,0,False,success
2023,Germany,Blood & Glitter,Lord of the Lost,Montenegro,ME,0,0,False,success
2023,Germany,Blood & Glitter,Lord of the Lost,North Macedonia,MK,0,0,False,success
2023,Germany,Blood & Glitter,Lord of the Lost,Malta,MT,0,0,False,success
2023,Germany,Blood & Glitter,Lord of the Lost,Netherlands,NL,0,0,False,success
2023,Germany,Blood & Glitter,Lord of the Lost,Norway,NO,0,0,False,success
2023,Germany,Blood & Glitter,Lord of the Lost,Poland,PL,0,0,False,success
2023,Germany,Blood & Glitter,Lord of the Lost,Portugal,PT,0,0,False,success
2023,Germany,Blood & Glitter,Lord of the Lost,Romania,RO,0,0,False,success
2023,Germany,Blood & Glitter,Lord of the Lost,Serbia,RS,0,0,False,success
2023,Germany,Blood & Glitter,Lord of the Lost,Russia,RU,0,0,False,success
2023,Germany,Blood & Glitter,Lord of the Lost,Sweden,SE,0,0,False,success
2023,Germany,Blood & Glitter,Lord of the Lost,Slovenia,SI,0,0,False,success
2023,Germany,Blood & Glitter,Lord of the Lost,San Marino,SM,0,0,False,success
2023,Germany,Blood & Glitter,Lord of the Lost,Ukraine,UA,0,0,False,success
2023,Israel,Unicorn,Noa Kirel,Albania,AL,0,6,False,success
2023,Israel,Unicorn,Noa Kirel,Armenia,AM,0,6,False,success
2023,Israel,Unicorn,Noa Kirel,Austria,AT,0,7,False,success
2023,Israel,Unicorn,Noa Kirel,Australia,AU,0,14,False,success
2023,Israel,Unicorn,Noa Kirel,Azerbaijan,AZ,0,2,False,success
2023,Israel,Unicorn,Noa Kirel,Belgium,BE,0,8,False,success
2023,Israel,Unicorn,Noa Kirel,Bulgaria,BG,0,4,False,success
2023,Israel,Unicorn,Noa Kirel,Belarus,BY,0,1,False,success
2023,Israel,Unicorn,Noa Kirel,Switzerland,CH,0,7,False,success
2023,Israel,Unicorn,Noa Kirel,Cyprus,CY,35,13,False,success
2023,Israel,Unicorn,Noa Kirel,Czechia,CZ,0,6,False,success
2023,Israel,Unicorn,Noa Kirel,Germany,DE,1,4,False,success
2023,Israel,Unicorn,Noa Kirel,Denmark,DK,0,9,False,success
2023,Israel,Unicorn,Noa Kirel,Estonia,EE,0,10,False,success
2023,Israel,Unicorn,Noa Kirel,Spain,ES,2,7,False,success
2023,Israel,Unicorn,Noa Kirel,Finland,FI,14,17,False,success
2023,Israel,Unicorn,Noa Kirel,France,FR,0,3,False,success
2023,Israel,Unicorn,Noa Kirel,United Kingdom,GB,2,12,False,success
2023,Israel,Unicorn,Noa Kirel,Georgia,GE,0,2,False,success
2023,Israel,Unicorn,Noa Kirel,Greece,GR,5,12,False,success
2023,Israel,Unicorn,Noa Kirel,Croatia,HR,0,11,False,success
2023,Israel,Unicorn,Noa Kirel,Hungary,HU,0,7,False,success
2023,Israel,Unicorn,Noa Kirel,Ireland,IE,0,14,False,success
2023,Israel,Unicorn,Noa Kirel,Israel,IL,100,100,True,success
2023,Israel,Unicorn,Noa Kirel,Iceland,IS,0,24,False,success
2023,Israel,Unicorn,Noa Kirel,Italy,IT,2,6,False,success
2023,Israel,Unicorn,Noa Kirel,Lithuania,LT,0,13,False,success
2023,Israel,Unicorn,Noa Kirel,Luxembourg,LU,0,0,False,success
2023,Israel,Unicorn,Noa Kirel,Latvia,LV,0,8,False,success
2023,Israel,Unicorn,Noa Kirel,Moldova,MD,0,5,False,success
2023,Israel,Unicorn,Noa Kirel,Montenegro,ME,0,4,False,success
2023,Israel,Unicorn,Noa Kirel,North Macedonia,MK,0,10,False,success
2023,Israel,Unicorn,Noa Kirel,Malta,MT,0,12,False,success
2023,Israel,Unicorn,Noa Kirel,Netherlands,NL,3,9,False,success
2023,Israel,Unicorn,Noa Kirel,Norway,NO,9,10,False,success
2023,Israel,Unicorn,Noa Kirel,Poland,PL,4,6,False,success
2023,Israel,Unicorn,Noa Kirel,Portugal,PT,0,5,False,success
2023,Israel,Unicorn,Noa Kirel,Romania,RO,0,7,False,success
2023,Israel,Unicorn,Noa Kirel,Serbia,RS,0,8,False,success
2023,Israel,Unicorn,Noa Kirel,Russia,RU,1,1,False,success
2023,Israel,Unicorn,Noa Kirel,Sweden,SE,5,10,False,success
2023,Israel,Unicorn,Noa Kirel,Slovenia,SI,0,11,False,success
2023,Israel,Unicorn,Noa Kirel,San Marino,SM,0,0,False,success
2023,Israel,Unicorn,Noa Kirel,Ukraine,UA,3,2,False,success
2023,Italy,Due vite,Marco Mengoni,Albania,AL,71,8,False,success
2023,Italy,Due vite,Marco Mengoni,Armenia,AM,0,0,False,success
2023,Italy,Due vite,Marco Mengoni,Austria,AT,5,1,False,success
2023,Italy,Due vite,Marco Mengoni,Australia,AU,0,0,False,success
2023,Italy,Due vite,Marco Mengoni,Azerbaijan,AZ,0,0,False,success
2023,Italy,Due vite,Marco Mengoni,Belgium,BE,9,4,False,success
2023,Italy,Due vite,Marco Mengoni,Bulgaria,BG,0,1,False,success
2023,Italy,Due vite,Marco Mengoni,Belarus,BY,0,0,False,success
2023,Italy,Due vite,Marco Mengoni,Switzerland,CH,11,7,False,success
2023,Italy,Due vite,Marco Mengoni,Cyprus,CY,0,0,False,success
2023,Italy,Due vite,Marco Mengoni,Czechia,CZ,0,0,False,success
2023,Italy,Due vite,Marco Mengoni,Germany,DE,7,2,False,success
2023,Italy,Due vite,Marco Mengoni,Denmark,DK,0,2,False,success
2023,Italy,Due vite,Marco Mengoni,Estonia,EE,0,0,False,success
2023,Italy,Due vite,Marco Mengoni,Spain,ES,4,2,False,success
2023,Italy,Due vite,Marco Mengoni,Finland,FI,0,2,False,success
2023,Italy,Due vite,Marco Mengoni,France,FR,3,1,False,success
2023,Italy,Due vite,Marco Mengoni,United Kingdom,GB,1,0,False,success
2023,Italy,Due vite,Marco Mengoni,Georgia,GE,0,0,False,success
2023,Italy,Due vite,Marco Mengoni,Greece,GR,0,2,False,success
2023,Italy,Due vite,Marco Mengoni,Croatia,HR,14,9,False,success
2023,Italy,Due vite,Marco Mengoni,Hungary,HU,0,0,False,success
2023,Italy,Due vite,Marco Mengoni,Ireland,IE,0,0,False,success
2023,Italy,Due vite,Marco Mengoni,Israel,IL,0,1,False,success
2023,Italy,Due vite,Marco Mengoni,Iceland,IS,0,0,False,success
2023,Italy,Due vite,Marco Mengoni,Italy,IT,100,100,True,success
2023,Italy,Due vite,Marco Mengoni,Lithuania,LT,0,5,False,success
2023,Italy,Due vite,Marco Mengoni,Luxembourg,LU,0,0,False,success
2023,Italy,Due vite,Marco Mengoni,Latvia,LV,0,0,False,success
2023,Italy,Due vite,Marco Mengoni,Moldova,MD,0,0,False,success
2023,Italy,Due vite,Marco Mengoni,Montenegro,ME,0,0,False,success
2023,Italy,Due vite,Marco Mengoni,North Macedonia,MK,0,0,False,success
2023,Italy,Due vite,Marco Mengoni,Malta,MT,0,34,False,success
2023,Italy,Due vite,Marco Mengoni,Netherlands,NL,0,1,False,success
2023,Italy,Due vite,Marco Mengoni,Norway,NO,0,0,False,success
2023,Italy,Due vite,Marco Mengoni,Poland,PL,3,1,False,success
2023,Italy,Due vite,Marco Mengoni,Portugal,PT,0,1,False,success
2023,Italy,Due vite,Marco Mengoni,Romania,RO,0,2,False,success
2023,Italy,Due vite,Marco Mengoni,Serbia,RS,0,1,False,success
2023,Italy,Due vite,Marco Mengoni,Russia,RU,1,0,False,success
2023,Italy,Due vite,Marco Mengoni,Sweden,SE,0,1,False,success
2023,Italy,Due vite,Marco Mengoni,Slovenia,SI,0,7,False,success
2023,Italy,Due vite,Marco Mengoni,San Marino,SM,0,0,False,success
2023,Italy,Due vite,Marco Mengoni,Ukraine,UA,0,0,False,success
2023,Lithuania,Stay,Monika Linkytė,Albania,AL,0,7,False,success
2023,Lithuania,Stay,Monika Linkytė,Armenia,AM,0,5,False,success
2023,Lithuania,Stay,Monika Linkytė,Austria,AT,0,9,False,success
2023,Lithuania,Stay,Monika Linkytė,Australia,AU,0,14,False,success
2023,Lithuania,Stay,Monika Linkytė,Azerbaijan,AZ,0,2,False,success
2023,Lithuania,Stay,Monika Linkytė,Belgium,BE,0,10,False,success
2023,Lithuania,Stay,Monika Linkytė,Bulgaria,BG,0,7,False,success
2023,Lithuania,Stay,Monika Linkytė,Belarus,BY,0,3,False,success
2023,Lithuania,Stay,Monika Linkytė,Switzerland,CH,0,9,False,success
2023,Lithuania,Stay,Monika Linkytė,Cyprus,CY,0,7,False,success
2023,Lithuania,Stay,Monika Linkytė,Czechia,CZ,0,14,False,success
2023,Lithuania,Stay,Monika Linkytė,Germany,DE,0,8,False,success
2023,Lithuania,Stay,Monika Linkytė,Denmark,DK,0,11,False,success
2023,Lithuania,Stay,Monika Linkytė,Estonia,EE,0,11,False,success
2023,Lithuania,Stay,Monika Linkytė,Spain,ES,0,6,False,success
2023,Lithuania,Stay,Monika Linkytė,Finland,FI,0,11,False,success
2023,Lithuania,Stay,Monika Linkytė,France,FR,0,8,False,success
2023,Lithuania,Stay,Monika Linkytė,United Kingdom,GB,0,15,False,success
2023,Lithuania,Stay,Monika Linkytė,Georgia,GE,0,7,False,success
2023,Lithuania,Stay,Monika Linkytė,Greece,GR,0,9,False,success
2023,Lithuania,Stay,Monika Linkytė,Croatia,HR,0,9,False,success
2023,Lithuania,Stay,Monika Linkytė,Hungary,HU,0,10,False,success
2023,Lithuania,Stay,Monika Linkytė,Ireland,IE,0,16,False,success
2023,Lithuania,Stay,Monika Linkytė,Israel,IL,0,6,False,success
2023,Lithuania,Stay,Monika Linkytė,Iceland,IS,0,14,False,success
2023,Lithuania,Stay,Monika Linkytė,Italy,IT,0,9,False,success
2023,Lithuania,Stay,Monika Linkytė,Lithuania,LT,0,15,True,success
2023,Lithuania,Stay,Monika Linkytė,Luxembourg,LU,0,7,False,success
2023,Lithuania,Stay,Monika Linkytė,Latvia,LV,0,8,False,success
2023,Lithuania,Stay,Monika Linkytė,Moldova,MD,0,4,False,success
2023,Lithuania,Stay,Monika Linkytė,Montenegro,ME,0,4,False,success
2023,Lithuania,Stay,Monika Linkytė,North Macedonia,MK,0,7,False,success
2023,Lithuania,Stay,Monika Linkytė,Malta,MT,0,15,False,success
2023,Lithuania,Stay,Monika Linkytė,Netherlands,NL,0,10,False,success
2023,Lithuania,Stay,Monika Linkytė,Norway,NO,0,9,False,success
2023,Lithuania,Stay,Monika Linkytė,Poland,PL,0,7,False,success
2023,Lithuania,Stay,Monika Linkytė,Portugal,PT,0,11,False,success
2023,Lithuania,Stay,Monika Linkytė,Romania,RO,0,7,False,success
2023,Lithuania,Stay,Monika Linkytė,Serbia,RS,0,6,False,success
2023,Lithuania,Stay,Monika Linkytė,Russia,RU,0,3,False,success
2023,Lithuania,Stay,Monika Linkytė,Sweden,SE,0,9,False,success
2023,Lithuania,Stay,Monika Linkytė,Slovenia,SI,0,10,False,success
2023,Lithuania,Stay,Monika Linkytė,San Marino,SM,0,0,False,success
2023,Lithuania,Stay,Monika Linkytė,Ukraine,UA,0,3,False,success
2023,Moldova,Soarele și luna,Pasha Parfeni,Albania,AL,0,0,False,success
2023,Moldova,Soarele și luna,Pasha Parfeni,Armenia,AM,0,0,False,success
2023,Moldova,Soarele și luna,Pasha Parfeni,Austria,AT,0,0,False,success
2023,Moldova,Soarele și luna,Pasha Parfeni,Australia,AU,0,0,False,success
2023,Moldova,Soarele și luna,Pasha Parfeni,Azerbaijan,AZ,0,0,False,success
2023,Moldova,Soarele și luna,Pasha Parfeni,Belgium,BE,0,0,False,success
2023,Moldova,Soarele și luna,Pasha Parfeni,Bulgaria,BG,0,0,False,success
2023,Moldova,Soarele și luna,Pasha Parfeni,Belarus,BY,0,0,False,success
2023,Moldova,Soarele și luna,Pasha Parfeni,Switzerland,CH,0,0,False,success
2023,Moldova,Soarele și luna,Pasha Parfeni,Cyprus,CY,0,0,False,success
2023,Moldova,Soarele și luna,Pasha Parfeni,Czechia,CZ,0,0,False,success
2023,Moldova,Soarele și luna,Pasha Parfeni,Germany,DE,0,0,False,success
2023,Moldova,Soarele și luna,Pasha Parfeni,Denmark,DK,0,0,False,success
2023,Moldova,Soarele și luna,Pasha Parfeni,Estonia,EE,0,0,False,success
2023,Moldova,Soarele și luna,Pasha Parfeni,Spain,ES,0,0,False,success
2023,Moldova,Soarele și luna,Pasha Parfeni,Finland,FI,0,0,False,success
2023,Moldova,Soarele și luna,Pasha Parfeni,France,FR,0,0,False,success
2023,Moldova,Soarele și luna,Pasha Parfeni,United Kingdom,GB,0,0,False,success
2023,Moldova,Soarele și luna,Pasha Parfeni,Georgia,GE,0,0,False,success
2023,Moldova,Soarele și luna,Pasha Parfeni,Greece,GR,0,0,False,success
2023,Moldova,Soarele și luna,Pasha Parfeni,Croatia,HR,0,0,False,success
2023,Moldova,Soarele și luna,Pasha Parfeni,Hungary,HU,0,0,False,success
2023,Moldova,Soarele și luna,Pasha Parfeni,Ireland,IE,0,0,False,success
2023,Moldova,Soarele și luna,Pasha Parfeni,Israel,IL,0,0,False,success
2023,Moldova,Soarele și luna,Pasha Parfeni,Iceland,IS,0,0,False,success
2023,Moldova,Soarele și luna,Pasha Parfeni,Italy,IT,0,0,False,success
2023,Moldova,Soarele și luna,Pasha Parfeni,Lithuania,LT,0,0,False,success
2023,Moldova,Soarele și luna,Pasha Parfeni,Luxembourg,LU,0,0,False,success
2023,Moldova,Soarele și luna,Pasha Parfeni,Latvia,LV,0,0,False,success
2023,Moldova,Soarele și luna,Pasha Parfeni,Moldova,MD,0,100,True,success
2023,Moldova,Soarele și luna,Pasha Parfeni,Montenegro,ME,0,0,False,success
2023,Moldova,Soarele și luna,Pasha Parfeni,North Macedonia,MK,0,0,False,success
2023,Moldova,Soarele și luna,Pasha Parfeni,Malta,MT,0,0,False,success
2023,Moldova,Soarele și luna,Pasha Parfeni,Netherlands,NL,0,0,False,success
2023,Moldova,Soarele și luna,Pasha Parfeni,Norway,NO,0,0,False,success
2023,Moldova,Soarele și luna,Pasha Parfeni,Poland,PL,0,0,False,success
2023,Moldova,Soarele și luna,Pasha Parfeni,Portugal,PT,0,0,False,success
2023,Moldova,Soarele și luna,Pasha Parfeni,Romania,RO,0,10,False,success
2023,Moldova,Soarele și luna,Pasha Parfeni,Serbia,RS,0,0,False,success
2023,Moldova,Soarele și luna,Pasha Parfeni,Russia,RU,0,0,False,success
2023,Moldova,Soarele și luna,Pasha Parfeni,Sweden,SE,0,0,False,success
2023,Moldova,Soarele și luna,Pasha Parfeni,Slovenia,SI,0,0,False,success
2023,Moldova,Soarele și luna,Pasha Parfeni,San Marino,SM,0,0,False,success
2023,Moldova,Soarele și luna,Pasha Parfeni,Ukraine,UA,0,0,False,success
2023,Norway,Queen of Kings,Alessandra,Albania,AL,0,8,False,success
2023,Norway,Queen of Kings,Alessandra,Armenia,AM,0,12,False,success
2023,Norway,Queen of Kings,Alessandra,Austria,AT,0,10,False,success
2023,Norway,Queen of Kings,Alessandra,Australia,AU,0,3,False,success
2023,Norway,Queen of Kings,Alessandra,Azerbaijan,AZ,0,0,False,success
2023,Norway,Queen of Kings,Alessandra,Belgium,BE,0,14,False,success
2023,Norway,Queen of Kings,Alessandra,Bulgaria,BG,0,6,False,success
2023,Norway,Queen of Kings,Alessandra,Belarus,BY,0,2,False,success
2023,Norway,Queen of Kings,Alessandra,Switzerland,CH,0,11,False,success
2023,Norway,Queen of Kings,Alessandra,Cyprus,CY,0,10,False,success
2023,Norway,Queen of Kings,Alessandra,Czechia,CZ,0,15,False,success
2023,Norway,Queen of Kings,Alessandra,Germany,DE,0,6,False,success
2023,Norway,Queen of Kings,Alessandra,Denmark,DK,0,20,False,success
2023,Norway,Queen of Kings,Alessandra,Estonia,EE,0,28,False,success
2023,Norway,Queen of Kings,Alessandra,Spain,ES,0,14,False,success
2023,Norway,Queen of Kings,Alessandra,Finland,FI,1,67,False,success
2023,Norway,Queen of Kings,Alessandra,France,FR,0,5,False,success
2023,Norway,Queen of Kings,Alessandra,United Kingdom,GB,0,5,False,success
2023,Norway,Queen of Kings,Alessandra,Georgia,GE,0,6,False,success
2023,Norway,Queen of Kings,Alessandra,Greece,GR,0,20,False,success
2023,Norway,Queen of Kings,Alessandra,Croatia,HR,0,25,False,success
2023,Norway,Queen of Kings,Alessandra,Hungary,HU,0,23,False,success
2023,Norway,Queen of Kings,Alessandra,Ireland,IE,0,6,False,success
2023,Norway,Queen of Kings,Alessandra,Israel,IL,0,31,False,success
2023,Norway,Queen of Kings,Alessandra,Iceland,IS,3,68,False,success
2023,Norway,Queen of Kings,Alessandra,Italy,IT,0,26,False,success
2023,Norway,Queen of Kings,Alessandra,Lithuania,LT,0,22,False,success
2023,Norway,Queen of Kings,Alessandra,Luxembourg,LU,0,0,False,success
2023,Norway,Queen of Kings,Alessandra,Latvia,LV,0,11,False,success
2023,Norway,Queen of Kings,Alessandra,Moldova,MD,0,10,False,success
2023,Norway,Queen of Kings,Alessandra,Montenegro,ME,0,0,False,success
2023,Norway,Queen of Kings,Alessandra,North Macedonia,MK,0,7,False,success
2023,Norway,Queen of Kings,Alessandra,Malta,MT,0,50,False,success
2023,Norway,Queen of Kings,Alessandra,Netherlands,NL,0,12,False,success
2023,Norway,Queen of Kings,Alessandra,Norway,NO,1,100,True,success
2023,Norway,Queen of Kings,Alessandra,Poland,PL,0,37,False,success
2023,Norway,Queen of Kings,Alessandra,Portugal,PT,0,14,False,success
2023,Norway,Queen of Kings,Alessandra,Romania,RO,0,14,False,success
2023,Norway,Queen of Kings,Alessandra,Serbia,RS,0,11,False,success
2023,Norway,Queen of Kings,Alessandra,Russia,RU,0,0,False,success
2023,Norway,Queen of Kings,Alessandra,Sweden,SE,0,21,False,success
2023,Norway,Queen of Kings,Alessandra,Slovenia,SI,1,32,False,success
2023,Norway,Queen of Kings,Alessandra,San Marino,SM,0,0,False,success
2023,Norway,Queen of Kings,Alessandra,Ukraine,UA,0,5,False,success
2023,Poland,Solo,Blanka,Albania,AL,0,37,False,success
2023,Poland,Solo,Blanka,Armenia,AM,0,5,False,success
2023,Poland,Solo,Blanka,Austria,AT,0,12,False,success
2023,Poland,Solo,Blanka,Australia,AU,0,16,False,success
2023,Poland,Solo,Blanka,Azerbaijan,AZ,0,6,False,success
2023,Poland,Solo,Blanka,Belgium,BE,1,13,False,success
2023,Poland,Solo,Blanka,Bulgaria,BG,0,8,False,success
2023,Poland,Solo,Blanka,Belarus,BY,0,3,False,success
2023,Poland,Solo,Blanka,Switzerland,CH,1,14,False,success
2023,Poland,Solo,Blanka,Cyprus,CY,0,11,False,success
2023,Poland,Solo,Blanka,Czechia,CZ,2,10,False,success
2023,Poland,Solo,Blanka,Germany,DE,1,11,False,success
2023,Poland,Solo,Blanka,Denmark,DK,0,15,False,success
2023,Poland,Solo,Blanka,Estonia,EE,0,13,False,success
2023,Poland,Solo,Blanka,Spain,ES,1,35,False,success
2023,Poland,Solo,Blanka,Finland,FI,3,16,False,success
2023,Poland,Solo,Blanka,France,FR,0,13,False,success
2023,Poland,Solo,Blanka,United Kingdom,GB,1,14,False,success
2023,Poland,Solo,Blanka,Georgia,GE,0,7,False,success
2023,Poland,Solo,Blanka,Greece,GR,1,11,False,success
2023,Poland,Solo,Blanka,Croatia,HR,0,11,False,success
2023,Poland,Solo,Blanka,Hungary,HU,0,10,False,success
2023,Poland,Solo,Blanka,Ireland,IE,2,13,False,success
2023,Poland,Solo,Blanka,Israel,IL,1,7,False,success
2023,Poland,Solo,Blanka,Iceland,IS,0,25,False,success
2023,Poland,Solo,Blanka,Italy,IT,1,35,False,success
2023,Poland,Solo,Blanka,Lithuania,LT,15,23,False,success
2023,Poland,Solo,Blanka,Luxembourg,LU,0,11,False,success
2023,Poland,Solo,Blanka,Latvia,LV,0,9,False,success
2023,Poland,Solo,Blanka,Moldova,MD,0,5,False,success
2023,Poland,Solo,Blanka,Montenegro,ME,0,6,False,success
2023,Poland,Solo,Blanka,North Macedonia,MK,0,12,False,success
2023,Poland,Solo,Blanka,Malta,MT,0,12,False,success
2023,Poland,Solo,Blanka,Netherlands,NL,2,12,False,success
2023,Poland,Solo,Blanka,Norway,NO,3,14,False,success
2023,Poland,Solo,Blanka,Poland,PL,100,63,True,success
2023,Poland,Solo,Blanka,Portugal,PT,0,12,False,success
2023,Poland,Solo,Blanka,Romania,RO,0,7,False,success
2023,Poland,Solo,Blanka,Serbia,RS,0,7,False,success
2023,Poland,Solo,Blanka,Russia,RU,0,3,False,success
2023,Poland,Solo,Blanka,Sweden,SE,2,14,False,success
2023,Poland,Solo,Blanka,Slovenia,SI,0,18,False,success
2023,Poland,Solo,Blanka,San Marino,SM,0,0,False,success
2023,Poland,Solo,Blanka,Ukraine,UA,2,3,False,success
2023,Portugal,Ai coração,Mimicat,Albania,AL,0,0,False,success
2023,Portugal,Ai coração,Mimicat,Armenia,AM,0,0,False,success
2023,Portugal,Ai coração,Mimicat,Austria,AT,0,0,False,success
2023,Portugal,Ai coração,Mimicat,Australia,AU,0,0,False,success
2023,Portugal,Ai coração,Mimicat,Azerbaijan,AZ,0,0,False,success
2023,Portugal,Ai coração,Mimicat,Belgium,BE,0,1,False,success
2023,Portugal,Ai coração,Mimicat,Bulgaria,BG,0,0,False,success
2023,Portugal,Ai coração,Mimicat,Belarus,BY,0,0,False,success
2023,Portugal,Ai coração,Mimicat,Switzerland,CH,0,5,False,success
2023,Portugal,Ai coração,Mimicat,Cyprus,CY,0,0,False,success
2023,Portugal,Ai coração,Mimicat,Czechia,CZ,0,0,False,success
2023,Portugal,Ai coração,Mimicat,Germany,DE,0,0,False,success
2023,Portugal,Ai coração,Mimicat,Denmark,DK,0,0,False,success
2023,Portugal,Ai coração,Mimicat,Estonia,EE,0,0,False,success
2023,Portugal,Ai coração,Mimicat,Spain,ES,0,1,False,success
2023,Portugal,Ai coração,Mimicat,Finland,FI,0,0,False,success
2023,Portugal,Ai coração,Mimicat,France,FR,1,1,False,success
2023,Portugal,Ai coração,Mimicat,United Kingdom,GB,0,1,False,success
2023,Portugal,Ai coração,Mimicat,Georgia,GE,0,0,False,success
2023,Portugal,Ai coração,Mimicat,Greece,GR,0,0,False,success
2023,Portugal,Ai coração,Mimicat,Croatia,HR,0,0,False,success
2023,Portugal,Ai coração,Mimicat,Hungary,HU,0,0,False,success
2023,Portugal,Ai coração,Mimicat,Ireland,IE,0,0,False,success
2023,Portugal,Ai coração,Mimicat,Israel,IL,0,0,False,success
2023,Portugal,Ai coração,Mimicat,Iceland,IS,0,0,False,success
2023,Portugal,Ai coração,Mimicat,Italy,IT,0,0,False,success
2023,Portugal,Ai coração,Mimicat,Lithuania,LT,0,0,False,success
2023,Portugal,Ai coração,Mimicat,Luxembourg,LU,0,13,False,success
2023,Portugal,Ai coração,Mimicat,Latvia,LV,0,0,False,success
2023,Portugal,Ai coração,Mimicat,Moldova,MD,0,0,False,success
2023,Portugal,Ai coração,Mimicat,Montenegro,ME,0,0,False,success
2023,Portugal,Ai coração,Mimicat,North Macedonia,MK,0,0,False,success
2023,Portugal,Ai coração,Mimicat,Malta,MT,0,0,False,success
2023,Portugal,Ai coração,Mimicat,Netherlands,NL,0,1,False,success
2023,Portugal,Ai coração,Mimicat,Norway,NO,0,0,False,success
2023,Portugal,Ai coração,Mimicat,Poland,PL,0,0,False,success
2023,Portugal,Ai coração,Mimicat,Portugal,PT,100,100,True,success
2023,Portugal,Ai coração,Mimicat,Romania,RO,0,0,False,success
2023,Portugal,Ai coração,Mimicat,Serbia,RS,0,0,False,success
2023,Portugal,Ai coração,Mimicat,Russia,RU,0,0,False,success
2023,Portugal,Ai coração,Mimicat,Sweden,SE,0,0,False,success
2023,Portugal,Ai coração,Mimicat,Slovenia,SI,0,0,False,success
2023,Portugal,Ai coração,Mimicat,San Marino,SM,0,0,False,success
2023,Portugal,Ai coração,Mimicat,Ukraine,UA,0,0,False,success
2023,Serbia,Samo mi se spava,Luke Black,Albania,AL,0,0,False,success
2023,Serbia,Samo mi se spava,Luke Black,Armenia,AM,0,0,False,success
2023,Serbia,Samo mi se spava,Luke Black,Austria,AT,0,5,False,success
2023,Serbia,Samo mi se spava,Luke Black,Australia,AU,0,0,False,success
2023,Serbia,Samo mi se spava,Luke Black,Azerbaijan,AZ,0,0,False,success
2023,Serbia,Samo mi se spava,Luke Black,Belgium,BE,0,1,False,success
2023,Serbia,Samo mi se spava,Luke Black,Bulgaria,BG,0,0,False,success
2023,Serbia,Samo mi se spava,Luke Black,Belarus,BY,0,0,False,success
2023,Serbia,Samo mi se spava,Luke Black,Switzerland,CH,0,3,False,success
2023,Serbia,Samo mi se spava,Luke Black,Cyprus,CY,0,0,False,success
2023,Serbia,Samo mi se spava,Luke Black,Czechia,CZ,0,2,False,success
2023,Serbia,Samo mi se spava,Luke Black,Germany,DE,0,1,False,success
2023,Serbia,Samo mi se spava,Luke Black,Denmark,DK,0,2,False,success
2023,Serbia,Samo mi se spava,Luke Black,Estonia,EE,0,0,False,success
2023,Serbia,Samo mi se spava,Luke Black,Spain,ES,0,1,False,success
2023,Serbia,Samo mi se spava,Luke Black,Finland,FI,0,8,False,success
2023,Serbia,Samo mi se spava,Luke Black,France,FR,0,0,False,success
2023,Serbia,Samo mi se spava,Luke Black,United Kingdom,GB,0,1,False,success
2023,Serbia,Samo mi se spava,Luke Black,Georgia,GE,0,0,False,success
2023,Serbia,Samo mi se spava,Luke Black,Greece,GR,0,3,False,success
2023,Serbia,Samo mi se spava,Luke Black,Croatia,HR,0,29,False,success
2023,Serbia,Samo mi se spava,Luke Black,Hungary,HU,0,0,False,success
2023,Serbia,Samo mi se spava,Luke Black,Ireland,IE,0,0,False,success
2023,Serbia,Samo mi se spava,Luke Black,Israel,IL,0,0,False,success
2023,Serbia,Samo mi se spava,Luke Black,Iceland,IS,0,38,False,success
2023,Serbia,Samo mi se spava,Luke Black,Italy,IT,0,1,False,success
2023,Serbia,Samo mi se spava,Luke Black,Lithuania,LT,0,5,False,success
2023,Serbia,Samo mi se spava,Luke Black,Luxembourg,LU,0,0,False,success
2023,Serbia,Samo mi se spava,Luke Black,Latvia,LV,0,0,False,success
2023,Serbia,Samo mi se spava,Luke Black,Moldova,MD,0,0,False,success
2023,Serbia,Samo mi se spava,Luke Black,Montenegro,ME,0,33,False,success
2023,Serbia,Samo mi se spava,Luke Black,North Macedonia,MK,0,11,False,success
2023,Serbia,Samo mi se spava,Luke Black,Malta,MT,0,0,False,success
2023,Serbia,Samo mi se spava,Luke Black,Netherlands,NL,0,2,False,success
2023,Serbia,Samo mi se spava,Luke Black,Norway,NO,0,0,False,success
2023,Serbia,Samo mi se spava,Luke Black,Poland,PL,0,2,False,success
2023,Serbia,Samo mi se spava,Luke Black,Portugal,PT,0,0,False,success
2023,Serbia,Samo mi se spava,Luke Black,Romania,RO,0,1,False,success
2023,Serbia,Samo mi se spava,Luke Black,Serbia,RS,0,100,True,success
2023,Serbia,Samo mi se spava,Luke Black,Russia,RU,0,0,False,success
2023,Serbia,Samo mi se spava,Luke Black,Sweden,SE,0,5,False,success
2023,Serbia,Samo mi se spava,Luke Black,Slovenia,SI,0,17,False,success
2023,Serbia,Samo mi se spava,Luke Black,San Marino,SM,0,0,False,success
2023,Serbia,Samo mi se spava,Luke Black,Ukraine,UA,0,0,False,success
2023,Slovenia,Carpe Diem,Joker Out,Albania,AL,0,0,False,success
2023,Slovenia,Carpe Diem,Joker Out,Armenia,AM,0,0,False,success
2023,Slovenia,Carpe Diem,Joker Out,Austria,AT,0,1,False,success
2023,Slovenia,Carpe Diem,Joker Out,Australia,AU,0,0,False,success
2023,Slovenia,Carpe Diem,Joker Out,Azerbaijan,AZ,0,0,False,success
2023,Slovenia,Carpe Diem,Joker Out,Belgium,BE,3,1,False,success
2023,Slovenia,Carpe Diem,Joker Out,Bulgaria,BG,0,0,False,success
2023,Slovenia,Carpe Diem,Joker Out,Belarus,BY,0,0,False,success
2023,Slovenia,Carpe Diem,Joker Out,Switzerland,CH,0,1,False,success
2023,Slovenia,Carpe Diem,Joker Out,Cyprus,CY,0,0,False,success
2023,Slovenia,Carpe Diem,Joker Out,Czechia,CZ,0,1,False,success
2023,Slovenia,Carpe Diem,Joker Out,Germany,DE,1,0,False,success
2023,Slovenia,Carpe Diem,Joker Out,Denmark,DK,0,1,False,success
2023,Slovenia,Carpe Diem,Joker Out,Estonia,EE,0,0,False,success
2023,Slovenia,Carpe Diem,Joker Out,Spain,ES,2,1,False,success
2023,Slovenia,Carpe Diem,Joker Out,Finland,FI,4,3,False,success
2023,Slovenia,Carpe Diem,Joker Out,France,FR,0,1,False,success
2023,Slovenia,Carpe Diem,Joker Out,United Kingdom,GB,1,0,False,success
2023,Slovenia,Carpe Diem,Joker Out,Georgia,GE,0,0,False,success
2023,Slovenia,Carpe Diem,Joker Out,Greece,GR,0,1,False,success
2023,Slovenia,Carpe Diem,Joker Out,Croatia,HR,11,4,False,success
2023,Slovenia,Carpe Diem,Joker Out,Hungary,HU,0,2,False,success
2023,Slovenia,Carpe Diem,Joker Out,Ireland,IE,0,0,False,success
2023,Slovenia,Carpe Diem,Joker Out,Israel,IL,0,0,False,success
2023,Slovenia,Carpe Diem,Joker Out,Iceland,IS,0,0,False,success
2023,Slovenia,Carpe Diem,Joker Out,Italy,IT,1,1,False,success
2023,Slovenia,Carpe Diem,Joker Out,Lithuania,LT,0,2,False,success
2023,Slovenia,Carpe Diem,Joker Out,Luxembourg,LU,0,0,False,success
2023,Slovenia,Carpe Diem,Joker Out,Latvia,LV,0,0,False,success
2023,Slovenia,Carpe Diem,Joker Out,Moldova,MD,0,0,False,success
2023,Slovenia,Carpe Diem,Joker Out,Montenegro,ME,0,0,False,success
2023,Slovenia,Carpe Diem,Joker Out,North Macedonia,MK,0,0,False,success
2023,Slovenia,Carpe Diem,Joker Out,Malta,MT,0,0,False,success
2023,Slovenia,Carpe Diem,Joker Out,Netherlands,NL,0,1,False,success
2023,Slovenia,Carpe Diem,Joker Out,Norway,NO,0,2,False,success
2023,Slovenia,Carpe Diem,Joker Out,Poland,PL,2,1,False,success
2023,Slovenia,Carpe Diem,Joker Out,Portugal,PT,0,1,False,success
2023,Slovenia,Carpe Diem,Joker Out,Romania,RO,0,1,False,success
2023,Slovenia,Carpe Diem,Joker Out,Serbia,RS,10,3,False,success
2023,Slovenia,Carpe Diem,Joker Out,Russia,RU,0,0,False,success
2023,Slovenia,Carpe Diem,Joker Out,Sweden,SE,3,1,False,success
2023,Slovenia,Carpe Diem,Joker Out,Slovenia,SI,100,100,True,success
2023,Slovenia,Carpe Diem,Joker Out,San Marino,SM,0,0,False,success
2023,Slovenia,Carpe Diem,Joker Out,Ukraine,UA,1,0,False,success
2023,Spain,Eaea,Blanca Paloma,Albania,AL,0,0,False,success
2023,Spain,Eaea,Blanca Paloma,Armenia,AM,0,0,False,success
2023,Spain,Eaea,Blanca Paloma,Austria,AT,0,0,False,success
2023,Spain,Eaea,Blanca Paloma,Australia,AU,0,0,False,success
2023,Spain,Eaea,Blanca Paloma,Azerbaijan,AZ,0,0,False,success
2023,Spain,Eaea,Blanca Paloma,Belgium,BE,0,1,False,success
2023,Spain,Eaea,Blanca Paloma,Bulgaria,BG,0,0,False,success
2023,Spain,Eaea,Blanca Paloma,Belarus,BY,0,0,False,success
2023,Spain,Eaea,Blanca Paloma,Switzerland,CH,0,1,False,success
2023,Spain,Eaea,Blanca Paloma,Cyprus,CY,0,0,False,success
2023,Spain,Eaea,Blanca Paloma,Czechia,CZ,0,0,False,success
2023,Spain,Eaea,Blanca Paloma,Germany,DE,0,0,False,success
2023,Spain,Eaea,Blanca Paloma,Denmark,DK,0,0,False,success
2023,Spain,Eaea,Blanca Paloma,Estonia,EE,0,0,False,success
2023,Spain,Eaea,Blanca Paloma,Spain,ES,1,11,True,success
2023,Spain,Eaea,Blanca Paloma,Finland,FI,0,1,False,success
2023,Spain,Eaea,Blanca Paloma,France,FR,0,0,False,success
2023,Spain,Eaea,Blanca Paloma,United Kingdom,GB,0,0,False,success
2023,Spain,Eaea,Blanca Paloma,Georgia,GE,0,0,False,success
2023,Spain,Eaea,Blanca Paloma,Greece,GR,0,1,False,success
2023,Spain,Eaea,Blanca Paloma,Croatia,HR,0,0,False,success
2023,Spain,Eaea,Blanca Paloma,Hungary,HU,0,0,False,success
2023,Spain,Eaea,Blanca Paloma,Ireland,IE,0,0,False,success
2023,Spain,Eaea,Blanca Paloma,Israel,IL,0,0,False,success
2023,Spain,Eaea,Blanca Paloma,Iceland,IS,0,0,False,success
2023,Spain,Eaea,Blanca Paloma,Italy,IT,0,0,False,success
2023,Spain,Eaea,Blanca Paloma,Lithuania,LT,0,0,False,success
2023,Spain,Eaea,Blanca Paloma,Luxembourg,LU,0,0,False,success
2023,Spain,Eaea,Blanca Paloma,Latvia,LV,0,0,False,success
2023,Spain,Eaea,Blanca Paloma,Moldova,MD,0,0,False,success
2023,Spain,Eaea,Blanca Paloma,Montenegro,ME,0,0,False,success
2023,Spain,Eaea,Blanca Paloma,North Macedonia,MK,0,0,False,success
2023,Spain,Eaea,Blanca Paloma,Malta,MT,0,0,False,success
2023,Spain,Eaea,Blanca Paloma,Netherlands,NL,0,0,False,success
2023,Spain,Eaea,Blanca Paloma,Norway,NO,0,0,False,success
2023,Spain,Eaea,Blanca Paloma,Poland,PL,0,0,False,success
2023,Spain,Eaea,Blanca Paloma,Portugal,PT,0,1,False,success
2023,Spain,Eaea,Blanca Paloma,Romania,RO,0,0,False,success
2023,Spain,Eaea,Blanca Paloma,Serbia,RS,0,0,False,success
2023,Spain,Eaea,Blanca Paloma,Russia,RU,0,0,False,success
2023,Spain,Eaea,Blanca Paloma,Sweden,SE,0,0,False,success
2023,Spain,Eaea,Blanca Paloma,Slovenia,SI,0,0,False,success
2023,Spain,Eaea,Blanca Paloma,San Marino,SM,0,0,False,success
2023,Spain,Eaea,Blanca Paloma,Ukraine,UA,0,0,False,success
2023,Sweden,Tattoo,Loreen,Albania,AL,0,20,False,success
2023,Sweden,Tattoo,Loreen,Armenia,AM,7,19,False,success
2023,Sweden,Tattoo,Loreen,Austria,AT,3,29,False,success
2023,Sweden,Tattoo,Loreen,Australia,AU,1,23,False,success
2023,Sweden,Tattoo,Loreen,Azerbaijan,AZ,0,4,False,success
2023,Sweden,Tattoo,Loreen,Belgium,BE,17,46,False,success
2023,Sweden,Tattoo,Loreen,Bulgaria,BG,2,16,False,success
2023,Sweden,Tattoo,Loreen,Belarus,BY,5,6,False,success
2023,Sweden,Tattoo,Loreen,Switzerland,CH,3,28,False,success
2023,Sweden,Tattoo,Loreen,Cyprus,CY,8,39,False,success
2023,Sweden,Tattoo,Loreen,Czechia,CZ,3,19,False,success
2023,Sweden,Tattoo,Loreen,Germany,DE,2,25,False,success
2023,Sweden,Tattoo,Loreen,Denmark,DK,5,31,False,success
2023,Sweden,Tattoo,Loreen,Estonia,EE,16,52,False,success
2023,Sweden,Tattoo,Loreen,Spain,ES,5,21,False,success
2023,Sweden,Tattoo,Loreen,Finland,FI,30,97,False,success
2023,Sweden,Tattoo,Loreen,France,FR,1,11,False,success
2023,Sweden,Tattoo,Loreen,United Kingdom,GB,2,25,False,success
2023,Sweden,Tattoo,Loreen,Georgia,GE,0,14,False,success
2023,Sweden,Tattoo,Loreen,Greece,GR,9,56,False,success
2023,Sweden,Tattoo,Loreen,Croatia,HR,7,33,False,success
2023,Sweden,Tattoo,Loreen,Hungary,HU,0,17,False,success
2023,Sweden,Tattoo,Loreen,Ireland,IE,3,28,False,success
2023,Sweden,Tattoo,Loreen,Israel,IL,8,30,False,success
2023,Sweden,Tattoo,Loreen,Iceland,IS,25,83,False,success
2023,Sweden,Tattoo,Loreen,Italy,IT,3,17,False,success
2023,Sweden,Tattoo,Loreen,Lithuania,LT,8,49,False,success
2023,Sweden,Tattoo,Loreen,Luxembourg,LU,0,17,False,success
2023,Sweden,Tattoo,Loreen,Latvia,LV,8,29,False,success
2023,Sweden,Tattoo,Loreen,Moldova,MD,8,13,False,success
2023,Sweden,Tattoo,Loreen,Montenegro,ME,0,14,False,success
2023,Sweden,Tattoo,Loreen,North Macedonia,MK,0,19,False,success
2023,Sweden,Tattoo,Loreen,Malta,MT,0,74,False,success
2023,Sweden,Tattoo,Loreen,Netherlands,NL,15,38,False,success
2023,Sweden,Tattoo,Loreen,Norway,NO,12,32,False,success
2023,Sweden,Tattoo,Loreen,Poland,PL,7,22,False,success
2023,Sweden,Tattoo,Loreen,Portugal,PT,4,27,False,success
2023,Sweden,Tattoo,Loreen,Romania,RO,2,14,False,success
2023,Sweden,Tattoo,Loreen,Serbia,RS,5,20,False,success
2023,Sweden,Tattoo,Loreen,Russia,RU,2,3,False,success
2023,Sweden,Tattoo,Loreen,Sweden,SE,23,75,True,success
2023,Sweden,Tattoo,Loreen,Slovenia,SI,7,46,False,success
2023,Sweden,Tattoo,Loreen,San Marino,SM,0,0,False,success
2023,Sweden,Tattoo,Loreen,Ukraine,UA,7,5,False,success
2023,Switzerland,Watergun,Remo Forrer,Albania,AL,0,0,False,success
2023,Switzerland,Watergun,Remo Forrer,Armenia,AM,0,0,False,success
2023,Switzerland,Watergun,Remo Forrer,Austria,AT,0,0,False,success
2023,Switzerland,Watergun,Remo Forrer,Australia,AU,0,0,False,success
2023,Switzerland,Watergun,Remo Forrer,Azerbaijan,AZ,0,0,False,success
2023,Switzerland,Watergun,Remo Forrer,Belgium,BE,0,0,False,success
2023,Switzerland,Watergun,Remo Forrer,Bulgaria,BG,0,0,False,success
2023,Switzerland,Watergun,Remo Forrer,Belarus,BY,0,0,False,success
2023,Switzerland,Watergun,Remo Forrer,Switzerland,CH,13,0,True,success
2023,Switzerland,Watergun,Remo Forrer,Cyprus,CY,0,0,False,success
2023,Switzerland,Watergun,Remo Forrer,Czechia,CZ,0,0,False,success
2023,Switzerland,Watergun,Remo Forrer,Germany,DE,0,0,False,success
2023,Switzerland,Watergun,Remo Forrer,Denmark,DK,0,0,False,success
2023,Switzerland,Watergun,Remo Forrer,Estonia,EE,0,0,False,success
2023,Switzerland,Watergun,Remo Forrer,Spain,ES,0,0,False,success
2023,Switzerland,Watergun,Remo Forrer,Finland,FI,0,0,False,success
2023,Switzerland,Watergun,Remo Forrer,France,FR,0,0,False,success
2023,Switzerland,Watergun,Remo Forrer,United Kingdom,GB,0,0,False,success
2023,Switzerland,Watergun,Remo Forrer,Georgia,GE,0,0,False,success
2023,Switzerland,Watergun,Remo Forrer,Greece,GR,0,0,False,success
2023,Switzerland,Watergun,Remo Forrer,Croatia,HR,0,0,False,success
2023,Switzerland,Watergun,Remo Forrer,Hungary,HU,0,0,False,success
2023,Switzerland,Watergun,Remo Forrer,Ireland,IE,0,0,False,success
2023,Switzerland,Watergun,Remo Forrer,Israel,IL,0,0,False,success
2023,Switzerland,Watergun,Remo Forrer,Iceland,IS,0,0,False,success
2023,Switzerland,Watergun,Remo Forrer,Italy,IT,0,0,False,success
2023,Switzerland,Watergun,Remo Forrer,Lithuania,LT,0,0,False,success
2023,Switzerland,Watergun,Remo Forrer,Luxembourg,LU,0,0,False,success
2023,Switzerland,Watergun,Remo Forrer,Latvia,LV,0,0,False,success
2023,Switzerland,Watergun,Remo Forrer,Moldova,MD,0,0,False,success
2023,Switzerland,Watergun,Remo Forrer,Montenegro,ME,0,0,False,success
2023,Switzerland,Watergun,Remo Forrer,North Macedonia,MK,0,0,False,success
2023,Switzerland,Watergun,Remo Forrer,Malta,MT,0,0,False,success
2023,Switzerland,Watergun,Remo Forrer,Netherlands,NL,0,0,False,success
2023,Switzerland,Watergun,Remo Forrer,Norway,NO,0,0,False,success
2023,Switzerland,Watergun,Remo Forrer,Poland,PL,1,0,False,success
2023,Switzerland,Watergun,Remo Forrer,Portugal,PT,0,0,False,success
2023,Switzerland,Watergun,Remo Forrer,Romania,RO,0,0,False,success
2023,Switzerland,Watergun,Remo Forrer,Serbia,RS,0,0,False,success
2023,Switzerland,Watergun,Remo Forrer,Russia,RU,0,0,False,success
2023,Switzerland,Watergun,Remo Forrer,Sweden,SE,0,0,False,success
2023,Switzerland,Watergun,Remo Forrer,Slovenia,SI,0,0,False,success
2023,Switzerland,Watergun,Remo Forrer,San Marino,SM,0,0,False,success
2023,Switzerland,Watergun,Remo Forrer,Ukraine,UA,1,0,False,success
2023,Ukraine,Heart of Steel,Tvorchi,Albania,AL,0,0,False,success
2023,Ukraine,Heart of Steel,Tvorchi,Armenia,AM,0,0,False,success
2023,Ukraine,Heart of Steel,Tvorchi,Austria,AT,0,13,False,success
2023,Ukraine,Heart of Steel,Tvorchi,Australia,AU,0,0,False,success
2023,Ukraine,Heart of Steel,Tvorchi,Azerbaijan,AZ,0,0,False,success
2023,Ukraine,Heart of Steel,Tvorchi,Belgium,BE,0,10,False,success
2023,Ukraine,Heart of Steel,Tvorchi,Bulgaria,BG,0,22,False,success
2023,Ukraine,Heart of Steel,Tvorchi,Belarus,BY,0,0,False,success
2023,Ukraine,Heart of Steel,Tvorchi,Switzerland,CH,0,13,False,success
2023,Ukraine,Heart of Steel,Tvorchi,Cyprus,CY,0,0,False,success
2023,Ukraine,Heart of Steel,Tvorchi,Czechia,CZ,0,14,False,success
2023,Ukraine,Heart of Steel,Tvorchi,Germany,DE,5,11,False,success
2023,Ukraine,Heart of Steel,Tvorchi,Denmark,DK,0,0,False,success
2023,Ukraine,Heart of Steel,Tvorchi,Estonia,EE,0,63,False,success
2023,Ukraine,Heart of Steel,Tvorchi,Spain,ES,3,7,False,success
2023,Ukraine,Heart of Steel,Tvorchi,Finland,FI,0,32,False,success
2023,Ukraine,Heart of Steel,Tvorchi,France,FR,0,1,False,success
2023,Ukraine,Heart of Steel,Tvorchi,United Kingdom,GB,3,5,False,success
2023,Ukraine,Heart of Steel,Tvorchi,Georgia,GE,0,0,False,success
2023,Ukraine,Heart of Steel,Tvorchi,Greece,GR,0,12,False,success
2023,Ukraine,Heart of Steel,Tvorchi,Croatia,HR,0,0,False,success
2023,Ukraine,Heart of Steel,Tvorchi,Hungary,HU,0,9,False,success
2023,Ukraine,Heart of Steel,Tvorchi,Ireland,IE,0,0,False,success
2023,Ukraine,Heart of Steel,Tvorchi,Israel,IL,0,19,False,success
2023,Ukraine,Heart of Steel,Tvorchi,Iceland,IS,0,0,False,success
2023,Ukraine,Heart of Steel,Tvorchi,Italy,IT,3,6,False,success
2023,Ukraine,Heart of Steel,Tvorchi,Lithuania,LT,0,39,False,success
2023,Ukraine,Heart of Steel,Tvorchi,Luxembourg,LU,0,0,False,success
2023,Ukraine,Heart of Steel,Tvorchi,Latvia,LV,0,0,False,success
2023,Ukraine,Heart of Steel,Tvorchi,Moldova,MD,0,0,False,success
2023,Ukraine,Heart of Steel,Tvorchi,Montenegro,ME,0,0,False,success
2023,Ukraine,Heart of Steel,Tvorchi,North Macedonia,MK,0,0,False,success
2023,Ukraine,Heart of Steel,Tvorchi,Malta,MT,0,0,False,success
2023,Ukraine,Heart of Steel,Tvorchi,Netherlands,NL,0,10,False,success
2023,Ukraine,Heart of Steel,Tvorchi,Norway,NO,0,13,False,success
2023,Ukraine,Heart of Steel,Tvorchi,Poland,PL,8,19,False,success
2023,Ukraine,Heart of Steel,Tvorchi,Portugal,PT,0,10,False,success
2023,Ukraine,Heart of Steel,Tvorchi,Romania,RO,0,7,False,success
2023,Ukraine,Heart of Steel,Tvorchi,Serbia,RS,0,0,False,success
2023,Ukraine,Heart of Steel,Tvorchi,Russia,RU,0,2,False,success
2023,Ukraine,Heart of Steel,Tvorchi,Sweden,SE,0,16,False,success
2023,Ukraine,Heart of Steel,Tvorchi,Slovenia,SI,0,0,False,success
2023,Ukraine,Heart of Steel,Tvorchi,San Marino,SM,0,0,False,success
2023,Ukraine,Heart of Steel,Tvorchi,Ukraine,UA,100,100,True,success
2023,United Kingdom,I Wrote a Song,Mae Muller,Albania,AL,0,0,False,success
2023,United Kingdom,I Wrote a Song,Mae Muller,Armenia,AM,0,28,False,success
2023,United Kingdom,I Wrote a Song,Mae Muller,Austria,AT,0,0,False,success
2023,United Kingdom,I Wrote a Song,Mae Muller,Australia,AU,0,5,False,success
2023,United Kingdom,I Wrote a Song,Mae Muller,Azerbaijan,AZ,0,0,False,success
2023,United Kingdom,I Wrote a Song,Mae Muller,Belgium,BE,0,14,False,success
2023,United Kingdom,I Wrote a Song,Mae Muller,Bulgaria,BG,0,0,False,success
2023,United Kingdom,I Wrote a Song,Mae Muller,Belarus,BY,0,0,False,success
2023,United Kingdom,I Wrote a Song,Mae Muller,Switzerland,CH,0,0,False,success
2023,United Kingdom,I Wrote a Song,Mae Muller,Cyprus,CY,0,0,False,success
2023,United Kingdom,I Wrote a Song,Mae Muller,Czechia,CZ,0,0,False,success
2023,United Kingdom,I Wrote a Song,Mae Muller,Germany,DE,4,5,False,success
2023,United Kingdom,I Wrote a Song,Mae Muller,Denmark,DK,0,17,False,success
2023,United Kingdom,I Wrote a Song,Mae Muller,Estonia,EE,0,0,False,success
2023,United Kingdom,I Wrote a Song,Mae Muller,Spain,ES,12,19,False,success
2023,United Kingdom,I Wrote a Song,Mae Muller,Finland,FI,0,29,False,success
2023,United Kingdom,I Wrote a Song,Mae Muller,France,FR,0,4,False,success
2023,United Kingdom,I Wrote a Song,Mae Muller,United Kingdom,GB,100,100,True,success
2023,United Kingdom,I Wrote a Song,Mae Muller,Georgia,GE,0,0,False,success
2023,United Kingdom,I Wrote a Song,Mae Muller,Greece,GR,0,24,False,success
2023,United Kingdom,I Wrote a Song,Mae Muller,Croatia,HR,0,0,False,success
2023,United Kingdom,I Wrote a Song,Mae Muller,Hungary,HU,0,13,False,success
2023,United Kingdom,I Wrote a Song,Mae Muller,Ireland,IE,0,17,False,success
2023,United Kingdom,I Wrote a Song,Mae Muller,Israel,IL,0,22,False,success
2023,United Kingdom,I Wrote a Song,Mae Muller,Iceland,IS,0,0,False,success
2023,United Kingdom,I Wrote a Song,Mae Muller,Italy,IT,0,9,False,success
2023,United Kingdom,I Wrote a Song,Mae Muller,Lithuania,LT,0,60,False,success
2023,United Kingdom,I Wrote a Song,Mae Muller,Luxembourg,LU,0,0,False,success
2023,United Kingdom,I Wrote a Song,Mae Muller,Latvia,LV,0,0,False,success
2023,United Kingdom,I Wrote a Song,Mae Muller,Moldova,MD,0,0,False,success
2023,United Kingdom,I Wrote a Song,Mae Muller,Montenegro,ME,0,0,False,success
2023,United Kingdom,I Wrote a Song,Mae Muller,North Macedonia,MK,0,0,False,success
2023,United Kingdom,I Wrote a Song,Mae Muller,Malta,MT,0,0,False,success
2023,United Kingdom,I Wrote a Song,Mae Muller,Netherlands,NL,0,12,False,success
2023,United Kingdom,I Wrote a Song,Mae Muller,Norway,NO,0,21,False,success
2023,United Kingdom,I Wrote a Song,Mae Muller,Poland,PL,0,12,False,success
2023,United Kingdom,I Wrote a Song,Mae Muller,Portugal,PT,0,18,False,success
2023,United Kingdom,I Wrote a Song,Mae Muller,Romania,RO,0,6,False,success
2023,United Kingdom,I Wrote a Song,Mae Muller,Serbia,RS,0,0,False,success
2023,United Kingdom,I Wrote a Song,Mae Muller,Russia,RU,0,1,False,success
2023,United Kingdom,I Wrote a Song,Mae Muller,Sweden,SE,0,15,False,success
2023,United Kingdom,I Wrote a Song,Mae Muller,Slovenia,SI,0,0,False,success
2023,United Kingdom,I Wrote a Song,Mae Muller,San Marino,SM,0,0,False,success
2023,United Kingdom,I Wrote a Song,Mae Muller,Ukraine,UA,0,3,False,success
2024,Armenia,Jako,Ladaniva,Albania,AL,0,0,False,success
2024,Armenia,Jako,Ladaniva,Armenia,AM,100,100,True,success
2024,Armenia,Jako,Ladaniva,Austria,AT,0,2,False,success
2024,Armenia,Jako,Ladaniva,Australia,AU,0,0,False,success
2024,Armenia,Jako,Ladaniva,Azerbaijan,AZ,0,0,False,success
2024,Armenia,Jako,Ladaniva,Belgium,BE,0,1,False,success
2024,Armenia,Jako,Ladaniva,Bulgaria,BG,0,1,False,success
2024,Armenia,Jako,Ladaniva,Belarus,BY,0,0,False,success
2024,Armenia,Jako,Ladaniva,Switzerland,CH,0,1,False,success
2024,Armenia,Jako,Ladaniva,Cyprus,CY,0,0,False,success
2024,Armenia,Jako,Ladaniva,Czechia,CZ,0,67,False,success
2024,Armenia,Jako,Ladaniva,Germany,DE,1,1,False,success
2024,Armenia,Jako,Ladaniva,Denmark,DK,0,1,False,success
2024,Armenia,Jako,Ladaniva,Estonia,EE,0,0,False,success
2024,Armenia,Jako,Ladaniva,Spain,ES,0,0,False,success
2024,Armenia,Jako,Ladaniva,Finland,FI,0,1,False,success
2024,Armenia,Jako,Ladaniva,France,FR,2,0,False,success
2024,Armenia,Jako,Ladaniva,United Kingdom,GB,0,0,False,success
2024,Armenia,Jako,Ladaniva,Georgia,GE,0,3,False,success
2024,Armenia,Jako,Ladaniva,Greece,GR,0,2,False,success
2024,Armenia,Jako,Ladaniva,Croatia,HR,0,18,False,success
2024,Armenia,Jako,Ladaniva,Hungary,HU,0,0,False,success
2024,Armenia,Jako,Ladaniva,Ireland,IE,0,0,False,success
2024,Armenia,Jako,Ladaniva,Israel,IL,0,0,False,success
2024,Armenia,Jako,Ladaniva,Iceland,IS,0,0,False,success
2024,Armenia,Jako,Ladaniva,Italy,IT,0,0,False,success
2024,Armenia,Jako,Ladaniva,Lithuania,LT,0,0,False,success
2024,Armenia,Jako,Ladaniva,Luxembourg,LU,0,0,False,success
2024,Armenia,Jako,Ladaniva,Latvia,LV,0,0,False,success
2024,Armenia,Jako,Ladaniva,Moldova,MD,0,0,False,success
2024,Armenia,Jako,Ladaniva,Montenegro,ME,0,16,False,success
2024,Armenia,Jako,Ladaniva,North Macedonia,MK,0,14,False,success
2024,Armenia,Jako,Ladaniva,Malta,MT,0,0,False,success
2024,Armenia,Jako,Ladaniva,Netherlands,NL,5,1,False,success
2024,Armenia,Jako,Ladaniva,Norway,NO,0,0,False,success
2024,Armenia,Jako,Ladaniva,Poland,PL,3,13,False,success
2024,Armenia,Jako,Ladaniva,Portugal,PT,0,0,False,success
2024,Armenia,Jako,Ladaniva,Romania,RO,0,0,False,success
2024,Armenia,Jako,Ladaniva,Serbia,RS,0,19,False,success
2024,Armenia,Jako,Ladaniva,Russia,RU,0,0,False,success
2024,Armenia,Jako,Ladaniva,Sweden,SE,0,1,False,success
2024,Armenia,Jako,Ladaniva,Slovenia,SI,0,8,False,success
2024,Armenia,Jako,Ladaniva,San Marino,SM,0,0,False,success
2024,Armenia,Jako,Ladaniva,Ukraine,UA,0,0,False,success
2024,Austria,We Will Rave,Kaleen,Albania,AL,0,0,False,success
2024,Austria,We Will Rave,Kaleen,Armenia,AM,0,0,False,success
2024,Austria,We Will Rave,Kaleen,Austria,AT,3,100,True,success
2024,Austria,We Will Rave,Kaleen,Australia,AU,0,0,False,success
2024,Austria,We Will Rave,Kaleen,Azerbaijan,AZ,0,0,False,success
2024,Austria,We Will Rave,Kaleen,Belgium,BE,0,3,False,success
2024,Austria,We Will Rave,Kaleen,Bulgaria,BG,0,0,False,success
2024,Austria,We Will Rave,Kaleen,Belarus,BY,0,0,False,success
2024,Austria,We Will Rave,Kaleen,Switzerland,CH,0,3,False,success
2024,Austria,We Will Rave,Kaleen,Cyprus,CY,0,0,False,success
2024,Austria,We Will Rave,Kaleen,Czechia,CZ,0,0,False,success
2024,Austria,We Will Rave,Kaleen,Germany,DE,0,2,False,success
2024,Austria,We Will Rave,Kaleen,Denmark,DK,0,0,False,success
2024,Austria,We Will Rave,Kaleen,Estonia,EE,0,0,False,success
2024,Austria,We Will Rave,Kaleen,Spain,ES,0,3,False,success
2024,Austria,We Will Rave,Kaleen,Finland,FI,0,9,False,success
2024,Austria,We Will Rave,Kaleen,France,FR,0,1,False,success
2024,Austria,We Will Rave,Kaleen,United Kingdom,GB,0,1,False,success
2024,Austria,We Will Rave,Kaleen,Georgia,GE,0,0,False,success
2024,Austria,We Will Rave,Kaleen,Greece,GR,0,7,False,success
2024,Austria,We Will Rave,Kaleen,Croatia,HR,0,4,False,success
2024,Austria,We Will Rave,Kaleen,Hungary,HU,0,0,False,success
2024,Austria,We Will Rave,Kaleen,Ireland,IE,0,0,False,success
2024,Austria,We Will Rave,Kaleen,Israel,IL,0,2,False,success
2024,Austria,We Will Rave,Kaleen,Iceland,IS,0,0,False,success
2024,Austria,We Will Rave,Kaleen,Italy,IT,0,2,False,success
2024,Austria,We Will Rave,Kaleen,Lithuania,LT,0,11,False,success
2024,Austria,We Will Rave,Kaleen,Luxembourg,LU,0,0,False,success
2024,Austria,We Will Rave,Kaleen,Latvia,LV,0,0,False,success
2024,Austria,We Will Rave,Kaleen,Moldova,MD,0,0,False,success
2024,Austria,We Will Rave,Kaleen,Montenegro,ME,0,0,False,success
2024,Austria,We Will Rave,Kaleen,North Macedonia,MK,0,0,False,success
2024,Austria,We Will Rave,Kaleen,Malta,MT,0,0,False,success
2024,Austria,We Will Rave,Kaleen,Netherlands,NL,0,5,False,success
2024,Austria,We Will Rave,Kaleen,Norway,NO,0,0,False,success
2024,Austria,We Will Rave,Kaleen,Poland,PL,0,3,False,success
2024,Austria,We Will Rave,Kaleen,Portugal,PT,0,2,False,success
2024,Austria,We Will Rave,Kaleen,Romania,RO,0,1,False,success
2024,Austria,We Will Rave,Kaleen,Serbia,RS,0,4,False,success
2024,Austria,We Will Rave,Kaleen,Russia,RU,0,0,False,success
2024,Austria,We Will Rave,Kaleen,Sweden,SE,0,4,False,success
2024,Austria,We Will Rave,Kaleen,Slovenia,SI,0,0,False,success
2024,Austria,We Will Rave,Kaleen,San Marino,SM,0,0,False,success
2024,Austria,We Will Rave,Kaleen,Ukraine,UA,0,0,False,success
2024,Croatia,Rim Tim Tagi Dim,Baby Lasagna,Albania,AL,0,0,False,success
2024,Croatia,Rim Tim Tagi Dim,Baby Lasagna,Armenia,AM,0,0,False,success
2024,Croatia,Rim Tim Tagi Dim,Baby Lasagna,Austria,AT,3,1,False,success
2024,Croatia,Rim Tim Tagi Dim,Baby Lasagna,Australia,AU,0,0,False,success
2024,Croatia,Rim Tim Tagi Dim,Baby Lasagna,Azerbaijan,AZ,0,0,False,success
2024,Croatia,Rim Tim Tagi Dim,Baby Lasagna,Belgium,BE,0,1,False,success
2024,Croatia,Rim Tim Tagi Dim,Baby Lasagna,Bulgaria,BG,0,0,False,success
2024,Croatia,Rim Tim Tagi Dim,Baby Lasagna,Belarus,BY,0,0,False,success
2024,Croatia,Rim Tim Tagi Dim,Baby Lasagna,Switzerland,CH,2,1,False,success
2024,Croatia,Rim Tim Tagi Dim,Baby Lasagna,Cyprus,CY,0,1,False,success
2024,Croatia,Rim Tim Tagi Dim,Baby Lasagna,Czechia,CZ,0,0,False,success
2024,Croatia,Rim Tim Tagi Dim,Baby Lasagna,Germany,DE,1,1,False,success
2024,Croatia,Rim Tim Tagi Dim,Baby Lasagna,Denmark,DK,0,1,False,success
2024,Croatia,Rim Tim Tagi Dim,Baby Lasagna,Estonia,EE,0,1,False,success
2024,Croatia,Rim Tim Tagi Dim,Baby Lasagna,Spain,ES,1,0,False,success
2024,Croatia,Rim Tim Tagi Dim,Baby Lasagna,Finland,FI,0,2,False,success
2024,Croatia,Rim Tim Tagi Dim,Baby Lasagna,France,FR,0,0,False,success
2024,Croatia,Rim Tim Tagi Dim,Baby Lasagna,United Kingdom,GB,1,0,False,success
2024,Croatia,Rim Tim Tagi Dim,Baby Lasagna,Georgia,GE,0,0,False,success
2024,Croatia,Rim Tim Tagi Dim,Baby Lasagna,Greece,GR,2,1,False,success
2024,Croatia,Rim Tim Tagi Dim,Baby Lasagna,Croatia,HR,100,100,True,success
2024,Croatia,Rim Tim Tagi Dim,Baby Lasagna,Hungary,HU,0,0,False,success
2024,Croatia,Rim Tim Tagi Dim,Baby Lasagna,Ireland,IE,0,1,False,success
2024,Croatia,Rim Tim Tagi Dim,Baby Lasagna,Israel,IL,0,0,False,success
2024,Croatia,Rim Tim Tagi Dim,Baby Lasagna,Iceland,IS,0,0,False,success
2024,Croatia,Rim Tim Tagi Dim,Baby Lasagna,Italy,IT,1,0,False,success
2024,Croatia,Rim Tim Tagi Dim,Baby Lasagna,Lithuania,LT,0,3,False,success
2024,Croatia,Rim Tim Tagi Dim,Baby Lasagna,Luxembourg,LU,0,0,False,success
2024,Croatia,Rim Tim Tagi Dim,Baby Lasagna,Latvia,LV,0,1,False,success
2024,Croatia,Rim Tim Tagi Dim,Baby Lasagna,Moldova,MD,0,0,False,success
2024,Croatia,Rim Tim Tagi Dim,Baby Lasagna,Montenegro,ME,0,4,False,success
2024,Croatia,Rim Tim Tagi Dim,Baby Lasagna,North Macedonia,MK,0,1,False,success
2024,Croatia,Rim Tim Tagi Dim,Baby Lasagna,Malta,MT,0,0,False,success
2024,Croatia,Rim Tim Tagi Dim,Baby Lasagna,Netherlands,NL,2,1,False,success
2024,Croatia,Rim Tim Tagi Dim,Baby Lasagna,Norway,NO,0,1,False,success
2024,Croatia,Rim Tim Tagi Dim,Baby Lasagna,Poland,PL,1,1,False,success
2024,Croatia,Rim Tim Tagi Dim,Baby Lasagna,Portugal,PT,0,0,False,success
2024,Croatia,Rim Tim Tagi Dim,Baby Lasagna,Romania,RO,0,0,False,success
2024,Croatia,Rim Tim Tagi Dim,Baby Lasagna,Serbia,RS,15,5,False,success
2024,Croatia,Rim Tim Tagi Dim,Baby Lasagna,Russia,RU,0,0,False,success
2024,Croatia,Rim Tim Tagi Dim,Baby Lasagna,Sweden,SE,2,1,False,success
2024,Croatia,Rim Tim Tagi Dim,Baby Lasagna,Slovenia,SI,12,8,False,success
2024,Croatia,Rim Tim Tagi Dim,Baby Lasagna,San Marino,SM,0,0,False,success
2024,Croatia,Rim Tim Tagi Dim,Baby Lasagna,Ukraine,UA,3,0,False,success
2024,Cyprus,Liar,Silia Kapsis,Albania,AL,0,12,False,success
2024,Cyprus,Liar,Silia Kapsis,Armenia,AM,0,5,False,success
2024,Cyprus,Liar,Silia Kapsis,Austria,AT,0,11,False,success
2024,Cyprus,Liar,Silia Kapsis,Australia,AU,0,17,False,success
2024,Cyprus,Liar,Silia Kapsis,Azerbaijan,AZ,0,4,False,success
2024,Cyprus,Liar,Silia Kapsis,Belgium,BE,0,12,False,success
2024,Cyprus,Liar,Silia Kapsis,Bulgaria,BG,0,8,False,success
2024,Cyprus,Liar,Silia Kapsis,Belarus,BY,0,2,False,success
2024,Cyprus,Liar,Silia Kapsis,Switzerland,CH,0,8,False,success
2024,Cyprus,Liar,Silia Kapsis,Cyprus,CY,0,75,True,success
2024,Cyprus,Liar,Silia Kapsis,Czechia,CZ,0,11,False,success
2024,Cyprus,Liar,Silia Kapsis,Germany,DE,5,6,False,success
2024,Cyprus,Liar,Silia Kapsis,Denmark,DK,0,12,False,success
2024,Cyprus,Liar,Silia Kapsis,Estonia,EE,0,7,False,success
2024,Cyprus,Liar,Silia Kapsis,Spain,ES,0,9,False,success
2024,Cyprus,Liar,Silia Kapsis,Finland,FI,0,11,False,success
2024,Cyprus,Liar,Silia Kapsis,France,FR,0,8,False,success
2024,Cyprus,Liar,Silia Kapsis,United Kingdom,GB,6,18,False,success
2024,Cyprus,Liar,Silia Kapsis,Georgia,GE,0,12,False,success
2024,Cyprus,Liar,Silia Kapsis,Greece,GR,34,38,False,success
2024,Cyprus,Liar,Silia Kapsis,Croatia,HR,0,13,False,success
2024,Cyprus,Liar,Silia Kapsis,Hungary,HU,0,8,False,success
2024,Cyprus,Liar,Silia Kapsis,Ireland,IE,0,17,False,success
2024,Cyprus,Liar,Silia Kapsis,Israel,IL,0,5,False,success
2024,Cyprus,Liar,Silia Kapsis,Iceland,IS,0,0,False,success
2024,Cyprus,Liar,Silia Kapsis,Italy,IT,5,9,False,success
2024,Cyprus,Liar,Silia Kapsis,Lithuania,LT,0,10,False,success
2024,Cyprus,Liar,Silia Kapsis,Luxembourg,LU,0,11,False,success
2024,Cyprus,Liar,Silia Kapsis,Latvia,LV,0,6,False,success
2024,Cyprus,Liar,Silia Kapsis,Moldova,MD,0,4,False,success
2024,Cyprus,Liar,Silia Kapsis,Montenegro,ME,0,0,False,success
2024,Cyprus,Liar,Silia Kapsis,North Macedonia,MK,0,12,False,success
2024,Cyprus,Liar,Silia Kapsis,Malta,MT,0,29,False,success
2024,Cyprus,Liar,Silia Kapsis,Netherlands,NL,0,10,False,success
2024,Cyprus,Liar,Silia Kapsis,Norway,NO,0,13,False,success
2024,Cyprus,Liar,Silia Kapsis,Poland,PL,0,9,False,success
2024,Cyprus,Liar,Silia Kapsis,Portugal,PT,0,10,False,success
2024,Cyprus,Liar,Silia Kapsis,Romania,RO,0,9,False,success
2024,Cyprus,Liar,Silia Kapsis,Serbia,RS,0,9,False,success
2024,Cyprus,Liar,Silia Kapsis,Russia,RU,0,2,False,success
2024,Cyprus,Liar,Silia Kapsis,Sweden,SE,0,12,False,success
2024,Cyprus,Liar,Silia Kapsis,Slovenia,SI,0,14,False,success
2024,Cyprus,Liar,Silia Kapsis,San Marino,SM,0,0,False,success
2024,Cyprus,Liar,Silia Kapsis,Ukraine,UA,0,3,False,success
2024,Estonia,(nendest) narkootikumidest ei tea me (küll) midagi,5miinust & Puuluup,Albania,AL,0,0,False,success
2024,Estonia,(nendest) narkootikumidest ei tea me (küll) midagi,5miinust & Puuluup,Armenia,AM,0,0,False,success
2024,Estonia,(nendest) narkootikumidest ei tea me (küll) midagi,5miinust & Puuluup,Austria,AT,0,0,False,success
2024,Estonia,(nendest) narkootikumidest ei tea me (küll) midagi,5miinust & Puuluup,Australia,AU,0,0,False,success
2024,Estonia,(nendest) narkootikumidest ei tea me (küll) midagi,5miinust & Puuluup,Azerbaijan,AZ,0,0,False,success
2024,Estonia,(nendest) narkootikumidest ei tea me (küll) midagi,5miinust & Puuluup,Belgium,BE,0,0,False,success
2024,Estonia,(nendest) narkootikumidest ei tea me (küll) midagi,5miinust & Puuluup,Bulgaria,BG,0,0,False,success
2024,Estonia,(nendest) narkootikumidest ei tea me (küll) midagi,5miinust & Puuluup,Belarus,BY,0,0,False,success
2024,Estonia,(nendest) narkootikumidest ei tea me (küll) midagi,5miinust & Puuluup,Switzerland,CH,0,0,False,success
2024,Estonia,(nendest) narkootikumidest ei tea me (küll) midagi,5miinust & Puuluup,Cyprus,CY,0,0,False,success
2024,Estonia,(nendest) narkootikumidest ei tea me (küll) midagi,5miinust & Puuluup,Czechia,CZ,0,0,False,success
2024,Estonia,(nendest) narkootikumidest ei tea me (küll) midagi,5miinust & Puuluup,Germany,DE,0,0,False,success
2024,Estonia,(nendest) narkootikumidest ei tea me (küll) midagi,5miinust & Puuluup,Denmark,DK,0,0,False,success
2024,Estonia,(nendest) narkootikumidest ei tea me (küll) midagi,5miinust & Puuluup,Estonia,EE,0,100,True,success
2024,Estonia,(nendest) narkootikumidest ei tea me (küll) midagi,5miinust & Puuluup,Spain,ES,0,0,False,success
2024,Estonia,(nendest) narkootikumidest ei tea me (küll) midagi,5miinust & Puuluup,Finland,FI,0,5,False,success
2024,Estonia,(nendest) narkootikumidest ei tea me (küll) midagi,5miinust & Puuluup,France,FR,0,0,False,success
2024,Estonia,(nendest) narkootikumidest ei tea me (küll) midagi,5miinust & Puuluup,United Kingdom,GB,0,0,False,success
2024,Estonia,(nendest) narkootikumidest ei tea me (küll) midagi,5miinust & Puuluup,Georgia,GE,0,0,False,success
2024,Estonia,(nendest) narkootikumidest ei tea me (küll) midagi,5miinust & Puuluup,Greece,GR,0,0,False,success
2024,Estonia,(nendest) narkootikumidest ei tea me (küll) midagi,5miinust & Puuluup,Croatia,HR,0,0,False,success
2024,Estonia,(nendest) narkootikumidest ei tea me (küll) midagi,5miinust & Puuluup,Hungary,HU,0,0,False,success
2024,Estonia,(nendest) narkootikumidest ei tea me (küll) midagi,5miinust & Puuluup,Ireland,IE,0,3,False,success
2024,Estonia,(nendest) narkootikumidest ei tea me (küll) midagi,5miinust & Puuluup,Israel,IL,0,0,False,success
2024,Estonia,(nendest) narkootikumidest ei tea me (küll) midagi,5miinust & Puuluup,Iceland,IS,0,0,False,success
2024,Estonia,(nendest) narkootikumidest ei tea me (küll) midagi,5miinust & Puuluup,Italy,IT,0,0,False,success
2024,Estonia,(nendest) narkootikumidest ei tea me (küll) midagi,5miinust & Puuluup,Lithuania,LT,0,0,False,success
2024,Estonia,(nendest) narkootikumidest ei tea me (küll) midagi,5miinust & Puuluup,Luxembourg,LU,0,0,False,success
2024,Estonia,(nendest) narkootikumidest ei tea me (küll) midagi,5miinust & Puuluup,Latvia,LV,0,0,False,success
2024,Estonia,(nendest) narkootikumidest ei tea me (küll) midagi,5miinust & Puuluup,Moldova,MD,0,0,False,success
2024,Estonia,(nendest) narkootikumidest ei tea me (küll) midagi,5miinust & Puuluup,Montenegro,ME,0,0,False,success
2024,Estonia,(nendest) narkootikumidest ei tea me (küll) midagi,5miinust & Puuluup,North Macedonia,MK,0,0,False,success
2024,Estonia,(nendest) narkootikumidest ei tea me (küll) midagi,5miinust & Puuluup,Malta,MT,0,0,False,success
2024,Estonia,(nendest) narkootikumidest ei tea me (küll) midagi,5miinust & Puuluup,Netherlands,NL,0,0,False,success
2024,Estonia,(nendest) narkootikumidest ei tea me (küll) midagi,5miinust & Puuluup,Norway,NO,0,0,False,success
2024,Estonia,(nendest) narkootikumidest ei tea me (küll) midagi,5miinust & Puuluup,Poland,PL,0,0,False,success
2024,Estonia,(nendest) narkootikumidest ei tea me (küll) midagi,5miinust & Puuluup,Portugal,PT,0,0,False,success
2024,Estonia,(nendest) narkootikumidest ei tea me (küll) midagi,5miinust & Puuluup,Romania,RO,0,0,False,success
2024,Estonia,(nendest) narkootikumidest ei tea me (küll) midagi,5miinust & Puuluup,Serbia,RS,0,0,False,success
2024,Estonia,(nendest) narkootikumidest ei tea me (küll) midagi,5miinust & Puuluup,Russia,RU,0,0,False,success
2024,Estonia,(nendest) narkootikumidest ei tea me (küll) midagi,5miinust & Puuluup,Sweden,SE,0,0,False,success
2024,Estonia,(nendest) narkootikumidest ei tea me (küll) midagi,5miinust & Puuluup,Slovenia,SI,0,0,False,success
2024,Estonia,(nendest) narkootikumidest ei tea me (küll) midagi,5miinust & Puuluup,San Marino,SM,0,0,False,success
2024,Estonia,(nendest) narkootikumidest ei tea me (küll) midagi,5miinust & Puuluup,Ukraine,UA,0,0,False,success
2024,Finland,No Rules!,Windows95man,Albania,AL,0,0,False,success
2024,Finland,No Rules!,Windows95man,Armenia,AM,0,2,False,success
2024,Finland,No Rules!,Windows95man,Austria,AT,0,2,False,success
2024,Finland,No Rules!,Windows95man,Australia,AU,1,1,False,success
2024,Finland,No Rules!,Windows95man,Azerbaijan,AZ,0,0,False,success
2024,Finland,No Rules!,Windows95man,Belgium,BE,0,2,False,success
2024,Finland,No Rules!,Windows95man,Bulgaria,BG,0,0,False,success
2024,Finland,No Rules!,Windows95man,Belarus,BY,0,1,False,success
2024,Finland,No Rules!,Windows95man,Switzerland,CH,0,1,False,success
2024,Finland,No Rules!,Windows95man,Cyprus,CY,0,3,False,success
2024,Finland,No Rules!,Windows95man,Czechia,CZ,0,1,False,success
2024,Finland,No Rules!,Windows95man,Germany,DE,0,1,False,success
2024,Finland,No Rules!,Windows95man,Denmark,DK,0,2,False,success
2024,Finland,No Rules!,Windows95man,Estonia,EE,0,9,False,success
2024,Finland,No Rules!,Windows95man,Spain,ES,0,1,False,success
2024,Finland,No Rules!,Windows95man,Finland,FI,28,100,True,success
2024,Finland,No Rules!,Windows95man,France,FR,0,0,False,success
2024,Finland,No Rules!,Windows95man,United Kingdom,GB,0,1,False,success
2024,Finland,No Rules!,Windows95man,Georgia,GE,0,0,False,success
2024,Finland,No Rules!,Windows95man,Greece,GR,0,1,False,success
2024,Finland,No Rules!,Windows95man,Croatia,HR,0,3,False,success
2024,Finland,No Rules!,Windows95man,Hungary,HU,0,1,False,success
2024,Finland,No Rules!,Windows95man,Ireland,IE,0,2,False,success
2024,Finland,No Rules!,Windows95man,Israel,IL,0,1,False,success
2024,Finland,No Rules!,Windows95man,Iceland,IS,0,0,False,success
2024,Finland,No Rules!,Windows95man,Italy,IT,0,1,False,success
2024,Finland,No Rules!,Windows95man,Lithuania,LT,0,8,False,success
2024,Finland,No Rules!,Windows95man,Luxembourg,LU,0,0,False,success
2024,Finland,No Rules!,Windows95man,Latvia,LV,0,3,False,success
2024,Finland,No Rules!,Windows95man,Moldova,MD,0,0,False,success
2024,Finland,No Rules!,Windows95man,Montenegro,ME,0,0,False,success
2024,Finland,No Rules!,Windows95man,North Macedonia,MK,0,0,False,success
2024,Finland,No Rules!,Windows95man,Malta,MT,0,0,False,success
2024,Finland,No Rules!,Windows95man,Netherlands,NL,0,2,False,success
2024,Finland,No Rules!,Windows95man,Norway,NO,0,3,False,success
2024,Finland,No Rules!,Windows95man,Poland,PL,1,3,False,success
2024,Finland,No Rules!,Windows95man,Portugal,PT,0,1,False,success
2024,Finland,No Rules!,Windows95man,Romania,RO,0,0,False,success
2024,Finland,No Rules!,Windows95man,Serbia,RS,0,2,False,success
2024,Finland,No Rules!,Windows95man,Russia,RU,0,0,False,success
2024,Finland,No Rules!,Windows95man,Sweden,SE,2,5,False,success
2024,Finland,No Rules!,Windows95man,Slovenia,SI,0,4,False,success
2024,Finland,No Rules!,Windows95man,San Marino,SM,0,0,False,success
2024,Finland,No Rules!,Windows95man,Ukraine,UA,0,1,False,success
2024,France,Mon amour,Slimane,Albania,AL,0,3,False,success
2024,France,Mon amour,Slimane,Armenia,AM,0,2,False,success
2024,France,Mon amour,Slimane,Austria,AT,6,2,False,success
2024,France,Mon amour,Slimane,Australia,AU,0,0,False,success
2024,France,Mon amour,Slimane,Azerbaijan,AZ,0,0,False,success
2024,France,Mon amour,Slimane,Belgium,BE,26,18,False,success
2024,France,Mon amour,Slimane,Bulgaria,BG,0,0,False,success
2024,France,Mon amour,Slimane,Belarus,BY,0,0,False,success
2024,France,Mon amour,Slimane,Switzerland,CH,5,6,False,success
2024,France,Mon amour,Slimane,Cyprus,CY,0,2,False,success
2024,France,Mon amour,Slimane,Czechia,CZ,0,0,False,success
2024,France,Mon amour,Slimane,Germany,DE,2,1,False,success
2024,France,Mon amour,Slimane,Denmark,DK,6,1,False,success
2024,France,Mon amour,Slimane,Estonia,EE,0,0,False,success
2024,France,Mon amour,Slimane,Spain,ES,5,4,False,success
2024,France,Mon amour,Slimane,Finland,FI,0,1,False,success
2024,France,Mon amour,Slimane,France,FR,51,28,True,success
2024,France,Mon amour,Slimane,United Kingdom,GB,1,0,False,success
2024,France,Mon amour,Slimane,Georgia,GE,0,0,False,success
2024,France,Mon amour,Slimane,Greece,GR,14,4,False,success
2024,France,Mon amour,Slimane,Croatia,HR,0,3,False,success
2024,France,Mon amour,Slimane,Hungary,HU,0,1,False,success
2024,France,Mon amour,Slimane,Ireland,IE,0,1,False,success
2024,France,Mon amour,Slimane,Israel,IL,0,1,False,success
2024,France,Mon amour,Slimane,Iceland,IS,0,0,False,success
2024,France,Mon amour,Slimane,Italy,IT,6,10,False,success
2024,France,Mon amour,Slimane,Lithuania,LT,0,1,False,success
2024,France,Mon amour,Slimane,Luxembourg,LU,0,20,False,success
2024,France,Mon amour,Slimane,Latvia,LV,0,0,False,success
2024,France,Mon amour,Slimane,Moldova,MD,0,2,False,success
2024,France,Mon amour,Slimane,Montenegro,ME,0,0,False,success
2024,France,Mon amour,Slimane,North Macedonia,MK,0,0,False,success
2024,France,Mon amour,Slimane,Malta,MT,0,6,False,success
2024,France,Mon amour,Slimane,Netherlands,NL,6,2,False,success
2024,France,Mon amour,Slimane,Norway,NO,7,2,False,success
2024,France,Mon amour,Slimane,Poland,PL,5,1,False,success
2024,France,Mon amour,Slimane,Portugal,PT,7,4,False,success
2024,France,Mon amour,Slimane,Romania,RO,0,2,False,success
2024,France,Mon amour,Slimane,Serbia,RS,19,2,False,success
2024,France,Mon amour,Slimane,Russia,RU,0,0,False,success
2024,France,Mon amour,Slimane,Sweden,SE,7,1,False,success
2024,France,Mon amour,Slimane,Slovenia,SI,0,1,False,success
2024,France,Mon amour,Slimane,San Marino,SM,0,0,False,success
2024,France,Mon amour,Slimane,Ukraine,UA,4,0,False,success
2024,Georgia,Firefighter,Nutsa Buzaladze,Albania,AL,0,12,False,success
2024,Georgia,Firefighter,Nutsa Buzaladze,Armenia,AM,0,0,False,success
2024,Georgia,Firefighter,Nutsa Buzaladze,Austria,AT,0,11,False,success
2024,Georgia,Firefighter,Nutsa Buzaladze,Australia,AU,0,17,False,success
2024,Georgia,Firefighter,Nutsa Buzaladze,Azerbaijan,AZ,0,0,False,success
2024,Georgia,Firefighter,Nutsa Buzaladze,Belgium,BE,0,7,False,success
2024,Georgia,Firefighter,Nutsa Buzaladze,Bulgaria,BG,0,0,False,success
2024,Georgia,Firefighter,Nutsa Buzaladze,Belarus,BY,0,0,False,success
2024,Georgia,Firefighter,Nutsa Buzaladze,Switzerland,CH,0,7,False,success
2024,Georgia,Firefighter,Nutsa Buzaladze,Cyprus,CY,0,0,False,success
2024,Georgia,Firefighter,Nutsa Buzaladze,Czechia,CZ,0,9,False,success
2024,Georgia,Firefighter,Nutsa Buzaladze,Germany,DE,0,7,False,success
2024,Georgia,Firefighter,Nutsa Buzaladze,Denmark,DK,0,17,False,success
2024,Georgia,Firefighter,Nutsa Buzaladze,Estonia,EE,0,0,False,success
2024,Georgia,Firefighter,Nutsa Buzaladze,Spain,ES,0,4,False,success
2024,Georgia,Firefighter,Nutsa Buzaladze,Finland,FI,0,14,False,success
2024,Georgia,Firefighter,Nutsa Buzaladze,France,FR,0,3,False,success
2024,Georgia,Firefighter,Nutsa Buzaladze,United Kingdom,GB,0,15,False,success
2024,Georgia,Firefighter,Nutsa Buzaladze,Georgia,GE,0,88,True,success
2024,Georgia,Firefighter,Nutsa Buzaladze,Greece,GR,0,16,False,success
2024,Georgia,Firefighter,Nutsa Buzaladze,Croatia,HR,0,11,False,success
2024,Georgia,Firefighter,Nutsa Buzaladze,Hungary,HU,0,7,False,success
2024,Georgia,Firefighter,Nutsa Buzaladze,Ireland,IE,0,15,False,success
2024,Georgia,Firefighter,Nutsa Buzaladze,Israel,IL,0,4,False,success
2024,Georgia,Firefighter,Nutsa Buzaladze,Iceland,IS,0,0,False,success
2024,Georgia,Firefighter,Nutsa Buzaladze,Italy,IT,0,4,False,success
2024,Georgia,Firefighter,Nutsa Buzaladze,Lithuania,LT,0,11,False,success
2024,Georgia,Firefighter,Nutsa Buzaladze,Luxembourg,LU,0,0,False,success
2024,Georgia,Firefighter,Nutsa Buzaladze,Latvia,LV,0,0,False,success
2024,Georgia,Firefighter,Nutsa Buzaladze,Moldova,MD,0,0,False,success
2024,Georgia,Firefighter,Nutsa Buzaladze,Montenegro,ME,0,0,False,success
2024,Georgia,Firefighter,Nutsa Buzaladze,North Macedonia,MK,0,0,False,success
2024,Georgia,Firefighter,Nutsa Buzaladze,Malta,MT,0,0,False,success
2024,Georgia,Firefighter,Nutsa Buzaladze,Netherlands,NL,0,8,False,success
2024,Georgia,Firefighter,Nutsa Buzaladze,Norway,NO,0,8,False,success
2024,Georgia,Firefighter,Nutsa Buzaladze,Poland,PL,0,7,False,success
2024,Georgia,Firefighter,Nutsa Buzaladze,Portugal,PT,0,5,False,success
2024,Georgia,Firefighter,Nutsa Buzaladze,Romania,RO,0,5,False,success
2024,Georgia,Firefighter,Nutsa Buzaladze,Serbia,RS,0,8,False,success
2024,Georgia,Firefighter,Nutsa Buzaladze,Russia,RU,0,1,False,success
2024,Georgia,Firefighter,Nutsa Buzaladze,Sweden,SE,0,12,False,success
2024,Georgia,Firefighter,Nutsa Buzaladze,Slovenia,SI,0,22,False,success
2024,Georgia,Firefighter,Nutsa Buzaladze,San Marino,SM,0,0,False,success
2024,Georgia,Firefighter,Nutsa Buzaladze,Ukraine,UA,0,2,False,success
2024,Germany,Always on the Run,Isaak,Albania,AL,0,0,False,success
2024,Germany,Always on the Run,Isaak,Armenia,AM,0,0,False,success
2024,Germany,Always on the Run,Isaak,Austria,AT,12,26,False,success
2024,Germany,Always on the Run,Isaak,Australia,AU,0,0,False,success
2024,Germany,Always on the Run,Isaak,Azerbaijan,AZ,0,0,False,success
2024,Germany,Always on the Run,Isaak,Belgium,BE,17,10,False,success
2024,Germany,Always on the Run,Isaak,Bulgaria,BG,0,0,False,success
2024,Germany,Always on the Run,Isaak,Belarus,BY,0,0,False,success
2024,Germany,Always on the Run,Isaak,Switzerland,CH,0,31,False,success
2024,Germany,Always on the Run,Isaak,Cyprus,CY,0,0,False,success
2024,Germany,Always on the Run,Isaak,Czechia,CZ,0,11,False,success
2024,Germany,Always on the Run,Isaak,Germany,DE,57,100,True,success
2024,Germany,Always on the Run,Isaak,Denmark,DK,0,18,False,success
2024,Germany,Always on the Run,Isaak,Estonia,EE,0,0,False,success
2024,Germany,Always on the Run,Isaak,Spain,ES,3,5,False,success
2024,Germany,Always on the Run,Isaak,Finland,FI,0,17,False,success
2024,Germany,Always on the Run,Isaak,France,FR,0,5,False,success
2024,Germany,Always on the Run,Isaak,United Kingdom,GB,2,4,False,success
2024,Germany,Always on the Run,Isaak,Georgia,GE,0,0,False,success
2024,Germany,Always on the Run,Isaak,Greece,GR,0,10,False,success
2024,Germany,Always on the Run,Isaak,Croatia,HR,0,0,False,success
2024,Germany,Always on the Run,Isaak,Hungary,HU,0,0,False,success
2024,Germany,Always on the Run,Isaak,Ireland,IE,0,0,False,success
2024,Germany,Always on the Run,Isaak,Israel,IL,0,0,False,success
2024,Germany,Always on the Run,Isaak,Iceland,IS,0,0,False,success
2024,Germany,Always on the Run,Isaak,Italy,IT,4,9,False,success
2024,Germany,Always on the Run,Isaak,Lithuania,LT,0,0,False,success
2024,Germany,Always on the Run,Isaak,Luxembourg,LU,0,0,False,success
2024,Germany,Always on the Run,Isaak,Latvia,LV,0,0,False,success
2024,Germany,Always on the Run,Isaak,Moldova,MD,100,0,False,success
2024,Germany,Always on the Run,Isaak,Montenegro,ME,0,0,False,success
2024,Germany,Always on the Run,Isaak,North Macedonia,MK,0,0,False,success
2024,Germany,Always on the Run,Isaak,Malta,MT,0,0,False,success
2024,Germany,Always on the Run,Isaak,Netherlands,NL,9,15,False,success
2024,Germany,Always on the Run,Isaak,Norway,NO,0,0,False,success
2024,Germany,Always on the Run,Isaak,Poland,PL,3,9,False,success
2024,Germany,Always on the Run,Isaak,Portugal,PT,0,0,False,success
2024,Germany,Always on the Run,Isaak,Romania,RO,0,0,False,success
2024,Germany,Always on the Run,Isaak,Serbia,RS,0,0,False,success
2024,Germany,Always on the Run,Isaak,Russia,RU,0,1,False,success
2024,Germany,Always on the Run,Isaak,Sweden,SE,13,11,False,success
2024,Germany,Always on the Run,Isaak,Slovenia,SI,0,0,False,success
2024,Germany,Always on the Run,Isaak,San Marino,SM,0,0,False,success
2024,Germany,Always on the Run,Isaak,Ukraine,UA,0,3,False,success
2024,Greece,Zari,Marina Satti,Albania,AL,0,3,False,success
2024,Greece,Zari,Marina Satti,Armenia,AM,0,3,False,success
2024,Greece,Zari,Marina Satti,Austria,AT,0,1,False,success
2024,Greece,Zari,Marina Satti,Australia,AU,0,0,False,success
2024,Greece,Zari,Marina Satti,Azerbaijan,AZ,0,1,False,success
2024,Greece,Zari,Marina Satti,Belgium,BE,0,1,False,success
2024,Greece,Zari,Marina Satti,Bulgaria,BG,0,1,False,success
2024,Greece,Zari,Marina Satti,Belarus,BY,0,0,False,success
2024,Greece,Zari,Marina Satti,Switzerland,CH,0,1,False,success
2024,Greece,Zari,Marina Satti,Cyprus,CY,0,57,False,success
2024,Greece,Zari,Marina Satti,Czechia,CZ,0,1,False,success
2024,Greece,Zari,Marina Satti,Germany,DE,0,1,False,success
2024,Greece,Zari,Marina Satti,Denmark,DK,0,1,False,success
2024,Greece,Zari,Marina Satti,Estonia,EE,0,0,False,success
2024,Greece,Zari,Marina Satti,Spain,ES,0,1,False,success
2024,Greece,Zari,Marina Satti,Finland,FI,0,1,False,success
2024,Greece,Zari,Marina Satti,France,FR,0,0,False,success
2024,Greece,Zari,Marina Satti,United Kingdom,GB,0,1,False,success
2024,Greece,Zari,Marina Satti,Georgia,GE,0,5,False,success
2024,Greece,Zari,Marina Satti,Greece,GR,0,93,True,success
2024,Greece,Zari,Marina Satti,Croatia,HR,0,2,False,success
2024,Greece,Zari,Marina Satti,Hungary,HU,0,0,False,success
2024,Greece,Zari,Marina Satti,Ireland,IE,0,1,False,success
2024,Greece,Zari,Marina Satti,Israel,IL,0,1,False,success
2024,Greece,Zari,Marina Satti,Iceland,IS,0,0,False,success
2024,Greece,Zari,Marina Satti,Italy,IT,0,1,False,success
2024,Greece,Zari,Marina Satti,Lithuania,LT,0,1,False,success
2024,Greece,Zari,Marina Satti,Luxembourg,LU,0,0,False,success
2024,Greece,Zari,Marina Satti,Latvia,LV,0,0,False,success
2024,Greece,Zari,Marina Satti,Moldova,MD,0,2,False,success
2024,Greece,Zari,Marina Satti,Montenegro,ME,0,0,False,success
2024,Greece,Zari,Marina Satti,North Macedonia,MK,0,2,False,success
2024,Greece,Zari,Marina Satti,Malta,MT,0,0,False,success
2024,Greece,Zari,Marina Satti,Netherlands,NL,0,1,False,success
2024,Greece,Zari,Marina Satti,Norway,NO,0,1,False,success
2024,Greece,Zari,Marina Satti,Poland,PL,0,0,False,success
2024,Greece,Zari,Marina Satti,Portugal,PT,0,1,False,success
2024,Greece,Zari,Marina Satti,Romania,RO,0,1,False,success
2024,Greece,Zari,Marina Satti,Serbia,RS,0,3,False,success
2024,Greece,Zari,Marina Satti,Russia,RU,0,0,False,success
2024,Greece,Zari,Marina Satti,Sweden,SE,0,2,False,success
2024,Greece,Zari,Marina Satti,Slovenia,SI,0,0,False,success
2024,Greece,Zari,Marina Satti,San Marino,SM,0,0,False,success
2024,Greece,Zari,Marina Satti,Ukraine,UA,0,0,False,success
2024,Ireland,Doomsday Blue,Bambie Thug,Albania,AL,100,0,False,success
2024,Ireland,Doomsday Blue,Bambie Thug,Armenia,AM,0,0,False,success
2024,Ireland,Doomsday Blue,Bambie Thug,Austria,AT,0,10,False,success
2024,Ireland,Doomsday Blue,Bambie Thug,Australia,AU,0,2,False,success
2024,Ireland,Doomsday Blue,Bambie Thug,Azerbaijan,AZ,0,0,False,success
2024,Ireland,Doomsday Blue,Bambie Thug,Belgium,BE,0,9,False,success
2024,Ireland,Doomsday Blue,Bambie Thug,Bulgaria,BG,0,6,False,success
2024,Ireland,Doomsday Blue,Bambie Thug,Belarus,BY,0,0,False,success
2024,Ireland,Doomsday Blue,Bambie Thug,Switzerland,CH,0,0,False,success
2024,Ireland,Doomsday Blue,Bambie Thug,Cyprus,CY,0,15,False,success
2024,Ireland,Doomsday Blue,Bambie Thug,Czechia,CZ,0,3,False,success
2024,Ireland,Doomsday Blue,Bambie Thug,Germany,DE,1,3,False,success
2024,Ireland,Doomsday Blue,Bambie Thug,Denmark,DK,0,0,False,success
2024,Ireland,Doomsday Blue,Bambie Thug,Estonia,EE,0,20,False,success
2024,Ireland,Doomsday Blue,Bambie Thug,Spain,ES,2,6,False,success
2024,Ireland,Doomsday Blue,Bambie Thug,Finland,FI,0,26,False,success
2024,Ireland,Doomsday Blue,Bambie Thug,France,FR,0,1,False,success
2024,Ireland,Doomsday Blue,Bambie Thug,United Kingdom,GB,3,6,False,success
2024,Ireland,Doomsday Blue,Bambie Thug,Georgia,GE,0,0,False,success
2024,Ireland,Doomsday Blue,Bambie Thug,Greece,GR,20,27,False,success
2024,Ireland,Doomsday Blue,Bambie Thug,Croatia,HR,48,37,False,success
2024,Ireland,Doomsday Blue,Bambie Thug,Hungary,HU,0,0,False,success
2024,Ireland,Doomsday Blue,Bambie Thug,Ireland,IE,49,100,True,success
2024,Ireland,Doomsday Blue,Bambie Thug,Israel,IL,0,3,False,success
2024,Ireland,Doomsday Blue,Bambie Thug,Iceland,IS,0,0,False,success
2024,Ireland,Doomsday Blue,Bambie Thug,Italy,IT,3,5,False,success
2024,Ireland,Doomsday Blue,Bambie Thug,Lithuania,LT,0,42,False,success
2024,Ireland,Doomsday Blue,Bambie Thug,Luxembourg,LU,0,0,False,success
2024,Ireland,Doomsday Blue,Bambie Thug,Latvia,LV,0,22,False,success
2024,Ireland,Doomsday Blue,Bambie Thug,Moldova,MD,0,0,False,success
2024,Ireland,Doomsday Blue,Bambie Thug,Montenegro,ME,0,37,False,success
2024,Ireland,Doomsday Blue,Bambie Thug,North Macedonia,MK,0,0,False,success
2024,Ireland,Doomsday Blue,Bambie Thug,Malta,MT,0,0,False,success
2024,Ireland,Doomsday Blue,Bambie Thug,Netherlands,NL,6,13,False,success
2024,Ireland,Doomsday Blue,Bambie Thug,Norway,NO,0,11,False,success
2024,Ireland,Doomsday Blue,Bambie Thug,Poland,PL,14,12,False,success
2024,Ireland,Doomsday Blue,Bambie Thug,Portugal,PT,0,4,False,success
2024,Ireland,Doomsday Blue,Bambie Thug,Romania,RO,0,4,False,success
2024,Ireland,Doomsday Blue,Bambie Thug,Serbia,RS,22,16,False,success
2024,Ireland,Doomsday Blue,Bambie Thug,Russia,RU,3,1,False,success
2024,Ireland,Doomsday Blue,Bambie Thug,Sweden,SE,0,10,False,success
2024,Ireland,Doomsday Blue,Bambie Thug,Slovenia,SI,0,22,False,success
2024,Ireland,Doomsday Blue,Bambie Thug,San Marino,SM,0,0,False,success
2024,Ireland,Doomsday Blue,Bambie Thug,Ukraine,UA,16,5,False,success
2024,Israel,Hurricane,Eden Golan,Albania,AL,0,4,False,success
2024,Israel,Hurricane,Eden Golan,Armenia,AM,0,3,False,success
2024,Israel,Hurricane,Eden Golan,Austria,AT,0,15,False,success
2024,Israel,Hurricane,Eden Golan,Australia,AU,0,9,False,success
2024,Israel,Hurricane,Eden Golan,Azerbaijan,AZ,0,1,False,success
2024,Israel,Hurricane,Eden Golan,Belgium,BE,1,8,False,success
2024,Israel,Hurricane,Eden Golan,Bulgaria,BG,0,6,False,success
2024,Israel,Hurricane,Eden Golan,Belarus,BY,0,1,False,success
2024,Israel,Hurricane,Eden Golan,Switzerland,CH,1,9,False,success
2024,Israel,Hurricane,Eden Golan,Cyprus,CY,0,10,False,success
2024,Israel,Hurricane,Eden Golan,Czechia,CZ,0,7,False,success
2024,Israel,Hurricane,Eden Golan,Germany,DE,1,9,False,success
2024,Israel,Hurricane,Eden Golan,Denmark,DK,0,8,False,success
2024,Israel,Hurricane,Eden Golan,Estonia,EE,0,6,False,success
2024,Israel,Hurricane,Eden Golan,Spain,ES,0,5,False,success
2024,Israel,Hurricane,Eden Golan,Finland,FI,1,13,False,success
2024,Israel,Hurricane,Eden Golan,France,FR,1,6,False,success
2024,Israel,Hurricane,Eden Golan,United Kingdom,GB,0,8,False,success
2024,Israel,Hurricane,Eden Golan,Georgia,GE,0,4,False,success
2024,Israel,Hurricane,Eden Golan,Greece,GR,1,11,False,success
2024,Israel,Hurricane,Eden Golan,Croatia,HR,0,24,False,success
2024,Israel,Hurricane,Eden Golan,Hungary,HU,0,8,False,success
2024,Israel,Hurricane,Eden Golan,Ireland,IE,0,13,False,success
2024,Israel,Hurricane,Eden Golan,Israel,IL,17,100,True,success
2024,Israel,Hurricane,Eden Golan,Iceland,IS,0,18,False,success
2024,Israel,Hurricane,Eden Golan,Italy,IT,1,6,False,success
2024,Israel,Hurricane,Eden Golan,Lithuania,LT,0,8,False,success
2024,Israel,Hurricane,Eden Golan,Luxembourg,LU,0,8,False,success
2024,Israel,Hurricane,Eden Golan,Latvia,LV,0,6,False,success
2024,Israel,Hurricane,Eden Golan,Moldova,MD,0,0,False,success
2024,Israel,Hurricane,Eden Golan,Montenegro,ME,0,37,False,success
2024,Israel,Hurricane,Eden Golan,North Macedonia,MK,0,32,False,success
2024,Israel,Hurricane,Eden Golan,Malta,MT,0,24,False,success
2024,Israel,Hurricane,Eden Golan,Netherlands,NL,1,8,False,success
2024,Israel,Hurricane,Eden Golan,Norway,NO,2,9,False,success
2024,Israel,Hurricane,Eden Golan,Poland,PL,1,5,False,success
2024,Israel,Hurricane,Eden Golan,Portugal,PT,0,6,False,success
2024,Israel,Hurricane,Eden Golan,Romania,RO,0,5,False,success
2024,Israel,Hurricane,Eden Golan,Serbia,RS,0,35,False,success
2024,Israel,Hurricane,Eden Golan,Russia,RU,0,1,False,success
2024,Israel,Hurricane,Eden Golan,Sweden,SE,3,10,False,success
2024,Israel,Hurricane,Eden Golan,Slovenia,SI,0,21,False,success
2024,Israel,Hurricane,Eden Golan,San Marino,SM,0,0,False,success
2024,Israel,Hurricane,Eden Golan,Ukraine,UA,1,2,False,success
2024,Italy,La noia,Angelina Mango,Albania,AL,0,6,False,success
2024,Italy,La noia,Angelina Mango,Armenia,AM,0,2,False,success
2024,Italy,La noia,Angelina Mango,Austria,AT,0,2,False,success
2024,Italy,La noia,Angelina Mango,Australia,AU,0,1,False,success
2024,Italy,La noia,Angelina Mango,Azerbaijan,AZ,0,0,False,success
2024,Italy,La noia,Angelina Mango,Belgium,BE,11,4,False,success
2024,Italy,La noia,Angelina Mango,Bulgaria,BG,0,0,False,success
2024,Italy,La noia,Angelina Mango,Belarus,BY,0,0,False,success
2024,Italy,La noia,Angelina Mango,Switzerland,CH,9,7,False,success
2024,Italy,La noia,Angelina Mango,Cyprus,CY,0,4,False,success
2024,Italy,La noia,Angelina Mango,Czechia,CZ,0,1,False,success
2024,Italy,La noia,Angelina Mango,Germany,DE,4,2,False,success
2024,Italy,La noia,Angelina Mango,Denmark,DK,0,2,False,success
2024,Italy,La noia,Angelina Mango,Estonia,EE,0,0,False,success
2024,Italy,La noia,Angelina Mango,Spain,ES,6,5,False,success
2024,Italy,La noia,Angelina Mango,Finland,FI,0,3,False,success
2024,Italy,La noia,Angelina Mango,France,FR,3,1,False,success
2024,Italy,La noia,Angelina Mango,United Kingdom,GB,2,1,False,success
2024,Italy,La noia,Angelina Mango,Georgia,GE,0,0,False,success
2024,Italy,La noia,Angelina Mango,Greece,GR,12,16,False,success
2024,Italy,La noia,Angelina Mango,Croatia,HR,35,20,False,success
2024,Italy,La noia,Angelina Mango,Hungary,HU,0,1,False,success
2024,Italy,La noia,Angelina Mango,Ireland,IE,0,2,False,success
2024,Italy,La noia,Angelina Mango,Israel,IL,0,2,False,success
2024,Italy,La noia,Angelina Mango,Iceland,IS,0,0,False,success
2024,Italy,La noia,Angelina Mango,Italy,IT,100,100,True,success
2024,Italy,La noia,Angelina Mango,Lithuania,LT,0,7,False,success
2024,Italy,La noia,Angelina Mango,Luxembourg,LU,0,0,False,success
2024,Italy,La noia,Angelina Mango,Latvia,LV,0,0,False,success
2024,Italy,La noia,Angelina Mango,Moldova,MD,0,0,False,success
2024,Italy,La noia,Angelina Mango,Montenegro,ME,0,8,False,success
2024,Italy,La noia,Angelina Mango,North Macedonia,MK,0,0,False,success
2024,Italy,La noia,Angelina Mango,Malta,MT,0,15,False,success
2024,Italy,La noia,Angelina Mango,Netherlands,NL,0,3,False,success
2024,Italy,La noia,Angelina Mango,Norway,NO,0,3,False,success
2024,Italy,La noia,Angelina Mango,Poland,PL,3,2,False,success
2024,Italy,La noia,Angelina Mango,Portugal,PT,0,2,False,success
2024,Italy,La noia,Angelina Mango,Romania,RO,0,1,False,success
2024,Italy,La noia,Angelina Mango,Serbia,RS,20,5,False,success
2024,Italy,La noia,Angelina Mango,Russia,RU,0,0,False,success
2024,Italy,La noia,Angelina Mango,Sweden,SE,7,2,False,success
2024,Italy,La noia,Angelina Mango,Slovenia,SI,0,7,False,success
2024,Italy,La noia,Angelina Mango,San Marino,SM,0,0,False,success
2024,Italy,La noia,Angelina Mango,Ukraine,UA,0,1,False,success
2024,Latvia,Hollow,Dons,Albania,AL,0,6,False,success
2024,Latvia,Hollow,Dons,Armenia,AM,0,3,False,success
2024,Latvia,Hollow,Dons,Austria,AT,0,14,False,success
2024,Latvia,Hollow,Dons,Australia,AU,0,32,False,success
2024,Latvia,Hollow,Dons,Azerbaijan,AZ,0,2,False,success
2024,Latvia,Hollow,Dons,Belgium,BE,0,23,False,success
2024,Latvia,Hollow,Dons,Bulgaria,BG,0,13,False,success
2024,Latvia,Hollow,Dons,Belarus,BY,0,8,False,success
2024,Latvia,Hollow,Dons,Switzerland,CH,0,21,False,success
2024,Latvia,Hollow,Dons,Cyprus,CY,0,13,False,success
2024,Latvia,Hollow,Dons,Czechia,CZ,0,14,False,success
2024,Latvia,Hollow,Dons,Germany,DE,0,14,False,success
2024,Latvia,Hollow,Dons,Denmark,DK,0,29,False,success
2024,Latvia,Hollow,Dons,Estonia,EE,0,28,False,success
2024,Latvia,Hollow,Dons,Spain,ES,0,27,False,success
2024,Latvia,Hollow,Dons,Finland,FI,0,29,False,success
2024,Latvia,Hollow,Dons,France,FR,0,20,False,success
2024,Latvia,Hollow,Dons,United Kingdom,GB,0,32,False,success
2024,Latvia,Hollow,Dons,Georgia,GE,0,8,False,success
2024,Latvia,Hollow,Dons,Greece,GR,0,17,False,success
2024,Latvia,Hollow,Dons,Croatia,HR,0,20,False,success
2024,Latvia,Hollow,Dons,Hungary,HU,0,18,False,success
2024,Latvia,Hollow,Dons,Ireland,IE,0,31,False,success
2024,Latvia,Hollow,Dons,Israel,IL,0,12,False,success
2024,Latvia,Hollow,Dons,Iceland,IS,0,27,False,success
2024,Latvia,Hollow,Dons,Italy,IT,0,20,False,success
2024,Latvia,Hollow,Dons,Lithuania,LT,0,19,False,success
2024,Latvia,Hollow,Dons,Luxembourg,LU,0,17,False,success
2024,Latvia,Hollow,Dons,Latvia,LV,100,100,True,success
2024,Latvia,Hollow,Dons,Moldova,MD,0,6,False,success
2024,Latvia,Hollow,Dons,Montenegro,ME,0,10,False,success
2024,Latvia,Hollow,Dons,North Macedonia,MK,0,10,False,success
2024,Latvia,Hollow,Dons,Malta,MT,0,29,False,success
2024,Latvia,Hollow,Dons,Netherlands,NL,1,22,False,success
2024,Latvia,Hollow,Dons,Norway,NO,0,34,False,success
2024,Latvia,Hollow,Dons,Poland,PL,0,18,False,success
2024,Latvia,Hollow,Dons,Portugal,PT,0,27,False,success
2024,Latvia,Hollow,Dons,Romania,RO,0,15,False,success
2024,Latvia,Hollow,Dons,Serbia,RS,0,12,False,success
2024,Latvia,Hollow,Dons,Russia,RU,0,9,False,success
2024,Latvia,Hollow,Dons,Sweden,SE,0,29,False,success
2024,Latvia,Hollow,Dons,Slovenia,SI,0,20,False,success
2024,Latvia,Hollow,Dons,San Marino,SM,0,0,False,success
2024,Latvia,Hollow,Dons,Ukraine,UA,0,9,False,success
2024,Lithuania,Luktelk,Silvester Belt,Albania,AL,0,0,False,success
2024,Lithuania,Luktelk,Silvester Belt,Armenia,AM,0,0,False,success
2024,Lithuania,Luktelk,Silvester Belt,Austria,AT,0,0,False,success
2024,Lithuania,Luktelk,Silvester Belt,Australia,AU,0,0,False,success
2024,Lithuania,Luktelk,Silvester Belt,Azerbaijan,AZ,0,0,False,success
2024,Lithuania,Luktelk,Silvester Belt,Belgium,BE,0,0,False,success
2024,Lithuania,Luktelk,Silvester Belt,Bulgaria,BG,0,0,False,success
2024,Lithuania,Luktelk,Silvester Belt,Belarus,BY,0,0,False,success
2024,Lithuania,Luktelk,Silvester Belt,Switzerland,CH,0,0,False,success
2024,Lithuania,Luktelk,Silvester Belt,Cyprus,CY,0,0,False,success
2024,Lithuania,Luktelk,Silvester Belt,Czechia,CZ,0,0,False,success
2024,Lithuania,Luktelk,Silvester Belt,Germany,DE,0,0,False,success
2024,Lithuania,Luktelk,Silvester Belt,Denmark,DK,0,1,False,success
2024,Lithuania,Luktelk,Silvester Belt,Estonia,EE,0,1,False,success
2024,Lithuania,Luktelk,Silvester Belt,Spain,ES,0,0,False,success
2024,Lithuania,Luktelk,Silvester Belt,Finland,FI,0,1,False,success
2024,Lithuania,Luktelk,Silvester Belt,France,FR,0,0,False,success
2024,Lithuania,Luktelk,Silvester Belt,United Kingdom,GB,0,0,False,success
2024,Lithuania,Luktelk,Silvester Belt,Georgia,GE,0,0,False,success
2024,Lithuania,Luktelk,Silvester Belt,Greece,GR,0,0,False,success
2024,Lithuania,Luktelk,Silvester Belt,Croatia,HR,0,1,False,success
2024,Lithuania,Luktelk,Silvester Belt,Hungary,HU,0,0,False,success
2024,Lithuania,Luktelk,Silvester Belt,Ireland,IE,0,1,False,success
2024,Lithuania,Luktelk,Silvester Belt,Israel,IL,0,0,False,success
2024,Lithuania,Luktelk,Silvester Belt,Iceland,IS,0,0,False,success
2024,Lithuania,Luktelk,Silvester Belt,Italy,IT,0,0,False,success
2024,Lithuania,Luktelk,Silvester Belt,Lithuania,LT,41,100,True,success
2024,Lithuania,Luktelk,Silvester Belt,Luxembourg,LU,0,0,False,success
2024,Lithuania,Luktelk,Silvester Belt,Latvia,LV,0,1,False,success
2024,Lithuania,Luktelk,Silvester Belt,Moldova,MD,0,0,False,success
2024,Lithuania,Luktelk,Silvester Belt,Montenegro,ME,0,0,False,success
2024,Lithuania,Luktelk,Silvester Belt,North Macedonia,MK,0,0,False,success
2024,Lithuania,Luktelk,Silvester Belt,Malta,MT,0,0,False,success
2024,Lithuania,Luktelk,Silvester Belt,Netherlands,NL,0,0,False,success
2024,Lithuania,Luktelk,Silvester Belt,Norway,NO,0,1,False,success
2024,Lithuania,Luktelk,Silvester Belt,Poland,PL,1,0,False,success
2024,Lithuania,Luktelk,Silvester Belt,Portugal,PT,0,0,False,success
2024,Lithuania,Luktelk,Silvester Belt,Romania,RO,0,0,False,success
2024,Lithuania,Luktelk,Silvester Belt,Serbia,RS,0,0,False,success
2024,Lithuania,Luktelk,Silvester Belt,Russia,RU,0,0,False,success
2024,Lithuania,Luktelk,Silvester Belt,Sweden,SE,0,0,False,success
2024,Lithuania,Luktelk,Silvester Belt,Slovenia,SI,0,0,False,success
2024,Lithuania,Luktelk,Silvester Belt,San Marino,SM,0,0,False,success
2024,Lithuania,Luktelk,Silvester Belt,Ukraine,UA,0,0,False,success
2024,Luxembourg,Fighter,Tali,Albania,AL,0,8,False,success
2024,Luxembourg,Fighter,Tali,Armenia,AM,0,4,False,success
2024,Luxembourg,Fighter,Tali,Austria,AT,0,15,False,success
2024,Luxembourg,Fighter,Tali,Australia,AU,0,31,False,success
2024,Luxembourg,Fighter,Tali,Azerbaijan,AZ,0,2,False,success
2024,Luxembourg,Fighter,Tali,Belgium,BE,3,17,False,success
2024,Luxembourg,Fighter,Tali,Bulgaria,BG,0,13,False,success
2024,Luxembourg,Fighter,Tali,Belarus,BY,0,5,False,success
2024,Luxembourg,Fighter,Tali,Switzerland,CH,0,16,False,success
2024,Luxembourg,Fighter,Tali,Cyprus,CY,0,16,False,success
2024,Luxembourg,Fighter,Tali,Czechia,CZ,0,12,False,success
2024,Luxembourg,Fighter,Tali,Germany,DE,1,13,False,success
2024,Luxembourg,Fighter,Tali,Denmark,DK,0,22,False,success
2024,Luxembourg,Fighter,Tali,Estonia,EE,0,16,False,success
2024,Luxembourg,Fighter,Tali,Spain,ES,2,14,False,success
2024,Luxembourg,Fighter,Tali,Finland,FI,0,27,False,success
2024,Luxembourg,Fighter,Tali,France,FR,1,16,False,success
2024,Luxembourg,Fighter,Tali,United Kingdom,GB,1,29,False,success
2024,Luxembourg,Fighter,Tali,Georgia,GE,0,6,False,success
2024,Luxembourg,Fighter,Tali,Greece,GR,4,16,False,success
2024,Luxembourg,Fighter,Tali,Croatia,HR,0,23,False,success
2024,Luxembourg,Fighter,Tali,Hungary,HU,0,14,False,success
2024,Luxembourg,Fighter,Tali,Ireland,IE,0,26,False,success
2024,Luxembourg,Fighter,Tali,Israel,IL,0,13,False,success
2024,Luxembourg,Fighter,Tali,Iceland,IS,0,23,False,success
2024,Luxembourg,Fighter,Tali,Italy,IT,1,14,False,success
2024,Luxembourg,Fighter,Tali,Lithuania,LT,0,14,False,success
2024,Luxembourg,Fighter,Tali,Luxembourg,LU,100,57,True,success
2024,Luxembourg,Fighter,Tali,Latvia,LV,0,13,False,success
2024,Luxembourg,Fighter,Tali,Moldova,MD,0,5,False,success
2024,Luxembourg,Fighter,Tali,Montenegro,ME,0,7,False,success
2024,Luxembourg,Fighter,Tali,North Macedonia,MK,0,11,False,success
2024,Luxembourg,Fighter,Tali,Malta,MT,0,13,False,success
2024,Luxembourg,Fighter,Tali,Netherlands,NL,2,16,False,success
2024,Luxembourg,Fighter,Tali,Norway,NO,0,22,False,success
2024,Luxembourg,Fighter,Tali,Poland,PL,2,9,False,success
2024,Luxembourg,Fighter,Tali,Portugal,PT,0,16,False,success
2024,Luxembourg,Fighter,Tali,Romania,RO,0,11,False,success
2024,Luxembourg,Fighter,Tali,Serbia,RS,0,12,False,success
2024,Luxembourg,Fighter,Tali,Russia,RU,0,5,False,success
2024,Luxembourg,Fighter,Tali,Sweden,SE,0,22,False,success
2024,Luxembourg,Fighter,Tali,Slovenia,SI,0,17,False,success
2024,Luxembourg,Fighter,Tali,San Marino,SM,0,0,False,success
2024,Luxembourg,Fighter,Tali,Ukraine,UA,3,5,False,success
2024,Norway,Ulveham,Gåte,Albania,AL,0,0,False,success
2024,Norway,Ulveham,Gåte,Armenia,AM,0,0,False,success
2024,Norway,Ulveham,Gåte,Austria,AT,0,0,False,success
2024,Norway,Ulveham,Gåte,Australia,AU,0,0,False,success
2024,Norway,Ulveham,Gåte,Azerbaijan,AZ,0,0,False,success
2024,Norway,Ulveham,Gåte,Belgium,BE,0,0,False,success
2024,Norway,Ulveham,Gåte,Bulgaria,BG,0,0,False,success
2024,Norway,Ulveham,Gåte,Belarus,BY,0,0,False,success
2024,Norway,Ulveham,Gåte,Switzerland,CH,0,0,False,success
2024,Norway,Ulveham,Gåte,Cyprus,CY,0,0,False,success
2024,Norway,Ulveham,Gåte,Czechia,CZ,0,0,False,success
2024,Norway,Ulveham,Gåte,Germany,DE,0,0,False,success
2024,Norway,Ulveham,Gåte,Denmark,DK,0,0,False,success
2024,Norway,Ulveham,Gåte,Estonia,EE,0,0,False,success
2024,Norway,Ulveham,Gåte,Spain,ES,0,0,False,success
2024,Norway,Ulveham,Gåte,Finland,FI,0,3,False,success
2024,Norway,Ulveham,Gåte,France,FR,0,0,False,success
2024,Norway,Ulveham,Gåte,United Kingdom,GB,0,0,False,success
2024,Norway,Ulveham,Gåte,Georgia,GE,0,0,False,success
2024,Norway,Ulveham,Gåte,Greece,GR,0,0,False,success
2024,Norway,Ulveham,Gåte,Croatia,HR,0,0,False,success
2024,Norway,Ulveham,Gåte,Hungary,HU,0,0,False,success
2024,Norway,Ulveham,Gåte,Ireland,IE,0,0,False,success
2024,Norway,Ulveham,Gåte,Israel,IL,0,0,False,success
2024,Norway,Ulveham,Gåte,Iceland,IS,0,0,False,success
2024,Norway,Ulveham,Gåte,Italy,IT,0,0,False,success
2024,Norway,Ulveham,Gåte,Lithuania,LT,0,0,False,success
2024,Norway,Ulveham,Gåte,Luxembourg,LU,0,0,False,success
2024,Norway,Ulveham,Gåte,Latvia,LV,0,0,False,success
2024,Norway,Ulveham,Gåte,Moldova,MD,0,0,False,success
2024,Norway,Ulveham,Gåte,Montenegro,ME,0,0,False,success
2024,Norway,Ulveham,Gåte,North Macedonia,MK,0,0,False,success
2024,Norway,Ulveham,Gåte,Malta,MT,0,0,False,success
2024,Norway,Ulveham,Gåte,Netherlands,NL,0,1,False,success
2024,Norway,Ulveham,Gåte,Norway,NO,26,100,True,success
2024,Norway,Ulveham,Gåte,Poland,PL,0,1,False,success
2024,Norway,Ulveham,Gåte,Portugal,PT,0,0,False,success
2024,Norway,Ulveham,Gåte,Romania,RO,0,1,False,success
2024,Norway,Ulveham,Gåte,Serbia,RS,0,0,False,success
2024,Norway,Ulveham,Gåte,Russia,RU,0,0,False,success
2024,Norway,Ulveham,Gåte,Sweden,SE,2,3,False,success
2024,Norway,Ulveham,Gåte,Slovenia,SI,0,0,False,success
2024,Norway,Ulveham,Gåte,San Marino,SM,0,0,False,success
2024,Norway,Ulveham,Gåte,Ukraine,UA,0,0,False,success
2024,Portugal,Grito,Iolanda,Albania,AL,0,0,False,success
2024,Portugal,Grito,Iolanda,Armenia,AM,0,0,False,success
2024,Portugal,Grito,Iolanda,Austria,AT,0,1,False,success
2024,Portugal,Grito,Iolanda,Australia,AU,0,1,False,success
2024,Portugal,Grito,Iolanda,Azerbaijan,AZ,0,0,False,success
2024,Portugal,Grito,Iolanda,Belgium,BE,0,1,False,success
2024,Portugal,Grito,Iolanda,Bulgaria,BG,0,0,False,success
2024,Portugal,Grito,Iolanda,Belarus,BY,0,0,False,success
2024,Portugal,Grito,Iolanda,Switzerland,CH,0,4,False,success
2024,Portugal,Grito,Iolanda,Cyprus,CY,0,0,False,success
2024,Portugal,Grito,Iolanda,Czechia,CZ,0,0,False,success
2024,Portugal,Grito,Iolanda,Germany,DE,1,1,False,success
2024,Portugal,Grito,Iolanda,Denmark,DK,0,3,False,success
2024,Portugal,Grito,Iolanda,Estonia,EE,0,0,False,success
2024,Portugal,Grito,Iolanda,Spain,ES,1,14,False,success
2024,Portugal,Grito,Iolanda,Finland,FI,0,0,False,success
2024,Portugal,Grito,Iolanda,France,FR,0,1,False,success
2024,Portugal,Grito,Iolanda,United Kingdom,GB,1,1,False,success
2024,Portugal,Grito,Iolanda,Georgia,GE,0,0,False,success
2024,Portugal,Grito,Iolanda,Greece,GR,0,1,False,success
2024,Portugal,Grito,Iolanda,Croatia,HR,0,0,False,success
2024,Portugal,Grito,Iolanda,Hungary,HU,0,1,False,success
2024,Portugal,Grito,Iolanda,Ireland,IE,0,2,False,success
2024,Portugal,Grito,Iolanda,Israel,IL,0,1,False,success
2024,Portugal,Grito,Iolanda,Iceland,IS,0,0,False,success
2024,Portugal,Grito,Iolanda,Italy,IT,1,1,False,success
2024,Portugal,Grito,Iolanda,Lithuania,LT,0,0,False,success
2024,Portugal,Grito,Iolanda,Luxembourg,LU,0,0,False,success
2024,Portugal,Grito,Iolanda,Latvia,LV,0,0,False,success
2024,Portugal,Grito,Iolanda,Moldova,MD,0,0,False,success
2024,Portugal,Grito,Iolanda,Montenegro,ME,0,0,False,success
2024,Portugal,Grito,Iolanda,North Macedonia,MK,0,0,False,success
2024,Portugal,Grito,Iolanda,Malta,MT,0,0,False,success
2024,Portugal,Grito,Iolanda,Netherlands,NL,0,1,False,success
2024,Portugal,Grito,Iolanda,Norway,NO,6,0,False,success
2024,Portugal,Grito,Iolanda,Poland,PL,0,0,False,success
2024,Portugal,Grito,Iolanda,Portugal,PT,100,100,True,success
2024,Portugal,Grito,Iolanda,Romania,RO,0,0,False,success
2024,Portugal,Grito,Iolanda,Serbia,RS,0,0,False,success
2024,Portugal,Grito,Iolanda,Russia,RU,0,0,False,success
2024,Portugal,Grito,Iolanda,Sweden,SE,0,1,False,success
2024,Portugal,Grito,Iolanda,Slovenia,SI,0,0,False,success
2024,Portugal,Grito,Iolanda,San Marino,SM,0,0,False,success
2024,Portugal,Grito,Iolanda,Ukraine,UA,3,0,False,success
2024,Serbia,Ramonda,Teya Dora,Albania,AL,0,0,False,success
2024,Serbia,Ramonda,Teya Dora,Armenia,AM,0,0,False,success
2024,Serbia,Ramonda,Teya Dora,Austria,AT,0,3,False,success
2024,Serbia,Ramonda,Teya Dora,Australia,AU,0,0,False,success
2024,Serbia,Ramonda,Teya Dora,Azerbaijan,AZ,0,0,False,success
2024,Serbia,Ramonda,Teya Dora,Belgium,BE,0,0,False,success
2024,Serbia,Ramonda,Teya Dora,Bulgaria,BG,0,0,False,success
2024,Serbia,Ramonda,Teya Dora,Belarus,BY,0,0,False,success
2024,Serbia,Ramonda,Teya Dora,Switzerland,CH,0,2,False,success
2024,Serbia,Ramonda,Teya Dora,Cyprus,CY,0,2,False,success
2024,Serbia,Ramonda,Teya Dora,Czechia,CZ,0,0,False,success
2024,Serbia,Ramonda,Teya Dora,Germany,DE,2,1,False,success
2024,Serbia,Ramonda,Teya Dora,Denmark,DK,0,0,False,success
2024,Serbia,Ramonda,Teya Dora,Estonia,EE,0,0,False,success
2024,Serbia,Ramonda,Teya Dora,Spain,ES,1,0,False,success
2024,Serbia,Ramonda,Teya Dora,Finland,FI,0,0,False,success
2024,Serbia,Ramonda,Teya Dora,France,FR,0,0,False,success
2024,Serbia,Ramonda,Teya Dora,United Kingdom,GB,0,0,False,success
2024,Serbia,Ramonda,Teya Dora,Georgia,GE,0,0,False,success
2024,Serbia,Ramonda,Teya Dora,Greece,GR,8,1,False,success
2024,Serbia,Ramonda,Teya Dora,Croatia,HR,60,17,False,success
2024,Serbia,Ramonda,Teya Dora,Hungary,HU,0,0,False,success
2024,Serbia,Ramonda,Teya Dora,Ireland,IE,0,0,False,success
2024,Serbia,Ramonda,Teya Dora,Israel,IL,0,0,False,success
2024,Serbia,Ramonda,Teya Dora,Iceland,IS,0,0,False,success
2024,Serbia,Ramonda,Teya Dora,Italy,IT,1,0,False,success
2024,Serbia,Ramonda,Teya Dora,Lithuania,LT,0,0,False,success
2024,Serbia,Ramonda,Teya Dora,Luxembourg,LU,0,0,False,success
2024,Serbia,Ramonda,Teya Dora,Latvia,LV,0,0,False,success
2024,Serbia,Ramonda,Teya Dora,Moldova,MD,0,0,False,success
2024,Serbia,Ramonda,Teya Dora,Montenegro,ME,0,54,False,success
2024,Serbia,Ramonda,Teya Dora,North Macedonia,MK,0,17,False,success
2024,Serbia,Ramonda,Teya Dora,Malta,MT,0,0,False,success
2024,Serbia,Ramonda,Teya Dora,Netherlands,NL,0,0,False,success
2024,Serbia,Ramonda,Teya Dora,Norway,NO,0,0,False,success
2024,Serbia,Ramonda,Teya Dora,Poland,PL,2,0,False,success
2024,Serbia,Ramonda,Teya Dora,Portugal,PT,0,0,False,success
2024,Serbia,Ramonda,Teya Dora,Romania,RO,0,0,False,success
2024,Serbia,Ramonda,Teya Dora,Serbia,RS,100,100,True,success
2024,Serbia,Ramonda,Teya Dora,Russia,RU,0,0,False,success
2024,Serbia,Ramonda,Teya Dora,Sweden,SE,0,1,False,success
2024,Serbia,Ramonda,Teya Dora,Slovenia,SI,0,10,False,success
2024,Serbia,Ramonda,Teya Dora,San Marino,SM,0,0,False,success
2024,Serbia,Ramonda,Teya Dora,Ukraine,UA,3,0,False,success
2024,Slovenia,Veronika,Raiven,Albania,AL,0,0,False,success
2024,Slovenia,Veronika,Raiven,Armenia,AM,0,1,False,success
2024,Slovenia,Veronika,Raiven,Austria,AT,0,2,False,success
2024,Slovenia,Veronika,Raiven,Australia,AU,0,0,False,success
2024,Slovenia,Veronika,Raiven,Azerbaijan,AZ,0,1,False,success
2024,Slovenia,Veronika,Raiven,Belgium,BE,0,1,False,success
2024,Slovenia,Veronika,Raiven,Bulgaria,BG,0,2,False,success
2024,Slovenia,Veronika,Raiven,Belarus,BY,0,0,False,success
2024,Slovenia,Veronika,Raiven,Switzerland,CH,0,1,False,success
2024,Slovenia,Veronika,Raiven,Cyprus,CY,0,0,False,success
2024,Slovenia,Veronika,Raiven,Czechia,CZ,0,12,False,success
2024,Slovenia,Veronika,Raiven,Germany,DE,0,1,False,success
2024,Slovenia,Veronika,Raiven,Denmark,DK,0,0,False,success
2024,Slovenia,Veronika,Raiven,Estonia,EE,0,3,False,success
2024,Slovenia,Veronika,Raiven,Spain,ES,0,1,False,success
2024,Slovenia,Veronika,Raiven,Finland,FI,0,1,False,success
2024,Slovenia,Veronika,Raiven,France,FR,0,0,False,success
2024,Slovenia,Veronika,Raiven,United Kingdom,GB,0,0,False,success
2024,Slovenia,Veronika,Raiven,Georgia,GE,0,1,False,success
2024,Slovenia,Veronika,Raiven,Greece,GR,0,1,False,success
2024,Slovenia,Veronika,Raiven,Croatia,HR,2,6,False,success
2024,Slovenia,Veronika,Raiven,Hungary,HU,0,3,False,success
2024,Slovenia,Veronika,Raiven,Ireland,IE,0,1,False,success
2024,Slovenia,Veronika,Raiven,Israel,IL,0,0,False,success
2024,Slovenia,Veronika,Raiven,Iceland,IS,0,0,False,success
2024,Slovenia,Veronika,Raiven,Italy,IT,0,1,False,success
2024,Slovenia,Veronika,Raiven,Lithuania,LT,0,4,False,success
2024,Slovenia,Veronika,Raiven,Luxembourg,LU,3,0,False,success
2024,Slovenia,Veronika,Raiven,Latvia,LV,0,3,False,success
2024,Slovenia,Veronika,Raiven,Moldova,MD,0,0,False,success
2024,Slovenia,Veronika,Raiven,Montenegro,ME,0,0,False,success
2024,Slovenia,Veronika,Raiven,North Macedonia,MK,0,2,False,success
2024,Slovenia,Veronika,Raiven,Malta,MT,0,0,False,success
2024,Slovenia,Veronika,Raiven,Netherlands,NL,0,1,False,success
2024,Slovenia,Veronika,Raiven,Norway,NO,0,1,False,success
2024,Slovenia,Veronika,Raiven,Poland,PL,0,1,False,success
2024,Slovenia,Veronika,Raiven,Portugal,PT,0,1,False,success
2024,Slovenia,Veronika,Raiven,Romania,RO,0,0,False,success
2024,Slovenia,Veronika,Raiven,Serbia,RS,1,4,False,success
2024,Slovenia,Veronika,Raiven,Russia,RU,0,0,False,success
2024,Slovenia,Veronika,Raiven,Sweden,SE,0,1,False,success
2024,Slovenia,Veronika,Raiven,Slovenia,SI,15,100,True,success
2024,Slovenia,Veronika,Raiven,San Marino,SM,0,0,False,success
2024,Slovenia,Veronika,Raiven,Ukraine,UA,0,1,False,success
2024,Spain,Zorra,Nebulossa,Albania,AL,0,4,False,success
2024,Spain,Zorra,Nebulossa,Armenia,AM,0,0,False,success
2024,Spain,Zorra,Nebulossa,Austria,AT,0,3,False,success
2024,Spain,Zorra,Nebulossa,Australia,AU,0,1,False,success
2024,Spain,Zorra,Nebulossa,Azerbaijan,AZ,0,0,False,success
2024,Spain,Zorra,Nebulossa,Belgium,BE,0,1,False,success
2024,Spain,Zorra,Nebulossa,Bulgaria,BG,0,0,False,success
2024,Spain,Zorra,Nebulossa,Belarus,BY,0,0,False,success
2024,Spain,Zorra,Nebulossa,Switzerland,CH,0,3,False,success
2024,Spain,Zorra,Nebulossa,Cyprus,CY,0,0,False,success
2024,Spain,Zorra,Nebulossa,Czechia,CZ,0,0,False,success
2024,Spain,Zorra,Nebulossa,Germany,DE,0,1,False,success
2024,Spain,Zorra,Nebulossa,Denmark,DK,1,0,False,success
2024,Spain,Zorra,Nebulossa,Estonia,EE,0,0,False,success
2024,Spain,Zorra,Nebulossa,Spain,ES,2,100,True,success
2024,Spain,Zorra,Nebulossa,Finland,FI,1,5,False,success
2024,Spain,Zorra,Nebulossa,France,FR,0,1,False,success
2024,Spain,Zorra,Nebulossa,United Kingdom,GB,0,1,False,success
2024,Spain,Zorra,Nebulossa,Georgia,GE,0,0,False,success
2024,Spain,Zorra,Nebulossa,Greece,GR,1,4,False,success
2024,Spain,Zorra,Nebulossa,Croatia,HR,1,3,False,success
2024,Spain,Zorra,Nebulossa,Hungary,HU,0,0,False,success
2024,Spain,Zorra,Nebulossa,Ireland,IE,0,2,False,success
2024,Spain,Zorra,Nebulossa,Israel,IL,0,0,False,success
2024,Spain,Zorra,Nebulossa,Iceland,IS,0,0,False,success
2024,Spain,Zorra,Nebulossa,Italy,IT,0,3,False,success
2024,Spain,Zorra,Nebulossa,Lithuania,LT,1,5,False,success
2024,Spain,Zorra,Nebulossa,Luxembourg,LU,0,0,False,success
2024,Spain,Zorra,Nebulossa,Latvia,LV,0,0,False,success
2024,Spain,Zorra,Nebulossa,Moldova,MD,0,0,False,success
2024,Spain,Zorra,Nebulossa,Montenegro,ME,0,0,False,success
2024,Spain,Zorra,Nebulossa,North Macedonia,MK,0,0,False,success
2024,Spain,Zorra,Nebulossa,Malta,MT,0,0,False,success
2024,Spain,Zorra,Nebulossa,Netherlands,NL,1,2,False,success
2024,Spain,Zorra,Nebulossa,Norway,NO,1,0,False,success
2024,Spain,Zorra,Nebulossa,Poland,PL,0,2,False,success
2024,Spain,Zorra,Nebulossa,Portugal,PT,0,6,False,success
2024,Spain,Zorra,Nebulossa,Romania,RO,0,0,False,success
2024,Spain,Zorra,Nebulossa,Serbia,RS,0,2,False,success
2024,Spain,Zorra,Nebulossa,Russia,RU,0,0,False,success
2024,Spain,Zorra,Nebulossa,Sweden,SE,1,2,False,success
2024,Spain,Zorra,Nebulossa,Slovenia,SI,3,7,False,success
2024,Spain,Zorra,Nebulossa,San Marino,SM,0,0,False,success
2024,Spain,Zorra,Nebulossa,Ukraine,UA,0,0,False,success
2024,Sweden,Unforgettable,Marcus & Martinus,Albania,AL,0,35,False,success
2024,Sweden,Unforgettable,Marcus & Martinus,Armenia,AM,0,11,False,success
2024,Sweden,Unforgettable,Marcus & Martinus,Austria,AT,0,23,False,success
2024,Sweden,Unforgettable,Marcus & Martinus,Australia,AU,0,20,False,success
2024,Sweden,Unforgettable,Marcus & Martinus,Azerbaijan,AZ,0,8,False,success
2024,Sweden,Unforgettable,Marcus & Martinus,Belgium,BE,0,27,False,success
2024,Sweden,Unforgettable,Marcus & Martinus,Bulgaria,BG,0,16,False,success
2024,Sweden,Unforgettable,Marcus & Martinus,Belarus,BY,0,0,False,success
2024,Sweden,Unforgettable,Marcus & Martinus,Switzerland,CH,0,22,False,success
2024,Sweden,Unforgettable,Marcus & Martinus,Cyprus,CY,0,33,False,success
2024,Sweden,Unforgettable,Marcus & Martinus,Czechia,CZ,0,17,False,success
2024,Sweden,Unforgettable,Marcus & Martinus,Germany,DE,0,14,False,success
2024,Sweden,Unforgettable,Marcus & Martinus,Denmark,DK,0,27,False,success
2024,Sweden,Unforgettable,Marcus & Martinus,Estonia,EE,0,40,False,success
2024,Sweden,Unforgettable,Marcus & Martinus,Spain,ES,0,15,False,success
2024,Sweden,Unforgettable,Marcus & Martinus,Finland,FI,0,37,False,success
2024,Sweden,Unforgettable,Marcus & Martinus,France,FR,0,16,False,success
2024,Sweden,Unforgettable,Marcus & Martinus,United Kingdom,GB,0,28,False,success
2024,Sweden,Unforgettable,Marcus & Martinus,Georgia,GE,0,20,False,success
2024,Sweden,Unforgettable,Marcus & Martinus,Greece,GR,0,50,False,success
2024,Sweden,Unforgettable,Marcus & Martinus,Croatia,HR,0,27,False,success
2024,Sweden,Unforgettable,Marcus & Martinus,Hungary,HU,0,21,False,success
2024,Sweden,Unforgettable,Marcus & Martinus,Ireland,IE,0,27,False,success
2024,Sweden,Unforgettable,Marcus & Martinus,Israel,IL,0,15,False,success
2024,Sweden,Unforgettable,Marcus & Martinus,Iceland,IS,0,0,False,success
2024,Sweden,Unforgettable,Marcus & Martinus,Italy,IT,0,19,False,success
2024,Sweden,Unforgettable,Marcus & Martinus,Lithuania,LT,0,56,False,success
2024,Sweden,Unforgettable,Marcus & Martinus,Luxembourg,LU,0,0,False,success
2024,Sweden,Unforgettable,Marcus & Martinus,Latvia,LV,0,22,False,success
2024,Sweden,Unforgettable,Marcus & Martinus,Moldova,MD,0,13,False,success
2024,Sweden,Unforgettable,Marcus & Martinus,Montenegro,ME,0,24,False,success
2024,Sweden,Unforgettable,Marcus & Martinus,North Macedonia,MK,0,25,False,success
2024,Sweden,Unforgettable,Marcus & Martinus,Malta,MT,0,65,False,success
2024,Sweden,Unforgettable,Marcus & Martinus,Netherlands,NL,57,24,False,success
2024,Sweden,Unforgettable,Marcus & Martinus,Norway,NO,0,51,False,success
2024,Sweden,Unforgettable,Marcus & Martinus,Poland,PL,0,17,False,success
2024,Sweden,Unforgettable,Marcus & Martinus,Portugal,PT,0,33,False,success
2024,Sweden,Unforgettable,Marcus & Martinus,Romania,RO,0,21,False,success
2024,Sweden,Unforgettable,Marcus & Martinus,Serbia,RS,0,25,False,success
2024,Sweden,Unforgettable,Marcus & Martinus,Russia,RU,0,2,False,success
2024,Sweden,Unforgettable,Marcus & Martinus,Sweden,SE,100,87,True,success
2024,Sweden,Unforgettable,Marcus & Martinus,Slovenia,SI,0,43,False,success
2024,Sweden,Unforgettable,Marcus & Martinus,San Marino,SM,0,0,False,success
2024,Sweden,Unforgettable,Marcus & Martinus,Ukraine,UA,0,6,False,success
2024,Switzerland,The Code,Nemo,Albania,AL,0,5,False,success
2024,Switzerland,The Code,Nemo,Armenia,AM,0,3,False,success
2024,Switzerland,The Code,Nemo,Austria,AT,8,6,False,success
2024,Switzerland,The Code,Nemo,Australia,AU,1,9,False,success
2024,Switzerland,The Code,Nemo,Azerbaijan,AZ,0,2,False,success
2024,Switzerland,The Code,Nemo,Belgium,BE,7,10,False,success
2024,Switzerland,The Code,Nemo,Bulgaria,BG,0,5,False,success
2024,Switzerland,The Code,Nemo,Belarus,BY,7,3,False,success
2024,Switzerland,The Code,Nemo,Switzerland,CH,100,65,True,success
2024,Switzerland,The Code,Nemo,Cyprus,CY,0,8,False,success
2024,Switzerland,The Code,Nemo,Czechia,CZ,0,4,False,success
2024,Switzerland,The Code,Nemo,Germany,DE,3,4,False,success
2024,Switzerland,The Code,Nemo,Denmark,DK,4,9,False,success
2024,Switzerland,The Code,Nemo,Estonia,EE,0,16,False,success
2024,Switzerland,The Code,Nemo,Spain,ES,3,4,False,success
2024,Switzerland,The Code,Nemo,Finland,FI,9,14,False,success
2024,Switzerland,The Code,Nemo,France,FR,2,4,False,success
2024,Switzerland,The Code,Nemo,United Kingdom,GB,2,10,False,success
2024,Switzerland,The Code,Nemo,Georgia,GE,0,4,False,success
2024,Switzerland,The Code,Nemo,Greece,GR,15,19,False,success
2024,Switzerland,The Code,Nemo,Croatia,HR,38,26,False,success
2024,Switzerland,The Code,Nemo,Hungary,HU,0,4,False,success
2024,Switzerland,The Code,Nemo,Ireland,IE,0,9,False,success
2024,Switzerland,The Code,Nemo,Israel,IL,5,6,False,success
2024,Switzerland,The Code,Nemo,Iceland,IS,0,0,False,success
2024,Switzerland,The Code,Nemo,Italy,IT,2,4,False,success
2024,Switzerland,The Code,Nemo,Lithuania,LT,19,19,False,success
2024,Switzerland,The Code,Nemo,Luxembourg,LU,0,0,False,success
2024,Switzerland,The Code,Nemo,Latvia,LV,0,9,False,success
2024,Switzerland,The Code,Nemo,Moldova,MD,0,2,False,success
2024,Switzerland,The Code,Nemo,Montenegro,ME,0,0,False,success
2024,Switzerland,The Code,Nemo,North Macedonia,MK,0,7,False,success
2024,Switzerland,The Code,Nemo,Malta,MT,0,17,False,success
2024,Switzerland,The Code,Nemo,Netherlands,NL,10,11,False,success
2024,Switzerland,The Code,Nemo,Norway,NO,7,12,False,success
2024,Switzerland,The Code,Nemo,Poland,PL,5,5,False,success
2024,Switzerland,The Code,Nemo,Portugal,PT,0,5,False,success
2024,Switzerland,The Code,Nemo,Romania,RO,0,5,False,success
2024,Switzerland,The Code,Nemo,Serbia,RS,6,6,False,success
2024,Switzerland,The Code,Nemo,Russia,RU,2,1,False,success
2024,Switzerland,The Code,Nemo,Sweden,SE,6,10,False,success
2024,Switzerland,The Code,Nemo,Slovenia,SI,0,8,False,success
2024,Switzerland,The Code,Nemo,San Marino,SM,0,0,False,success
2024,Switzerland,The Code,Nemo,Ukraine,UA,11,4,False,success
2024,Ukraine,Teresa & Maria,alyona alyona & Jerry Heil,Albania,AL,0,0,False,success
2024,Ukraine,Teresa & Maria,alyona alyona & Jerry Heil,Armenia,AM,0,0,False,success
2024,Ukraine,Teresa & Maria,alyona alyona & Jerry Heil,Austria,AT,0,0,False,success
2024,Ukraine,Teresa & Maria,alyona alyona & Jerry Heil,Australia,AU,0,0,False,success
2024,Ukraine,Teresa & Maria,alyona alyona & Jerry Heil,Azerbaijan,AZ,0,0,False,success
2024,Ukraine,Teresa & Maria,alyona alyona & Jerry Heil,Belgium,BE,0,0,False,success
2024,Ukraine,Teresa & Maria,alyona alyona & Jerry Heil,Bulgaria,BG,0,0,False,success
2024,Ukraine,Teresa & Maria,alyona alyona & Jerry Heil,Belarus,BY,0,2,False,success
2024,Ukraine,Teresa & Maria,alyona alyona & Jerry Heil,Switzerland,CH,0,0,False,success
2024,Ukraine,Teresa & Maria,alyona alyona & Jerry Heil,Cyprus,CY,0,0,False,success
2024,Ukraine,Teresa & Maria,alyona alyona & Jerry Heil,Czechia,CZ,0,3,False,success
2024,Ukraine,Teresa & Maria,alyona alyona & Jerry Heil,Germany,DE,0,2,False,success
2024,Ukraine,Teresa & Maria,alyona alyona & Jerry Heil,Denmark,DK,0,0,False,success
2024,Ukraine,Teresa & Maria,alyona alyona & Jerry Heil,Estonia,EE,0,0,False,success
2024,Ukraine,Teresa & Maria,alyona alyona & Jerry Heil,Spain,ES,0,2,False,success
2024,Ukraine,Teresa & Maria,alyona alyona & Jerry Heil,Finland,FI,0,4,False,success
2024,Ukraine,Teresa & Maria,alyona alyona & Jerry Heil,France,FR,0,0,False,success
2024,Ukraine,Teresa & Maria,alyona alyona & Jerry Heil,United Kingdom,GB,0,0,False,success
2024,Ukraine,Teresa & Maria,alyona alyona & Jerry Heil,Georgia,GE,0,0,False,success
2024,Ukraine,Teresa & Maria,alyona alyona & Jerry Heil,Greece,GR,0,2,False,success
2024,Ukraine,Teresa & Maria,alyona alyona & Jerry Heil,Croatia,HR,0,8,False,success
2024,Ukraine,Teresa & Maria,alyona alyona & Jerry Heil,Hungary,HU,0,0,False,success
2024,Ukraine,Teresa & Maria,alyona alyona & Jerry Heil,Ireland,IE,0,0,False,success
2024,Ukraine,Teresa & Maria,alyona alyona & Jerry Heil,Israel,IL,0,1,False,success
2024,Ukraine,Teresa & Maria,alyona alyona & Jerry Heil,Iceland,IS,0,0,False,success
2024,Ukraine,Teresa & Maria,alyona alyona & Jerry Heil,Italy,IT,0,1,False,success
2024,Ukraine,Teresa & Maria,alyona alyona & Jerry Heil,Lithuania,LT,0,22,False,success
2024,Ukraine,Teresa & Maria,alyona alyona & Jerry Heil,Luxembourg,LU,0,0,False,success
2024,Ukraine,Teresa & Maria,alyona alyona & Jerry Heil,Latvia,LV,0,11,False,success
2024,Ukraine,Teresa & Maria,alyona alyona & Jerry Heil,Moldova,MD,0,0,False,success
2024,Ukraine,Teresa & Maria,alyona alyona & Jerry Heil,Montenegro,ME,0,0,False,success
2024,Ukraine,Teresa & Maria,alyona alyona & Jerry Heil,North Macedonia,MK,0,0,False,success
2024,Ukraine,Teresa & Maria,alyona alyona & Jerry Heil,Malta,MT,0,0,False,success
2024,Ukraine,Teresa & Maria,alyona alyona & Jerry Heil,Netherlands,NL,0,0,False,success
2024,Ukraine,Teresa & Maria,alyona alyona & Jerry Heil,Norway,NO,0,0,False,success
2024,Ukraine,Teresa & Maria,alyona alyona & Jerry Heil,Poland,PL,0,3,False,success
2024,Ukraine,Teresa & Maria,alyona alyona & Jerry Heil,Portugal,PT,0,0,False,success
2024,Ukraine,Teresa & Maria,alyona alyona & Jerry Heil,Romania,RO,0,0,False,success
2024,Ukraine,Teresa & Maria,alyona alyona & Jerry Heil,Serbia,RS,0,2,False,success
2024,Ukraine,Teresa & Maria,alyona alyona & Jerry Heil,Russia,RU,0,1,False,success
2024,Ukraine,Teresa & Maria,alyona alyona & Jerry Heil,Sweden,SE,0,2,False,success
2024,Ukraine,Teresa & Maria,alyona alyona & Jerry Heil,Slovenia,SI,0,0,False,success
2024,Ukraine,Teresa & Maria,alyona alyona & Jerry Heil,San Marino,SM,0,0,False,success
2024,Ukraine,Teresa & Maria,alyona alyona & Jerry Heil,Ukraine,UA,0,21,True,success
2024,United Kingdom,Dizzy,Olly Alexander,Albania,AL,0,0,False,success
2024,United Kingdom,Dizzy,Olly Alexander,Armenia,AM,0,2,False,success
2024,United Kingdom,Dizzy,Olly Alexander,Austria,AT,0,4,False,success
2024,United Kingdom,Dizzy,Olly Alexander,Australia,AU,9,3,False,success
2024,United Kingdom,Dizzy,Olly Alexander,Azerbaijan,AZ,0,1,False,success
2024,United Kingdom,Dizzy,Olly Alexander,Belgium,BE,0,5,False,success
2024,United Kingdom,Dizzy,Olly Alexander,Bulgaria,BG,0,3,False,success
2024,United Kingdom,Dizzy,Olly Alexander,Belarus,BY,0,2,False,success
2024,United Kingdom,Dizzy,Olly Alexander,Switzerland,CH,0,2,False,success
2024,United Kingdom,Dizzy,Olly Alexander,Cyprus,CY,0,4,False,success
2024,United Kingdom,Dizzy,Olly Alexander,Czechia,CZ,0,2,False,success
2024,United Kingdom,Dizzy,Olly Alexander,Germany,DE,4,2,False,success
2024,United Kingdom,Dizzy,Olly Alexander,Denmark,DK,35,9,False,success
2024,United Kingdom,Dizzy,Olly Alexander,Estonia,EE,0,0,False,success
2024,United Kingdom,Dizzy,Olly Alexander,Spain,ES,10,4,False,success
2024,United Kingdom,Dizzy,Olly Alexander,Finland,FI,41,7,False,success
2024,United Kingdom,Dizzy,Olly Alexander,France,FR,0,3,False,success
2024,United Kingdom,Dizzy,Olly Alexander,United Kingdom,GB,100,11,True,success
2024,United Kingdom,Dizzy,Olly Alexander,Georgia,GE,0,2,False,success
2024,United Kingdom,Dizzy,Olly Alexander,Greece,GR,0,3,False,success
2024,United Kingdom,Dizzy,Olly Alexander,Croatia,HR,0,5,False,success
2024,United Kingdom,Dizzy,Olly Alexander,Hungary,HU,0,2,False,success
2024,United Kingdom,Dizzy,Olly Alexander,Ireland,IE,0,8,False,success
2024,United Kingdom,Dizzy,Olly Alexander,Israel,IL,0,2,False,success
2024,United Kingdom,Dizzy,Olly Alexander,Iceland,IS,0,0,False,success
2024,United Kingdom,Dizzy,Olly Alexander,Italy,IT,8,3,False,success
2024,United Kingdom,Dizzy,Olly Alexander,Lithuania,LT,0,16,False,success
2024,United Kingdom,Dizzy,Olly Alexander,Luxembourg,LU,0,0,False,success
2024,United Kingdom,Dizzy,Olly Alexander,Latvia,LV,0,3,False,success
2024,United Kingdom,Dizzy,Olly Alexander,Moldova,MD,0,0,False,success
2024,United Kingdom,Dizzy,Olly Alexander,Montenegro,ME,0,0,False,success
2024,United Kingdom,Dizzy,Olly Alexander,North Macedonia,MK,0,0,False,success
2024,United Kingdom,Dizzy,Olly Alexander,Malta,MT,0,0,False,success
2024,United Kingdom,Dizzy,Olly Alexander,Netherlands,NL,19,4,False,success
2024,United Kingdom,Dizzy,Olly Alexander,Norway,NO,0,5,False,success
2024,United Kingdom,Dizzy,Olly Alexander,Poland,PL,21,3,False,success
2024,United Kingdom,Dizzy,Olly Alexander,Portugal,PT,0,3,False,success
2024,United Kingdom,Dizzy,Olly Alexander,Romania,RO,0,2,False,success
2024,United Kingdom,Dizzy,Olly Alexander,Serbia,RS,0,4,False,success
2024,United Kingdom,Dizzy,Olly Alexander,Russia,RU,7,1,False,success
2024,United Kingdom,Dizzy,Olly Alexander,Sweden,SE,0,19,False,success
2024,United Kingdom,Dizzy,Olly Alexander,Slovenia,SI,0,0,False,success
2024,United Kingdom,Dizzy,Olly Alexander,San Marino,SM,0,0,False,success
2024,United Kingdom,Dizzy,Olly Alexander,Ukraine,UA,33,1,False,success
2025,Albania,Zjerm,Shkodra Elektronike,Albania,AL,3,100,True,success
2025,Albania,Zjerm,Shkodra Elektronike,Armenia,AM,0,0,False,success
2025,Albania,Zjerm,Shkodra Elektronike,Austria,AT,0,1,False,success
2025,Albania,Zjerm,Shkodra Elektronike,Australia,AU,0,0,False,success
2025,Albania,Zjerm,Shkodra Elektronike,Azerbaijan,AZ,0,0,False,success
2025,Albania,Zjerm,Shkodra Elektronike,Belgium,BE,0,1,False,success
2025,Albania,Zjerm,Shkodra Elektronike,Bulgaria,BG,0,0,False,success
2025,Albania,Zjerm,Shkodra Elektronike,Belarus,BY,0,0,False,success
2025,Albania,Zjerm,Shkodra Elektronike,Switzerland,CH,0,2,False,success
2025,Albania,Zjerm,Shkodra Elektronike,Cyprus,CY,0,0,False,success
2025,Albania,Zjerm,Shkodra Elektronike,Czechia,CZ,0,0,False,success
2025,Albania,Zjerm,Shkodra Elektronike,Germany,DE,0,1,False,success
2025,Albania,Zjerm,Shkodra Elektronike,Denmark,DK,0,0,False,success
2025,Albania,Zjerm,Shkodra Elektronike,Estonia,EE,0,0,False,success
2025,Albania,Zjerm,Shkodra Elektronike,Spain,ES,0,0,False,success
2025,Albania,Zjerm,Shkodra Elektronike,Finland,FI,0,1,False,success
2025,Albania,Zjerm,Shkodra Elektronike,France,FR,0,0,False,success
2025,Albania,Zjerm,Shkodra Elektronike,United Kingdom,GB,0,0,False,success
2025,Albania,Zjerm,Shkodra Elektronike,Georgia,GE,0,0,False,success
2025,Albania,Zjerm,Shkodra Elektronike,Greece,GR,0,6,False,success
2025,Albania,Zjerm,Shkodra Elektronike,Croatia,HR,0,0,False,success
2025,Albania,Zjerm,Shkodra Elektronike,Hungary,HU,0,0,False,success
2025,Albania,Zjerm,Shkodra Elektronike,Ireland,IE,0,0,False,success
2025,Albania,Zjerm,Shkodra Elektronike,Israel,IL,0,0,False,success
2025,Albania,Zjerm,Shkodra Elektronike,Iceland,IS,0,0,False,success
2025,Albania,Zjerm,Shkodra Elektronike,Italy,IT,0,2,False,success
2025,Albania,Zjerm,Shkodra Elektronike,Lithuania,LT,0,0,False,success
2025,Albania,Zjerm,Shkodra Elektronike,Luxembourg,LU,0,6,False,success
2025,Albania,Zjerm,Shkodra Elektronike,Latvia,LV,0,0,False,success
2025,Albania,Zjerm,Shkodra Elektronike,Moldova,MD,0,0,False,success
2025,Albania,Zjerm,Shkodra Elektronike,Montenegro,ME,0,0,False,success
2025,Albania,Zjerm,Shkodra Elektronike,North Macedonia,MK,0,13,False,success
2025,Albania,Zjerm,Shkodra Elektronike,Malta,MT,0,0,False,success
2025,Albania,Zjerm,Shkodra Elektronike,Netherlands,NL,0,1,False,success
2025,Albania,Zjerm,Shkodra Elektronike,Norway,NO,0,1,False,success
2025,Albania,Zjerm,Shkodra Elektronike,Poland,PL,0,1,False,success
2025,Albania,Zjerm,Shkodra Elektronike,Portugal,PT,0,1,False,success
2025,Albania,Zjerm,Shkodra Elektronike,Romania,RO,0,0,False,success
2025,Albania,Zjerm,Shkodra Elektronike,Serbia,RS,0,1,False,success
2025,Albania,Zjerm,Shkodra Elektronike,Russia,RU,0,0,False,success
2025,Albania,Zjerm,Shkodra Elektronike,Sweden,SE,0,1,False,success
2025,Albania,Zjerm,Shkodra Elektronike,Slovenia,SI,0,0,False,success
2025,Albania,Zjerm,Shkodra Elektronike,San Marino,SM,0,0,False,success
2025,Albania,Zjerm,Shkodra Elektronike,Ukraine,UA,0,0,False,success
2025,Armenia,Survivor,Parg,Albania,AL,0,4,False,success
2025,Armenia,Survivor,Parg,Armenia,AM,100,10,True,success
2025,Armenia,Survivor,Parg,Austria,AT,0,15,False,success
2025,Armenia,Survivor,Parg,Australia,AU,0,7,False,success
2025,Armenia,Survivor,Parg,Azerbaijan,AZ,0,97,False,success
2025,Armenia,Survivor,Parg,Belgium,BE,0,11,False,success
2025,Armenia,Survivor,Parg,Bulgaria,BG,0,15,False,success
2025,Armenia,Survivor,Parg,Belarus,BY,0,2,False,success
2025,Armenia,Survivor,Parg,Switzerland,CH,0,8,False,success
2025,Armenia,Survivor,Parg,Cyprus,CY,0,52,False,success
2025,Armenia,Survivor,Parg,Czechia,CZ,0,17,False,success
2025,Armenia,Survivor,Parg,Germany,DE,1,14,False,success
2025,Armenia,Survivor,Parg,Denmark,DK,0,8,False,success
2025,Armenia,Survivor,Parg,Estonia,EE,0,4,False,success
2025,Armenia,Survivor,Parg,Spain,ES,2,4,False,success
2025,Armenia,Survivor,Parg,Finland,FI,0,7,False,success
2025,Armenia,Survivor,Parg,France,FR,0,6,False,success
2025,Armenia,Survivor,Parg,United Kingdom,GB,1,7,False,success
2025,Armenia,Survivor,Parg,Georgia,GE,0,12,False,success
2025,Armenia,Survivor,Parg,Greece,GR,0,19,False,success
2025,Armenia,Survivor,Parg,Croatia,HR,0,13,False,success
2025,Armenia,Survivor,Parg,Hungary,HU,0,6,False,success
2025,Armenia,Survivor,Parg,Ireland,IE,0,5,False,success
2025,Armenia,Survivor,Parg,Israel,IL,0,3,False,success
2025,Armenia,Survivor,Parg,Iceland,IS,0,8,False,success
2025,Armenia,Survivor,Parg,Italy,IT,1,4,False,success
2025,Armenia,Survivor,Parg,Lithuania,LT,0,4,False,success
2025,Armenia,Survivor,Parg,Luxembourg,LU,0,7,False,success
2025,Armenia,Survivor,Parg,Latvia,LV,0,3,False,success
2025,Armenia,Survivor,Parg,Moldova,MD,0,6,False,success
2025,Armenia,Survivor,Parg,Montenegro,ME,0,19,False,success
2025,Armenia,Survivor,Parg,North Macedonia,MK,0,25,False,success
2025,Armenia,Survivor,Parg,Malta,MT,0,7,False,success
2025,Armenia,Survivor,Parg,Netherlands,NL,0,9,False,success
2025,Armenia,Survivor,Parg,Norway,NO,0,7,False,success
2025,Armenia,Survivor,Parg,Poland,PL,2,4,False,success
2025,Armenia,Survivor,Parg,Portugal,PT,8,4,False,success
2025,Armenia,Survivor,Parg,Romania,RO,0,6,False,success
2025,Armenia,Survivor,Parg,Serbia,RS,0,13,False,success
2025,Armenia,Survivor,Parg,Russia,RU,0,3,False,success
2025,Armenia,Survivor,Parg,Sweden,SE,0,8,False,success
2025,Armenia,Survivor,Parg,Slovenia,SI,0,5,False,success
2025,Armenia,Survivor,Parg,San Marino,SM,0,0,False,success
2025,Armenia,Survivor,Parg,Ukraine,UA,0,2,False,success
2025,Austria,Wasted Love,JJ,Albania,AL,0,5,False,success
2025,Austria,Wasted Love,JJ,Armenia,AM,0,4,False,success
2025,Austria,Wasted Love,JJ,Austria,AT,100,100,True,success
2025,Austria,Wasted Love,JJ,Australia,AU,0,1,False,success
2025,Austria,Wasted Love,JJ,Azerbaijan,AZ,0,1,False,success
2025,Austria,Wasted Love,JJ,Belgium,BE,6,4,False,success
2025,Austria,Wasted Love,JJ,Bulgaria,BG,0,1,False,success
2025,Austria,Wasted Love,JJ,Belarus,BY,0,0,False,success
2025,Austria,Wasted Love,JJ,Switzerland,CH,10,7,False,success
2025,Austria,Wasted Love,JJ,Cyprus,CY,0,9,False,success
2025,Austria,Wasted Love,JJ,Czechia,CZ,0,2,False,success
2025,Austria,Wasted Love,JJ,Germany,DE,2,3,False,success
2025,Austria,Wasted Love,JJ,Denmark,DK,5,2,False,success
2025,Austria,Wasted Love,JJ,Estonia,EE,0,11,False,success
2025,Austria,Wasted Love,JJ,Spain,ES,3,3,False,success
2025,Austria,Wasted Love,JJ,Finland,FI,20,21,False,success
2025,Austria,Wasted Love,JJ,France,FR,1,1,False,success
2025,Austria,Wasted Love,JJ,United Kingdom,GB,2,2,False,success
2025,Austria,Wasted Love,JJ,Georgia,GE,0,0,False,success
2025,Austria,Wasted Love,JJ,Greece,GR,10,17,False,success
2025,Austria,Wasted Love,JJ,Croatia,HR,0,9,False,success
2025,Austria,Wasted Love,JJ,Hungary,HU,0,2,False,success
2025,Austria,Wasted Love,JJ,Ireland,IE,0,2,False,success
2025,Austria,Wasted Love,JJ,Israel,IL,0,3,False,success
2025,Austria,Wasted Love,JJ,Iceland,IS,0,26,False,success
2025,Austria,Wasted Love,JJ,Italy,IT,2,3,False,success
2025,Austria,Wasted Love,JJ,Lithuania,LT,14,17,False,success
2025,Austria,Wasted Love,JJ,Luxembourg,LU,0,0,False,success
2025,Austria,Wasted Love,JJ,Latvia,LV,0,7,False,success
2025,Austria,Wasted Love,JJ,Moldova,MD,0,0,False,success
2025,Austria,Wasted Love,JJ,Montenegro,ME,0,0,False,success
2025,Austria,Wasted Love,JJ,North Macedonia,MK,0,4,False,success
2025,Austria,Wasted Love,JJ,Malta,MT,0,0,False,success
2025,Austria,Wasted Love,JJ,Netherlands,NL,6,4,False,success
2025,Austria,Wasted Love,JJ,Norway,NO,7,7,False,success
2025,Austria,Wasted Love,JJ,Poland,PL,4,5,False,success
2025,Austria,Wasted Love,JJ,Portugal,PT,4,5,False,success
2025,Austria,Wasted Love,JJ,Romania,RO,0,2,False,success
2025,Austria,Wasted Love,JJ,Serbia,RS,0,6,False,success
2025,Austria,Wasted Love,JJ,Russia,RU,1,1,False,success
2025,Austria,Wasted Love,JJ,Sweden,SE,7,7,False,success
2025,Austria,Wasted Love,JJ,Slovenia,SI,0,9,False,success
2025,Austria,Wasted Love,JJ,San Marino,SM,0,0,False,success
2025,Austria,Wasted Love,JJ,Ukraine,UA,4,3,False,success
2025,Denmark,Hallucination,Sissal,Albania,AL,0,0,False,success
2025,Denmark,Hallucination,Sissal,Armenia,AM,0,0,False,success
2025,Denmark,Hallucination,Sissal,Austria,AT,0,0,False,success
2025,Denmark,Hallucination,Sissal,Australia,AU,0,0,False,success
2025,Denmark,Hallucination,Sissal,Azerbaijan,AZ,0,0,False,success
2025,Denmark,Hallucination,Sissal,Belgium,BE,0,1,False,success
2025,Denmark,Hallucination,Sissal,Bulgaria,BG,0,0,False,success
2025,Denmark,Hallucination,Sissal,Belarus,BY,0,0,False,success
2025,Denmark,Hallucination,Sissal,Switzerland,CH,0,0,False,success
2025,Denmark,Hallucination,Sissal,Cyprus,CY,0,0,False,success
2025,Denmark,Hallucination,Sissal,Czechia,CZ,0,0,False,success
2025,Denmark,Hallucination,Sissal,Germany,DE,0,0,False,success
2025,Denmark,Hallucination,Sissal,Denmark,DK,100,6,True,success
2025,Denmark,Hallucination,Sissal,Estonia,EE,0,0,False,success
2025,Denmark,Hallucination,Sissal,Spain,ES,0,0,False,success
2025,Denmark,Hallucination,Sissal,Finland,FI,0,1,False,success
2025,Denmark,Hallucination,Sissal,France,FR,0,1,False,success
2025,Denmark,Hallucination,Sissal,United Kingdom,GB,0,0,False,success
2025,Denmark,Hallucination,Sissal,Georgia,GE,0,0,False,success
2025,Denmark,Hallucination,Sissal,Greece,GR,0,1,False,success
2025,Denmark,Hallucination,Sissal,Croatia,HR,0,1,False,success
2025,Denmark,Hallucination,Sissal,Hungary,HU,0,0,False,success
2025,Denmark,Hallucination,Sissal,Ireland,IE,0,0,False,success
2025,Denmark,Hallucination,Sissal,Israel,IL,0,0,False,success
2025,Denmark,Hallucination,Sissal,Iceland,IS,0,0,False,success
2025,Denmark,Hallucination,Sissal,Italy,IT,0,0,False,success
2025,Denmark,Hallucination,Sissal,Lithuania,LT,0,1,False,success
2025,Denmark,Hallucination,Sissal,Luxembourg,LU,0,0,False,success
2025,Denmark,Hallucination,Sissal,Latvia,LV,0,0,False,success
2025,Denmark,Hallucination,Sissal,Moldova,MD,0,1,False,success
2025,Denmark,Hallucination,Sissal,Montenegro,ME,0,0,False,success
2025,Denmark,Hallucination,Sissal,North Macedonia,MK,0,0,False,success
2025,Denmark,Hallucination,Sissal,Malta,MT,0,0,False,success
2025,Denmark,Hallucination,Sissal,Netherlands,NL,0,0,False,success
2025,Denmark,Hallucination,Sissal,Norway,NO,30,1,False,success
2025,Denmark,Hallucination,Sissal,Poland,PL,0,0,False,success
2025,Denmark,Hallucination,Sissal,Portugal,PT,0,1,False,success
2025,Denmark,Hallucination,Sissal,Romania,RO,0,0,False,success
2025,Denmark,Hallucination,Sissal,Serbia,RS,0,0,False,success
2025,Denmark,Hallucination,Sissal,Russia,RU,0,0,False,success
2025,Denmark,Hallucination,Sissal,Sweden,SE,0,0,False,success
2025,Denmark,Hallucination,Sissal,Slovenia,SI,0,0,False,success
2025,Denmark,Hallucination,Sissal,San Marino,SM,0,0,False,success
2025,Denmark,Hallucination,Sissal,Ukraine,UA,0,0,False,success
2025,Estonia,Espresso Macchiato,Tommy Cash,Albania,AL,0,7,False,success
2025,Estonia,Espresso Macchiato,Tommy Cash,Armenia,AM,0,8,False,success
2025,Estonia,Espresso Macchiato,Tommy Cash,Austria,AT,0,4,False,success
2025,Estonia,Espresso Macchiato,Tommy Cash,Australia,AU,0,1,False,success
2025,Estonia,Espresso Macchiato,Tommy Cash,Azerbaijan,AZ,0,1,False,success
2025,Estonia,Espresso Macchiato,Tommy Cash,Belgium,BE,0,5,False,success
2025,Estonia,Espresso Macchiato,Tommy Cash,Bulgaria,BG,0,1,False,success
2025,Estonia,Espresso Macchiato,Tommy Cash,Belarus,BY,0,1,False,success
2025,Estonia,Espresso Macchiato,Tommy Cash,Switzerland,CH,0,8,False,success
2025,Estonia,Espresso Macchiato,Tommy Cash,Cyprus,CY,0,9,False,success
2025,Estonia,Espresso Macchiato,Tommy Cash,Czechia,CZ,0,3,False,success
2025,Estonia,Espresso Macchiato,Tommy Cash,Germany,DE,0,2,False,success
2025,Estonia,Espresso Macchiato,Tommy Cash,Denmark,DK,0,3,False,success
2025,Estonia,Espresso Macchiato,Tommy Cash,Estonia,EE,0,100,True,success
2025,Estonia,Espresso Macchiato,Tommy Cash,Spain,ES,0,3,False,success
2025,Estonia,Espresso Macchiato,Tommy Cash,Finland,FI,0,16,False,success
2025,Estonia,Espresso Macchiato,Tommy Cash,France,FR,0,1,False,success
2025,Estonia,Espresso Macchiato,Tommy Cash,United Kingdom,GB,0,1,False,success
2025,Estonia,Espresso Macchiato,Tommy Cash,Georgia,GE,0,10,False,success
2025,Estonia,Espresso Macchiato,Tommy Cash,Greece,GR,0,18,False,success
2025,Estonia,Espresso Macchiato,Tommy Cash,Croatia,HR,0,10,False,success
2025,Estonia,Espresso Macchiato,Tommy Cash,Hungary,HU,0,2,False,success
2025,Estonia,Espresso Macchiato,Tommy Cash,Ireland,IE,0,2,False,success
2025,Estonia,Espresso Macchiato,Tommy Cash,Israel,IL,0,3,False,success
2025,Estonia,Espresso Macchiato,Tommy Cash,Iceland,IS,0,24,False,success
2025,Estonia,Espresso Macchiato,Tommy Cash,Italy,IT,0,38,False,success
2025,Estonia,Espresso Macchiato,Tommy Cash,Lithuania,LT,0,27,False,success
2025,Estonia,Espresso Macchiato,Tommy Cash,Luxembourg,LU,0,6,False,success
2025,Estonia,Espresso Macchiato,Tommy Cash,Latvia,LV,0,10,False,success
2025,Estonia,Espresso Macchiato,Tommy Cash,Moldova,MD,0,3,False,success
2025,Estonia,Espresso Macchiato,Tommy Cash,Montenegro,ME,0,7,False,success
2025,Estonia,Espresso Macchiato,Tommy Cash,North Macedonia,MK,0,5,False,success
2025,Estonia,Espresso Macchiato,Tommy Cash,Malta,MT,0,50,False,success
2025,Estonia,Espresso Macchiato,Tommy Cash,Netherlands,NL,0,6,False,success
2025,Estonia,Espresso Macchiato,Tommy Cash,Norway,NO,0,5,False,success
2025,Estonia,Espresso Macchiato,Tommy Cash,Poland,PL,0,7,False,success
2025,Estonia,Espresso Macchiato,Tommy Cash,Portugal,PT,0,4,False,success
2025,Estonia,Espresso Macchiato,Tommy Cash,Romania,RO,0,1,False,success
2025,Estonia,Espresso Macchiato,Tommy Cash,Serbia,RS,0,9,False,success
2025,Estonia,Espresso Macchiato,Tommy Cash,Russia,RU,0,1,False,success
2025,Estonia,Espresso Macchiato,Tommy Cash,Sweden,SE,0,6,False,success
2025,Estonia,Espresso Macchiato,Tommy Cash,Slovenia,SI,0,12,False,success
2025,Estonia,Espresso Macchiato,Tommy Cash,San Marino,SM,0,0,False,success
2025,Estonia,Espresso Macchiato,Tommy Cash,Ukraine,UA,0,1,False,success
2025,Finland,Ich komme,Erika Vikman,Albania,AL,0,0,False,success
2025,Finland,Ich komme,Erika Vikman,Armenia,AM,0,0,False,success
2025,Finland,Ich komme,Erika Vikman,Austria,AT,3,3,False,success
2025,Finland,Ich komme,Erika Vikman,Australia,AU,0,0,False,success
2025,Finland,Ich komme,Erika Vikman,Azerbaijan,AZ,0,0,False,success
2025,Finland,Ich komme,Erika Vikman,Belgium,BE,0,1,False,success
2025,Finland,Ich komme,Erika Vikman,Bulgaria,BG,0,0,False,success
2025,Finland,Ich komme,Erika Vikman,Belarus,BY,0,0,False,success
2025,Finland,Ich komme,Erika Vikman,Switzerland,CH,4,3,False,success
2025,Finland,Ich komme,Erika Vikman,Cyprus,CY,0,0,False,success
2025,Finland,Ich komme,Erika Vikman,Czechia,CZ,0,0,False,success
2025,Finland,Ich komme,Erika Vikman,Germany,DE,2,2,False,success
2025,Finland,Ich komme,Erika Vikman,Denmark,DK,0,1,False,success
2025,Finland,Ich komme,Erika Vikman,Estonia,EE,0,10,False,success
2025,Finland,Ich komme,Erika Vikman,Spain,ES,1,1,False,success
2025,Finland,Ich komme,Erika Vikman,Finland,FI,39,100,True,success
2025,Finland,Ich komme,Erika Vikman,France,FR,0,0,False,success
2025,Finland,Ich komme,Erika Vikman,United Kingdom,GB,1,0,False,success
2025,Finland,Ich komme,Erika Vikman,Georgia,GE,0,0,False,success
2025,Finland,Ich komme,Erika Vikman,Greece,GR,0,2,False,success
2025,Finland,Ich komme,Erika Vikman,Croatia,HR,0,2,False,success
2025,Finland,Ich komme,Erika Vikman,Hungary,HU,0,0,False,success
2025,Finland,Ich komme,Erika Vikman,Ireland,IE,3,0,False,success
2025,Finland,Ich komme,Erika Vikman,Israel,IL,0,1,False,success
2025,Finland,Ich komme,Erika Vikman,Iceland,IS,0,0,False,success
2025,Finland,Ich komme,Erika Vikman,Italy,IT,1,0,False,success
2025,Finland,Ich komme,Erika Vikman,Lithuania,LT,0,4,False,success
2025,Finland,Ich komme,Erika Vikman,Luxembourg,LU,0,0,False,success
2025,Finland,Ich komme,Erika Vikman,Latvia,LV,0,2,False,success
2025,Finland,Ich komme,Erika Vikman,Moldova,MD,0,0,False,success
2025,Finland,Ich komme,Erika Vikman,Montenegro,ME,0,0,False,success
2025,Finland,Ich komme,Erika Vikman,North Macedonia,MK,0,0,False,success
2025,Finland,Ich komme,Erika Vikman,Malta,MT,0,9,False,success
2025,Finland,Ich komme,Erika Vikman,Netherlands,NL,2,1,False,success
2025,Finland,Ich komme,Erika Vikman,Norway,NO,0,4,False,success
2025,Finland,Ich komme,Erika Vikman,Poland,PL,1,2,False,success
2025,Finland,Ich komme,Erika Vikman,Portugal,PT,0,0,False,success
2025,Finland,Ich komme,Erika Vikman,Romania,RO,0,0,False,success
2025,Finland,Ich komme,Erika Vikman,Serbia,RS,0,1,False,success
2025,Finland,Ich komme,Erika Vikman,Russia,RU,0,0,False,success
2025,Finland,Ich komme,Erika Vikman,Sweden,SE,5,4,False,success
2025,Finland,Ich komme,Erika Vikman,Slovenia,SI,0,0,False,success
2025,Finland,Ich komme,Erika Vikman,San Marino,SM,0,0,False,success
2025,Finland,Ich komme,Erika Vikman,Ukraine,UA,1,0,False,success
2025,France,Maman,Louane,Albania,AL,0,0,False,success
2025,France,Maman,Louane,Armenia,AM,0,1,False,success
2025,France,Maman,Louane,Austria,AT,0,1,False,success
2025,France,Maman,Louane,Australia,AU,0,0,False,success
2025,France,Maman,Louane,Azerbaijan,AZ,0,0,False,success
2025,France,Maman,Louane,Belgium,BE,12,19,False,success
2025,France,Maman,Louane,Bulgaria,BG,0,0,False,success
2025,France,Maman,Louane,Belarus,BY,0,0,False,success
2025,France,Maman,Louane,Switzerland,CH,11,6,False,success
2025,France,Maman,Louane,Cyprus,CY,0,1,False,success
2025,France,Maman,Louane,Czechia,CZ,0,0,False,success
2025,France,Maman,Louane,Germany,DE,1,1,False,success
2025,France,Maman,Louane,Denmark,DK,0,0,False,success
2025,France,Maman,Louane,Estonia,EE,0,0,False,success
2025,France,Maman,Louane,Spain,ES,1,1,False,success
2025,France,Maman,Louane,Finland,FI,0,1,False,success
2025,France,Maman,Louane,France,FR,29,32,True,success
2025,France,Maman,Louane,United Kingdom,GB,1,0,False,success
2025,France,Maman,Louane,Georgia,GE,0,0,False,success
2025,France,Maman,Louane,Greece,GR,4,1,False,success
2025,France,Maman,Louane,Croatia,HR,0,0,False,success
2025,France,Maman,Louane,Hungary,HU,0,0,False,success
2025,France,Maman,Louane,Ireland,IE,0,1,False,success
2025,France,Maman,Louane,Israel,IL,0,1,False,success
2025,France,Maman,Louane,Iceland,IS,0,0,False,success
2025,France,Maman,Louane,Italy,IT,1,1,False,success
2025,France,Maman,Louane,Lithuania,LT,0,1,False,success
2025,France,Maman,Louane,Luxembourg,LU,29,7,False,success
2025,France,Maman,Louane,Latvia,LV,0,0,False,success
2025,France,Maman,Louane,Moldova,MD,0,1,False,success
2025,France,Maman,Louane,Montenegro,ME,0,0,False,success
2025,France,Maman,Louane,North Macedonia,MK,0,0,False,success
2025,France,Maman,Louane,Malta,MT,0,0,False,success
2025,France,Maman,Louane,Netherlands,NL,3,1,False,success
2025,France,Maman,Louane,Norway,NO,0,0,False,success
2025,France,Maman,Louane,Poland,PL,1,0,False,success
2025,France,Maman,Louane,Portugal,PT,0,1,False,success
2025,France,Maman,Louane,Romania,RO,0,0,False,success
2025,France,Maman,Louane,Serbia,RS,0,0,False,success
2025,France,Maman,Louane,Russia,RU,0,0,False,success
2025,France,Maman,Louane,Sweden,SE,0,1,False,success
2025,France,Maman,Louane,Slovenia,SI,0,0,False,success
2025,France,Maman,Louane,San Marino,SM,0,0,False,success
2025,France,Maman,Louane,Ukraine,UA,1,0,False,success
2025,Germany,Baller,Abor & Tynna,Albania,AL,0,2,False,success
2025,Germany,Baller,Abor & Tynna,Armenia,AM,0,0,False,success
2025,Germany,Baller,Abor & Tynna,Austria,AT,1,7,False,success
2025,Germany,Baller,Abor & Tynna,Australia,AU,0,2,False,success
2025,Germany,Baller,Abor & Tynna,Azerbaijan,AZ,0,0,False,success
2025,Germany,Baller,Abor & Tynna,Belgium,BE,0,2,False,success
2025,Germany,Baller,Abor & Tynna,Bulgaria,BG,0,1,False,success
2025,Germany,Baller,Abor & Tynna,Belarus,BY,0,0,False,success
2025,Germany,Baller,Abor & Tynna,Switzerland,CH,0,5,False,success
2025,Germany,Baller,Abor & Tynna,Cyprus,CY,0,1,False,success
2025,Germany,Baller,Abor & Tynna,Czechia,CZ,0,1,False,success
2025,Germany,Baller,Abor & Tynna,Germany,DE,2,10,True,success
2025,Germany,Baller,Abor & Tynna,Denmark,DK,0,3,False,success
2025,Germany,Baller,Abor & Tynna,Estonia,EE,0,3,False,success
2025,Germany,Baller,Abor & Tynna,Spain,ES,0,1,False,success
2025,Germany,Baller,Abor & Tynna,Finland,FI,0,2,False,success
2025,Germany,Baller,Abor & Tynna,France,FR,0,0,False,success
2025,Germany,Baller,Abor & Tynna,United Kingdom,GB,0,8,False,success
2025,Germany,Baller,Abor & Tynna,Georgia,GE,0,0,False,success
2025,Germany,Baller,Abor & Tynna,Greece,GR,0,2,False,success
2025,Germany,Baller,Abor & Tynna,Croatia,HR,0,2,False,success
2025,Germany,Baller,Abor & Tynna,Hungary,HU,0,2,False,success
2025,Germany,Baller,Abor & Tynna,Ireland,IE,0,4,False,success
2025,Germany,Baller,Abor & Tynna,Israel,IL,0,1,False,success
2025,Germany,Baller,Abor & Tynna,Iceland,IS,0,0,False,success
2025,Germany,Baller,Abor & Tynna,Italy,IT,0,1,False,success
2025,Germany,Baller,Abor & Tynna,Lithuania,LT,0,7,False,success
2025,Germany,Baller,Abor & Tynna,Luxembourg,LU,0,7,False,success
2025,Germany,Baller,Abor & Tynna,Latvia,LV,0,2,False,success
2025,Germany,Baller,Abor & Tynna,Moldova,MD,0,1,False,success
2025,Germany,Baller,Abor & Tynna,Montenegro,ME,0,0,False,success
2025,Germany,Baller,Abor & Tynna,North Macedonia,MK,0,1,False,success
2025,Germany,Baller,Abor & Tynna,Malta,MT,0,0,False,success
2025,Germany,Baller,Abor & Tynna,Netherlands,NL,0,2,False,success
2025,Germany,Baller,Abor & Tynna,Norway,NO,0,4,False,success
2025,Germany,Baller,Abor & Tynna,Poland,PL,0,1,False,success
2025,Germany,Baller,Abor & Tynna,Portugal,PT,0,1,False,success
2025,Germany,Baller,Abor & Tynna,Romania,RO,0,1,False,success
2025,Germany,Baller,Abor & Tynna,Serbia,RS,0,1,False,success
2025,Germany,Baller,Abor & Tynna,Russia,RU,0,0,False,success
2025,Germany,Baller,Abor & Tynna,Sweden,SE,0,2,False,success
2025,Germany,Baller,Abor & Tynna,Slovenia,SI,0,3,False,success
2025,Germany,Baller,Abor & Tynna,San Marino,SM,0,0,False,success
2025,Germany,Baller,Abor & Tynna,Ukraine,UA,1,0,False,success
2025,Greece,Asteromata,Klavdia,Albania,AL,0,4,False,success
2025,Greece,Asteromata,Klavdia,Armenia,AM,0,0,False,success
2025,Greece,Asteromata,Klavdia,Austria,AT,0,1,False,success
2025,Greece,Asteromata,Klavdia,Australia,AU,0,1,False,success
2025,Greece,Asteromata,Klavdia,Azerbaijan,AZ,0,0,False,success
2025,Greece,Asteromata,Klavdia,Belgium,BE,0,2,False,success
2025,Greece,Asteromata,Klavdia,Bulgaria,BG,0,2,False,success
2025,Greece,Asteromata,Klavdia,Belarus,BY,0,0,False,success
2025,Greece,Asteromata,Klavdia,Switzerland,CH,0,2,False,success
2025,Greece,Asteromata,Klavdia,Cyprus,CY,0,48,False,success
2025,Greece,Asteromata,Klavdia,Czechia,CZ,0,0,False,success
2025,Greece,Asteromata,Klavdia,Germany,DE,5,1,False,success
2025,Greece,Asteromata,Klavdia,Denmark,DK,0,0,False,success
2025,Greece,Asteromata,Klavdia,Estonia,EE,0,0,False,success
2025,Greece,Asteromata,Klavdia,Spain,ES,0,1,False,success
2025,Greece,Asteromata,Klavdia,Finland,FI,0,0,False,success
2025,Greece,Asteromata,Klavdia,France,FR,0,0,False,success
2025,Greece,Asteromata,Klavdia,United Kingdom,GB,4,1,False,success
2025,Greece,Asteromata,Klavdia,Georgia,GE,0,0,False,success
2025,Greece,Asteromata,Klavdia,Greece,GR,100,100,True,success
2025,Greece,Asteromata,Klavdia,Croatia,HR,0,0,False,success
2025,Greece,Asteromata,Klavdia,Hungary,HU,0,0,False,success
2025,Greece,Asteromata,Klavdia,Ireland,IE,0,0,False,success
2025,Greece,Asteromata,Klavdia,Israel,IL,0,0,False,success
2025,Greece,Asteromata,Klavdia,Iceland,IS,0,0,False,success
2025,Greece,Asteromata,Klavdia,Italy,IT,0,1,False,success
2025,Greece,Asteromata,Klavdia,Lithuania,LT,0,0,False,success
2025,Greece,Asteromata,Klavdia,Luxembourg,LU,0,0,False,success
2025,Greece,Asteromata,Klavdia,Latvia,LV,0,0,False,success
2025,Greece,Asteromata,Klavdia,Moldova,MD,0,0,False,success
2025,Greece,Asteromata,Klavdia,Montenegro,ME,0,0,False,success
2025,Greece,Asteromata,Klavdia,North Macedonia,MK,0,0,False,success
2025,Greece,Asteromata,Klavdia,Malta,MT,0,0,False,success
2025,Greece,Asteromata,Klavdia,Netherlands,NL,0,1,False,success
2025,Greece,Asteromata,Klavdia,Norway,NO,0,0,False,success
2025,Greece,Asteromata,Klavdia,Poland,PL,9,1,False,success
2025,Greece,Asteromata,Klavdia,Portugal,PT,0,0,False,success
2025,Greece,Asteromata,Klavdia,Romania,RO,0,1,False,success
2025,Greece,Asteromata,Klavdia,Serbia,RS,0,3,False,success
2025,Greece,Asteromata,Klavdia,Russia,RU,0,0,False,success
2025,Greece,Asteromata,Klavdia,Sweden,SE,0,1,False,success
2025,Greece,Asteromata,Klavdia,Slovenia,SI,0,0,False,success
2025,Greece,Asteromata,Klavdia,San Marino,SM,0,0,False,success
2025,Greece,Asteromata,Klavdia,Ukraine,UA,0,0,False,success
2025,Iceland,Róa,Væb,Albania,AL,0,0,False,success
2025,Iceland,Róa,Væb,Armenia,AM,0,0,False,success
2025,Iceland,Róa,Væb,Austria,AT,0,0,False,success
2025,Iceland,Róa,Væb,Australia,AU,0,0,False,success
2025,Iceland,Róa,Væb,Azerbaijan,AZ,0,0,False,success
2025,Iceland,Róa,Væb,Belgium,BE,0,0,False,success
2025,Iceland,Róa,Væb,Bulgaria,BG,0,0,False,success
2025,Iceland,Róa,Væb,Belarus,BY,0,0,False,success
2025,Iceland,Róa,Væb,Switzerland,CH,0,0,False,success
2025,Iceland,Róa,Væb,Cyprus,CY,0,0,False,success
2025,Iceland,Róa,Væb,Czechia,CZ,0,0,False,success
2025,Iceland,Róa,Væb,Germany,DE,0,0,False,success
2025,Iceland,Róa,Væb,Denmark,DK,0,0,False,success
2025,Iceland,Róa,Væb,Estonia,EE,0,0,False,success
2025,Iceland,Róa,Væb,Spain,ES,0,0,False,success
2025,Iceland,Róa,Væb,Finland,FI,6,0,False,success
2025,Iceland,Róa,Væb,France,FR,0,0,False,success
2025,Iceland,Róa,Væb,United Kingdom,GB,1,0,False,success
2025,Iceland,Róa,Væb,Georgia,GE,0,0,False,success
2025,Iceland,Róa,Væb,Greece,GR,0,0,False,success
2025,Iceland,Róa,Væb,Croatia,HR,0,0,False,success
2025,Iceland,Róa,Væb,Hungary,HU,0,0,False,success
2025,Iceland,Róa,Væb,Ireland,IE,0,0,False,success
2025,Iceland,Róa,Væb,Israel,IL,0,0,False,success
2025,Iceland,Róa,Væb,Iceland,IS,100,100,True,success
2025,Iceland,Róa,Væb,Italy,IT,1,0,False,success
2025,Iceland,Róa,Væb,Lithuania,LT,0,0,False,success
2025,Iceland,Róa,Væb,Luxembourg,LU,0,0,False,success
2025,Iceland,Róa,Væb,Latvia,LV,0,0,False,success
2025,Iceland,Róa,Væb,Moldova,MD,0,0,False,success
2025,Iceland,Róa,Væb,Montenegro,ME,0,0,False,success
2025,Iceland,Róa,Væb,North Macedonia,MK,0,0,False,success
2025,Iceland,Róa,Væb,Malta,MT,0,0,False,success
2025,Iceland,Róa,Væb,Netherlands,NL,1,0,False,success
2025,Iceland,Róa,Væb,Norway,NO,0,1,False,success
2025,Iceland,Róa,Væb,Poland,PL,1,0,False,success
2025,Iceland,Róa,Væb,Portugal,PT,0,0,False,success
2025,Iceland,Róa,Væb,Romania,RO,0,0,False,success
2025,Iceland,Róa,Væb,Serbia,RS,0,0,False,success
2025,Iceland,Róa,Væb,Russia,RU,0,0,False,success
2025,Iceland,Róa,Væb,Sweden,SE,2,0,False,success
2025,Iceland,Róa,Væb,Slovenia,SI,0,0,False,success
2025,Iceland,Róa,Væb,San Marino,SM,0,0,False,success
2025,Iceland,Róa,Væb,Ukraine,UA,0,0,False,success
2025,Israel,New Day Will Rise,Yuval Raphael,Albania,AL,0,0,False,success
2025,Israel,New Day Will Rise,Yuval Raphael,Armenia,AM,0,0,False,success
2025,Israel,New Day Will Rise,Yuval Raphael,Austria,AT,0,4,False,success
2025,Israel,New Day Will Rise,Yuval Raphael,Australia,AU,0,0,False,success
2025,Israel,New Day Will Rise,Yuval Raphael,Azerbaijan,AZ,0,2,False,success
2025,Israel,New Day Will Rise,Yuval Raphael,Belgium,BE,0,3,False,success
2025,Israel,New Day Will Rise,Yuval Raphael,Bulgaria,BG,0,0,False,success
2025,Israel,New Day Will Rise,Yuval Raphael,Belarus,BY,0,0,False,success
2025,Israel,New Day Will Rise,Yuval Raphael,Switzerland,CH,54,5,False,success
2025,Israel,New Day Will Rise,Yuval Raphael,Cyprus,CY,0,8,False,success
2025,Israel,New Day Will Rise,Yuval Raphael,Czechia,CZ,0,2,False,success
2025,Israel,New Day Will Rise,Yuval Raphael,Germany,DE,6,1,False,success
2025,Israel,New Day Will Rise,Yuval Raphael,Denmark,DK,0,0,False,success
2025,Israel,New Day Will Rise,Yuval Raphael,Estonia,EE,0,11,False,success
2025,Israel,New Day Will Rise,Yuval Raphael,Spain,ES,0,1,False,success
2025,Israel,New Day Will Rise,Yuval Raphael,Finland,FI,0,5,False,success
2025,Israel,New Day Will Rise,Yuval Raphael,France,FR,6,1,False,success
2025,Israel,New Day Will Rise,Yuval Raphael,United Kingdom,GB,0,1,False,success
2025,Israel,New Day Will Rise,Yuval Raphael,Georgia,GE,0,12,False,success
2025,Israel,New Day Will Rise,Yuval Raphael,Greece,GR,0,5,False,success
2025,Israel,New Day Will Rise,Yuval Raphael,Croatia,HR,0,4,False,success
2025,Israel,New Day Will Rise,Yuval Raphael,Hungary,HU,0,0,False,success
2025,Israel,New Day Will Rise,Yuval Raphael,Ireland,IE,0,3,False,success
2025,Israel,New Day Will Rise,Yuval Raphael,Israel,IL,100,100,True,success
2025,Israel,New Day Will Rise,Yuval Raphael,Iceland,IS,0,0,False,success
2025,Israel,New Day Will Rise,Yuval Raphael,Italy,IT,0,1,False,success
2025,Israel,New Day Will Rise,Yuval Raphael,Lithuania,LT,0,6,False,success
2025,Israel,New Day Will Rise,Yuval Raphael,Luxembourg,LU,0,0,False,success
2025,Israel,New Day Will Rise,Yuval Raphael,Latvia,LV,0,0,False,success
2025,Israel,New Day Will Rise,Yuval Raphael,Moldova,MD,0,0,False,success
2025,Israel,New Day Will Rise,Yuval Raphael,Montenegro,ME,0,0,False,success
2025,Israel,New Day Will Rise,Yuval Raphael,North Macedonia,MK,0,0,False,success
2025,Israel,New Day Will Rise,Yuval Raphael,Malta,MT,0,0,False,success
2025,Israel,New Day Will Rise,Yuval Raphael,Netherlands,NL,0,3,False,success
2025,Israel,New Day Will Rise,Yuval Raphael,Norway,NO,0,4,False,success
2025,Israel,New Day Will Rise,Yuval Raphael,Poland,PL,0,2,False,success
2025,Israel,New Day Will Rise,Yuval Raphael,Portugal,PT,0,3,False,success
2025,Israel,New Day Will Rise,Yuval Raphael,Romania,RO,0,0,False,success
2025,Israel,New Day Will Rise,Yuval Raphael,Serbia,RS,0,4,False,success
2025,Israel,New Day Will Rise,Yuval Raphael,Russia,RU,0,0,False,success
2025,Israel,New Day Will Rise,Yuval Raphael,Sweden,SE,0,2,False,success
2025,Israel,New Day Will Rise,Yuval Raphael,Slovenia,SI,0,12,False,success
2025,Israel,New Day Will Rise,Yuval Raphael,San Marino,SM,0,0,False,success
2025,Israel,New Day Will Rise,Yuval Raphael,Ukraine,UA,0,2,False,success
2025,Italy,Volevo essere un duro,Lucio Corsi,Albania,AL,0,0,False,success
2025,Italy,Volevo essere un duro,Lucio Corsi,Armenia,AM,0,0,False,success
2025,Italy,Volevo essere un duro,Lucio Corsi,Austria,AT,0,0,False,success
2025,Italy,Volevo essere un duro,Lucio Corsi,Australia,AU,0,0,False,success
2025,Italy,Volevo essere un duro,Lucio Corsi,Azerbaijan,AZ,0,0,False,success
2025,Italy,Volevo essere un duro,Lucio Corsi,Belgium,BE,0,2,False,success
2025,Italy,Volevo essere un duro,Lucio Corsi,Bulgaria,BG,0,0,False,success
2025,Italy,Volevo essere un duro,Lucio Corsi,Belarus,BY,0,0,False,success
2025,Italy,Volevo essere un duro,Lucio Corsi,Switzerland,CH,0,8,False,success
2025,Italy,Volevo essere un duro,Lucio Corsi,Cyprus,CY,0,0,False,success
2025,Italy,Volevo essere un duro,Lucio Corsi,Czechia,CZ,0,0,False,success
2025,Italy,Volevo essere un duro,Lucio Corsi,Germany,DE,0,1,False,success
2025,Italy,Volevo essere un duro,Lucio Corsi,Denmark,DK,0,0,False,success
2025,Italy,Volevo essere un duro,Lucio Corsi,Estonia,EE,0,0,False,success
2025,Italy,Volevo essere un duro,Lucio Corsi,Spain,ES,0,2,False,success
2025,Italy,Volevo essere un duro,Lucio Corsi,Finland,FI,0,0,False,success
2025,Italy,Volevo essere un duro,Lucio Corsi,France,FR,0,1,False,success
2025,Italy,Volevo essere un duro,Lucio Corsi,United Kingdom,GB,0,0,False,success
2025,Italy,Volevo essere un duro,Lucio Corsi,Georgia,GE,0,0,False,success
2025,Italy,Volevo essere un duro,Lucio Corsi,Greece,GR,0,2,False,success
2025,Italy,Volevo essere un duro,Lucio Corsi,Croatia,HR,0,0,False,success
2025,Italy,Volevo essere un duro,Lucio Corsi,Hungary,HU,0,0,False,success
2025,Italy,Volevo essere un duro,Lucio Corsi,Ireland,IE,0,0,False,success
2025,Italy,Volevo essere un duro,Lucio Corsi,Israel,IL,0,0,False,success
2025,Italy,Volevo essere un duro,Lucio Corsi,Iceland,IS,0,0,False,success
2025,Italy,Volevo essere un duro,Lucio Corsi,Italy,IT,0,100,True,success
2025,Italy,Volevo essere un duro,Lucio Corsi,Lithuania,LT,0,4,False,success
2025,Italy,Volevo essere un duro,Lucio Corsi,Luxembourg,LU,0,0,False,success
2025,Italy,Volevo essere un duro,Lucio Corsi,Latvia,LV,0,0,False,success
2025,Italy,Volevo essere un duro,Lucio Corsi,Moldova,MD,0,0,False,success
2025,Italy,Volevo essere un duro,Lucio Corsi,Montenegro,ME,0,0,False,success
2025,Italy,Volevo essere un duro,Lucio Corsi,North Macedonia,MK,0,0,False,success
2025,Italy,Volevo essere un duro,Lucio Corsi,Malta,MT,0,0,False,success
2025,Italy,Volevo essere un duro,Lucio Corsi,Netherlands,NL,0,1,False,success
2025,Italy,Volevo essere un duro,Lucio Corsi,Norway,NO,0,2,False,success
2025,Italy,Volevo essere un duro,Lucio Corsi,Poland,PL,0,1,False,success
2025,Italy,Volevo essere un duro,Lucio Corsi,Portugal,PT,0,3,False,success
2025,Italy,Volevo essere un duro,Lucio Corsi,Romania,RO,0,1,False,success
2025,Italy,Volevo essere un duro,Lucio Corsi,Serbia,RS,0,0,False,success
2025,Italy,Volevo essere un duro,Lucio Corsi,Russia,RU,0,0,False,success
2025,Italy,Volevo essere un duro,Lucio Corsi,Sweden,SE,0,2,False,success
2025,Italy,Volevo essere un duro,Lucio Corsi,Slovenia,SI,0,7,False,success
2025,Italy,Volevo essere un duro,Lucio Corsi,San Marino,SM,0,0,False,success
2025,Italy,Volevo essere un duro,Lucio Corsi,Ukraine,UA,0,0,False,success
2025,Latvia,Bur man laimi,Tautumeitas,Albania,AL,0,0,False,success
2025,Latvia,Bur man laimi,Tautumeitas,Armenia,AM,0,0,False,success
2025,Latvia,Bur man laimi,Tautumeitas,Austria,AT,0,0,False,success
2025,Latvia,Bur man laimi,Tautumeitas,Australia,AU,0,0,False,success
2025,Latvia,Bur man laimi,Tautumeitas,Azerbaijan,AZ,0,0,False,success
2025,Latvia,Bur man laimi,Tautumeitas,Belgium,BE,0,0,False,success
2025,Latvia,Bur man laimi,Tautumeitas,Bulgaria,BG,0,0,False,success
2025,Latvia,Bur man laimi,Tautumeitas,Belarus,BY,0,0,False,success
2025,Latvia,Bur man laimi,Tautumeitas,Switzerland,CH,0,0,False,success
2025,Latvia,Bur man laimi,Tautumeitas,Cyprus,CY,0,0,False,success
2025,Latvia,Bur man laimi,Tautumeitas,Czechia,CZ,0,0,False,success
2025,Latvia,Bur man laimi,Tautumeitas,Germany,DE,0,0,False,success
2025,Latvia,Bur man laimi,Tautumeitas,Denmark,DK,0,0,False,success
2025,Latvia,Bur man laimi,Tautumeitas,Estonia,EE,0,0,False,success
2025,Latvia,Bur man laimi,Tautumeitas,Spain,ES,0,0,False,success
2025,Latvia,Bur man laimi,Tautumeitas,Finland,FI,0,0,False,success
2025,Latvia,Bur man laimi,Tautumeitas,France,FR,0,0,False,success
2025,Latvia,Bur man laimi,Tautumeitas,United Kingdom,GB,0,0,False,success
2025,Latvia,Bur man laimi,Tautumeitas,Georgia,GE,0,0,False,success
2025,Latvia,Bur man laimi,Tautumeitas,Greece,GR,0,0,False,success
2025,Latvia,Bur man laimi,Tautumeitas,Croatia,HR,0,0,False,success
2025,Latvia,Bur man laimi,Tautumeitas,Hungary,HU,0,0,False,success
2025,Latvia,Bur man laimi,Tautumeitas,Ireland,IE,0,2,False,success
2025,Latvia,Bur man laimi,Tautumeitas,Israel,IL,0,0,False,success
2025,Latvia,Bur man laimi,Tautumeitas,Iceland,IS,0,0,False,success
2025,Latvia,Bur man laimi,Tautumeitas,Italy,IT,0,0,False,success
2025,Latvia,Bur man laimi,Tautumeitas,Lithuania,LT,0,0,False,success
2025,Latvia,Bur man laimi,Tautumeitas,Luxembourg,LU,0,0,False,success
2025,Latvia,Bur man laimi,Tautumeitas,Latvia,LV,17,100,True,success
2025,Latvia,Bur man laimi,Tautumeitas,Moldova,MD,0,0,False,success
2025,Latvia,Bur man laimi,Tautumeitas,Montenegro,ME,0,0,False,success
2025,Latvia,Bur man laimi,Tautumeitas,North Macedonia,MK,0,0,False,success
2025,Latvia,Bur man laimi,Tautumeitas,Malta,MT,0,0,False,success
2025,Latvia,Bur man laimi,Tautumeitas,Netherlands,NL,0,0,False,success
2025,Latvia,Bur man laimi,Tautumeitas,Norway,NO,0,0,False,success
2025,Latvia,Bur man laimi,Tautumeitas,Poland,PL,0,1,False,success
2025,Latvia,Bur man laimi,Tautumeitas,Portugal,PT,0,0,False,success
2025,Latvia,Bur man laimi,Tautumeitas,Romania,RO,0,0,False,success
2025,Latvia,Bur man laimi,Tautumeitas,Serbia,RS,0,0,False,success
2025,Latvia,Bur man laimi,Tautumeitas,Russia,RU,1,0,False,success
2025,Latvia,Bur man laimi,Tautumeitas,Sweden,SE,0,0,False,success
2025,Latvia,Bur man laimi,Tautumeitas,Slovenia,SI,0,0,False,success
2025,Latvia,Bur man laimi,Tautumeitas,San Marino,SM,0,0,False,success
2025,Latvia,Bur man laimi,Tautumeitas,Ukraine,UA,0,0,False,success
2025,Lithuania,Tavo akys,Katarsis,Albania,AL,0,0,False,success
2025,Lithuania,Tavo akys,Katarsis,Armenia,AM,0,0,False,success
2025,Lithuania,Tavo akys,Katarsis,Austria,AT,0,0,False,success
2025,Lithuania,Tavo akys,Katarsis,Australia,AU,0,0,False,success
2025,Lithuania,Tavo akys,Katarsis,Azerbaijan,AZ,0,0,False,success
2025,Lithuania,Tavo akys,Katarsis,Belgium,BE,0,0,False,success
2025,Lithuania,Tavo akys,Katarsis,Bulgaria,BG,0,0,False,success
2025,Lithuania,Tavo akys,Katarsis,Belarus,BY,0,0,False,success
2025,Lithuania,Tavo akys,Katarsis,Switzerland,CH,0,0,False,success
2025,Lithuania,Tavo akys,Katarsis,Cyprus,CY,0,0,False,success
2025,Lithuania,Tavo akys,Katarsis,Czechia,CZ,0,0,False,success
2025,Lithuania,Tavo akys,Katarsis,Germany,DE,1,0,False,success
2025,Lithuania,Tavo akys,Katarsis,Denmark,DK,0,1,False,success
2025,Lithuania,Tavo akys,Katarsis,Estonia,EE,0,0,False,success
2025,Lithuania,Tavo akys,Katarsis,Spain,ES,0,0,False,success
2025,Lithuania,Tavo akys,Katarsis,Finland,FI,0,2,False,success
2025,Lithuania,Tavo akys,Katarsis,France,FR,0,0,False,success
2025,Lithuania,Tavo akys,Katarsis,United Kingdom,GB,1,0,False,success
2025,Lithuania,Tavo akys,Katarsis,Georgia,GE,0,0,False,success
2025,Lithuania,Tavo akys,Katarsis,Greece,GR,0,1,False,success
2025,Lithuania,Tavo akys,Katarsis,Croatia,HR,0,0,False,success
2025,Lithuania,Tavo akys,Katarsis,Hungary,HU,0,0,False,success
2025,Lithuania,Tavo akys,Katarsis,Ireland,IE,0,1,False,success
2025,Lithuania,Tavo akys,Katarsis,Israel,IL,0,0,False,success
2025,Lithuania,Tavo akys,Katarsis,Iceland,IS,0,0,False,success
2025,Lithuania,Tavo akys,Katarsis,Italy,IT,0,0,False,success
2025,Lithuania,Tavo akys,Katarsis,Lithuania,LT,100,100,True,success
2025,Lithuania,Tavo akys,Katarsis,Luxembourg,LU,0,0,False,success
2025,Lithuania,Tavo akys,Katarsis,Latvia,LV,0,0,False,success
2025,Lithuania,Tavo akys,Katarsis,Moldova,MD,0,0,False,success
2025,Lithuania,Tavo akys,Katarsis,Montenegro,ME,0,0,False,success
2025,Lithuania,Tavo akys,Katarsis,North Macedonia,MK,0,0,False,success
2025,Lithuania,Tavo akys,Katarsis,Malta,MT,0,0,False,success
2025,Lithuania,Tavo akys,Katarsis,Netherlands,NL,0,0,False,success
2025,Lithuania,Tavo akys,Katarsis,Norway,NO,0,1,False,success
2025,Lithuania,Tavo akys,Katarsis,Poland,PL,1,0,False,success
2025,Lithuania,Tavo akys,Katarsis,Portugal,PT,0,0,False,success
2025,Lithuania,Tavo akys,Katarsis,Romania,RO,0,0,False,success
2025,Lithuania,Tavo akys,Katarsis,Serbia,RS,0,0,False,success
2025,Lithuania,Tavo akys,Katarsis,Russia,RU,0,0,False,success
2025,Lithuania,Tavo akys,Katarsis,Sweden,SE,0,0,False,success
2025,Lithuania,Tavo akys,Katarsis,Slovenia,SI,0,0,False,success
2025,Lithuania,Tavo akys,Katarsis,San Marino,SM,0,0,False,success
2025,Lithuania,Tavo akys,Katarsis,Ukraine,UA,4,0,False,success
2025,Luxembourg,La poupée monte le son,Laura Thorn,Albania,AL,0,0,False,success
2025,Luxembourg,La poupée monte le son,Laura Thorn,Armenia,AM,0,0,False,success
2025,Luxembourg,La poupée monte le son,Laura Thorn,Austria,AT,0,0,False,success
2025,Luxembourg,La poupée monte le son,Laura Thorn,Australia,AU,0,0,False,success
2025,Luxembourg,La poupée monte le son,Laura Thorn,Azerbaijan,AZ,0,0,False,success
2025,Luxembourg,La poupée monte le son,Laura Thorn,Belgium,BE,0,0,False,success
2025,Luxembourg,La poupée monte le son,Laura Thorn,Bulgaria,BG,0,0,False,success
2025,Luxembourg,La poupée monte le son,Laura Thorn,Belarus,BY,0,0,False,success
2025,Luxembourg,La poupée monte le son,Laura Thorn,Switzerland,CH,0,0,False,success
2025,Luxembourg,La poupée monte le son,Laura Thorn,Cyprus,CY,0,0,False,success
2025,Luxembourg,La poupée monte le son,Laura Thorn,Czechia,CZ,0,0,False,success
2025,Luxembourg,La poupée monte le son,Laura Thorn,Germany,DE,0,0,False,success
2025,Luxembourg,La poupée monte le son,Laura Thorn,Denmark,DK,0,0,False,success
2025,Luxembourg,La poupée monte le son,Laura Thorn,Estonia,EE,0,0,False,success
2025,Luxembourg,La poupée monte le son,Laura Thorn,Spain,ES,0,1,False,success
2025,Luxembourg,La poupée monte le son,Laura Thorn,Finland,FI,0,0,False,success
2025,Luxembourg,La poupée monte le son,Laura Thorn,France,FR,0,1,False,success
2025,Luxembourg,La poupée monte le son,Laura Thorn,United Kingdom,GB,0,0,False,success
2025,Luxembourg,La poupée monte le son,Laura Thorn,Georgia,GE,0,0,False,success
2025,Luxembourg,La poupée monte le son,Laura Thorn,Greece,GR,0,0,False,success
2025,Luxembourg,La poupée monte le son,Laura Thorn,Croatia,HR,0,0,False,success
2025,Luxembourg,La poupée monte le son,Laura Thorn,Hungary,HU,0,0,False,success
2025,Luxembourg,La poupée monte le son,Laura Thorn,Ireland,IE,0,0,False,success
2025,Luxembourg,La poupée monte le son,Laura Thorn,Israel,IL,0,0,False,success
2025,Luxembourg,La poupée monte le son,Laura Thorn,Iceland,IS,0,0,False,success
2025,Luxembourg,La poupée monte le son,Laura Thorn,Italy,IT,0,1,False,success
2025,Luxembourg,La poupée monte le son,Laura Thorn,Lithuania,LT,0,0,False,success
2025,Luxembourg,La poupée monte le son,Laura Thorn,Luxembourg,LU,0,100,True,success
2025,Luxembourg,La poupée monte le son,Laura Thorn,Latvia,LV,0,0,False,success
2025,Luxembourg,La poupée monte le son,Laura Thorn,Moldova,MD,0,0,False,success
2025,Luxembourg,La poupée monte le son,Laura Thorn,Montenegro,ME,0,0,False,success
2025,Luxembourg,La poupée monte le son,Laura Thorn,North Macedonia,MK,0,0,False,success
2025,Luxembourg,La poupée monte le son,Laura Thorn,Malta,MT,0,0,False,success
2025,Luxembourg,La poupée monte le son,Laura Thorn,Netherlands,NL,0,0,False,success
2025,Luxembourg,La poupée monte le son,Laura Thorn,Norway,NO,0,0,False,success
2025,Luxembourg,La poupée monte le son,Laura Thorn,Poland,PL,0,1,False,success
2025,Luxembourg,La poupée monte le son,Laura Thorn,Portugal,PT,0,0,False,success
2025,Luxembourg,La poupée monte le son,Laura Thorn,Romania,RO,0,0,False,success
2025,Luxembourg,La poupée monte le son,Laura Thorn,Serbia,RS,0,0,False,success
2025,Luxembourg,La poupée monte le son,Laura Thorn,Russia,RU,0,0,False,success
2025,Luxembourg,La poupée monte le son,Laura Thorn,Sweden,SE,0,0,False,success
2025,Luxembourg,La poupée monte le son,Laura Thorn,Slovenia,SI,0,0,False,success
2025,Luxembourg,La poupée monte le son,Laura Thorn,San Marino,SM,0,0,False,success
2025,Luxembourg,La poupée monte le son,Laura Thorn,Ukraine,UA,0,1,False,success
2025,Malta,Serving,Miriana Conte,Albania,AL,0,0,False,success
2025,Malta,Serving,Miriana Conte,Armenia,AM,0,0,False,success
2025,Malta,Serving,Miriana Conte,Austria,AT,0,0,False,success
2025,Malta,Serving,Miriana Conte,Australia,AU,0,1,False,success
2025,Malta,Serving,Miriana Conte,Azerbaijan,AZ,0,0,False,success
2025,Malta,Serving,Miriana Conte,Belgium,BE,0,1,False,success
2025,Malta,Serving,Miriana Conte,Bulgaria,BG,0,0,False,success
2025,Malta,Serving,Miriana Conte,Belarus,BY,0,0,False,success
2025,Malta,Serving,Miriana Conte,Switzerland,CH,0,1,False,success
2025,Malta,Serving,Miriana Conte,Cyprus,CY,0,0,False,success
2025,Malta,Serving,Miriana Conte,Czechia,CZ,0,0,False,success
2025,Malta,Serving,Miriana Conte,Germany,DE,0,0,False,success
2025,Malta,Serving,Miriana Conte,Denmark,DK,0,0,False,success
2025,Malta,Serving,Miriana Conte,Estonia,EE,0,2,False,success
2025,Malta,Serving,Miriana Conte,Spain,ES,0,1,False,success
2025,Malta,Serving,Miriana Conte,Finland,FI,0,2,False,success
2025,Malta,Serving,Miriana Conte,France,FR,0,0,False,success
2025,Malta,Serving,Miriana Conte,United Kingdom,GB,0,1,False,success
2025,Malta,Serving,Miriana Conte,Georgia,GE,0,0,False,success
2025,Malta,Serving,Miriana Conte,Greece,GR,0,2,False,success
2025,Malta,Serving,Miriana Conte,Croatia,HR,0,1,False,success
2025,Malta,Serving,Miriana Conte,Hungary,HU,0,0,False,success
2025,Malta,Serving,Miriana Conte,Ireland,IE,0,1,False,success
2025,Malta,Serving,Miriana Conte,Israel,IL,0,1,False,success
2025,Malta,Serving,Miriana Conte,Iceland,IS,0,0,False,success
2025,Malta,Serving,Miriana Conte,Italy,IT,0,0,False,success
2025,Malta,Serving,Miriana Conte,Lithuania,LT,0,2,False,success
2025,Malta,Serving,Miriana Conte,Luxembourg,LU,0,0,False,success
2025,Malta,Serving,Miriana Conte,Latvia,LV,0,0,False,success
2025,Malta,Serving,Miriana Conte,Moldova,MD,0,0,False,success
2025,Malta,Serving,Miriana Conte,Montenegro,ME,0,0,False,success
2025,Malta,Serving,Miriana Conte,North Macedonia,MK,0,0,False,success
2025,Malta,Serving,Miriana Conte,Malta,MT,100,100,True,success
2025,Malta,Serving,Miriana Conte,Netherlands,NL,0,1,False,success
2025,Malta,Serving,Miriana Conte,Norway,NO,0,1,False,success
2025,Malta,Serving,Miriana Conte,Poland,PL,1,1,False,success
2025,Malta,Serving,Miriana Conte,Portugal,PT,0,0,False,success
2025,Malta,Serving,Miriana Conte,Romania,RO,0,0,False,success
2025,Malta,Serving,Miriana Conte,Serbia,RS,0,1,False,success
2025,Malta,Serving,Miriana Conte,Russia,RU,0,0,False,success
2025,Malta,Serving,Miriana Conte,Sweden,SE,0,1,False,success
2025,Malta,Serving,Miriana Conte,Slovenia,SI,0,0,False,success
2025,Malta,Serving,Miriana Conte,San Marino,SM,0,0,False,success
2025,Malta,Serving,Miriana Conte,Ukraine,UA,0,0,False,success
2025,Netherlands,C'est La Vie,Claude,Albania,AL,0,7,False,success
2025,Netherlands,C'est La Vie,Claude,Armenia,AM,0,0,False,success
2025,Netherlands,C'est La Vie,Claude,Austria,AT,0,9,False,success
2025,Netherlands,C'est La Vie,Claude,Australia,AU,0,2,False,success
2025,Netherlands,C'est La Vie,Claude,Azerbaijan,AZ,0,1,False,success
2025,Netherlands,C'est La Vie,Claude,Belgium,BE,0,36,False,success
2025,Netherlands,C'est La Vie,Claude,Bulgaria,BG,0,7,False,success
2025,Netherlands,C'est La Vie,Claude,Belarus,BY,0,0,False,success
2025,Netherlands,C'est La Vie,Claude,Switzerland,CH,0,15,False,success
2025,Netherlands,C'est La Vie,Claude,Cyprus,CY,0,0,False,success
2025,Netherlands,C'est La Vie,Claude,Czechia,CZ,0,6,False,success
2025,Netherlands,C'est La Vie,Claude,Germany,DE,0,5,False,success
2025,Netherlands,C'est La Vie,Claude,Denmark,DK,0,5,False,success
2025,Netherlands,C'est La Vie,Claude,Estonia,EE,0,13,False,success
2025,Netherlands,C'est La Vie,Claude,Spain,ES,0,7,False,success
2025,Netherlands,C'est La Vie,Claude,Finland,FI,0,9,False,success
2025,Netherlands,C'est La Vie,Claude,France,FR,0,31,False,success
2025,Netherlands,C'est La Vie,Claude,United Kingdom,GB,0,3,False,success
2025,Netherlands,C'est La Vie,Claude,Georgia,GE,0,4,False,success
2025,Netherlands,C'est La Vie,Claude,Greece,GR,0,9,False,success
2025,Netherlands,C'est La Vie,Claude,Croatia,HR,0,8,False,success
2025,Netherlands,C'est La Vie,Claude,Hungary,HU,0,8,False,success
2025,Netherlands,C'est La Vie,Claude,Ireland,IE,0,4,False,success
2025,Netherlands,C'est La Vie,Claude,Israel,IL,0,3,False,success
2025,Netherlands,C'est La Vie,Claude,Iceland,IS,0,0,False,success
2025,Netherlands,C'est La Vie,Claude,Italy,IT,0,15,False,success
2025,Netherlands,C'est La Vie,Claude,Lithuania,LT,0,12,False,success
2025,Netherlands,C'est La Vie,Claude,Luxembourg,LU,0,0,False,success
2025,Netherlands,C'est La Vie,Claude,Latvia,LV,0,0,False,success
2025,Netherlands,C'est La Vie,Claude,Moldova,MD,0,0,False,success
2025,Netherlands,C'est La Vie,Claude,Montenegro,ME,0,0,False,success
2025,Netherlands,C'est La Vie,Claude,North Macedonia,MK,0,6,False,success
2025,Netherlands,C'est La Vie,Claude,Malta,MT,0,0,False,success
2025,Netherlands,C'est La Vie,Claude,Netherlands,NL,2,85,True,success
2025,Netherlands,C'est La Vie,Claude,Norway,NO,0,5,False,success
2025,Netherlands,C'est La Vie,Claude,Poland,PL,0,7,False,success
2025,Netherlands,C'est La Vie,Claude,Portugal,PT,0,6,False,success
2025,Netherlands,C'est La Vie,Claude,Romania,RO,0,11,False,success
2025,Netherlands,C'est La Vie,Claude,Serbia,RS,0,5,False,success
2025,Netherlands,C'est La Vie,Claude,Russia,RU,0,1,False,success
2025,Netherlands,C'est La Vie,Claude,Sweden,SE,0,5,False,success
2025,Netherlands,C'est La Vie,Claude,Slovenia,SI,0,0,False,success
2025,Netherlands,C'est La Vie,Claude,San Marino,SM,0,0,False,success
2025,Netherlands,C'est La Vie,Claude,Ukraine,UA,0,1,False,success
2025,Norway,Lighter,Kyle Alessandro,Albania,AL,0,16,False,success
2025,Norway,Lighter,Kyle Alessandro,Armenia,AM,0,7,False,success
2025,Norway,Lighter,Kyle Alessandro,Austria,AT,0,9,False,success
2025,Norway,Lighter,Kyle Alessandro,Australia,AU,0,18,False,success
2025,Norway,Lighter,Kyle Alessandro,Azerbaijan,AZ,0,3,False,success
2025,Norway,Lighter,Kyle Alessandro,Belgium,BE,0,15,False,success
2025,Norway,Lighter,Kyle Alessandro,Bulgaria,BG,0,9,False,success
2025,Norway,Lighter,Kyle Alessandro,Belarus,BY,0,0,False,success
2025,Norway,Lighter,Kyle Alessandro,Switzerland,CH,0,14,False,success
2025,Norway,Lighter,Kyle Alessandro,Cyprus,CY,0,16,False,success
2025,Norway,Lighter,Kyle Alessandro,Czechia,CZ,0,8,False,success
2025,Norway,Lighter,Kyle Alessandro,Germany,DE,2,7,False,success
2025,Norway,Lighter,Kyle Alessandro,Denmark,DK,0,14,False,success
2025,Norway,Lighter,Kyle Alessandro,Estonia,EE,0,24,False,success
2025,Norway,Lighter,Kyle Alessandro,Spain,ES,8,9,False,success
2025,Norway,Lighter,Kyle Alessandro,Finland,FI,0,21,False,success
2025,Norway,Lighter,Kyle Alessandro,France,FR,0,4,False,success
2025,Norway,Lighter,Kyle Alessandro,United Kingdom,GB,3,20,False,success
2025,Norway,Lighter,Kyle Alessandro,Georgia,GE,0,9,False,success
2025,Norway,Lighter,Kyle Alessandro,Greece,GR,0,29,False,success
2025,Norway,Lighter,Kyle Alessandro,Croatia,HR,0,25,False,success
2025,Norway,Lighter,Kyle Alessandro,Hungary,HU,0,10,False,success
2025,Norway,Lighter,Kyle Alessandro,Ireland,IE,0,16,False,success
2025,Norway,Lighter,Kyle Alessandro,Israel,IL,0,7,False,success
2025,Norway,Lighter,Kyle Alessandro,Iceland,IS,0,61,False,success
2025,Norway,Lighter,Kyle Alessandro,Italy,IT,0,7,False,success
2025,Norway,Lighter,Kyle Alessandro,Lithuania,LT,0,31,False,success
2025,Norway,Lighter,Kyle Alessandro,Luxembourg,LU,0,0,False,success
2025,Norway,Lighter,Kyle Alessandro,Latvia,LV,0,21,False,success
2025,Norway,Lighter,Kyle Alessandro,Moldova,MD,0,0,False,success
2025,Norway,Lighter,Kyle Alessandro,Montenegro,ME,0,0,False,success
2025,Norway,Lighter,Kyle Alessandro,North Macedonia,MK,0,20,False,success
2025,Norway,Lighter,Kyle Alessandro,Malta,MT,0,49,False,success
2025,Norway,Lighter,Kyle Alessandro,Netherlands,NL,13,13,False,success
2025,Norway,Lighter,Kyle Alessandro,Norway,NO,100,100,True,success
2025,Norway,Lighter,Kyle Alessandro,Poland,PL,14,12,False,success
2025,Norway,Lighter,Kyle Alessandro,Portugal,PT,0,11,False,success
2025,Norway,Lighter,Kyle Alessandro,Romania,RO,0,9,False,success
2025,Norway,Lighter,Kyle Alessandro,Serbia,RS,0,13,False,success
2025,Norway,Lighter,Kyle Alessandro,Russia,RU,4,3,False,success
2025,Norway,Lighter,Kyle Alessandro,Sweden,SE,12,17,False,success
2025,Norway,Lighter,Kyle Alessandro,Slovenia,SI,0,22,False,success
2025,Norway,Lighter,Kyle Alessandro,San Marino,SM,0,0,False,success
2025,Norway,Lighter,Kyle Alessandro,Ukraine,UA,23,5,False,success
2025,Poland,Gaja,Justyna Steczkowska,Albania,AL,0,0,False,success
2025,Poland,Gaja,Justyna Steczkowska,Armenia,AM,0,0,False,success
2025,Poland,Gaja,Justyna Steczkowska,Austria,AT,0,1,False,success
2025,Poland,Gaja,Justyna Steczkowska,Australia,AU,0,0,False,success
2025,Poland,Gaja,Justyna Steczkowska,Azerbaijan,AZ,0,0,False,success
2025,Poland,Gaja,Justyna Steczkowska,Belgium,BE,0,2,False,success
2025,Poland,Gaja,Justyna Steczkowska,Bulgaria,BG,0,0,False,success
2025,Poland,Gaja,Justyna Steczkowska,Belarus,BY,0,0,False,success
2025,Poland,Gaja,Justyna Steczkowska,Switzerland,CH,14,2,False,success
2025,Poland,Gaja,Justyna Steczkowska,Cyprus,CY,0,0,False,success
2025,Poland,Gaja,Justyna Steczkowska,Czechia,CZ,0,1,False,success
2025,Poland,Gaja,Justyna Steczkowska,Germany,DE,4,2,False,success
2025,Poland,Gaja,Justyna Steczkowska,Denmark,DK,0,2,False,success
2025,Poland,Gaja,Justyna Steczkowska,Estonia,EE,0,4,False,success
2025,Poland,Gaja,Justyna Steczkowska,Spain,ES,4,1,False,success
2025,Poland,Gaja,Justyna Steczkowska,Finland,FI,0,1,False,success
2025,Poland,Gaja,Justyna Steczkowska,France,FR,0,1,False,success
2025,Poland,Gaja,Justyna Steczkowska,United Kingdom,GB,4,2,False,success
2025,Poland,Gaja,Justyna Steczkowska,Georgia,GE,0,0,False,success
2025,Poland,Gaja,Justyna Steczkowska,Greece,GR,0,2,False,success
2025,Poland,Gaja,Justyna Steczkowska,Croatia,HR,0,2,False,success
2025,Poland,Gaja,Justyna Steczkowska,Hungary,HU,0,1,False,success
2025,Poland,Gaja,Justyna Steczkowska,Ireland,IE,0,3,False,success
2025,Poland,Gaja,Justyna Steczkowska,Israel,IL,0,0,False,success
2025,Poland,Gaja,Justyna Steczkowska,Iceland,IS,0,27,False,success
2025,Poland,Gaja,Justyna Steczkowska,Italy,IT,3,1,False,success
2025,Poland,Gaja,Justyna Steczkowska,Lithuania,LT,0,3,False,success
2025,Poland,Gaja,Justyna Steczkowska,Luxembourg,LU,0,0,False,success
2025,Poland,Gaja,Justyna Steczkowska,Latvia,LV,0,0,False,success
2025,Poland,Gaja,Justyna Steczkowska,Moldova,MD,0,0,False,success
2025,Poland,Gaja,Justyna Steczkowska,Montenegro,ME,0,0,False,success
2025,Poland,Gaja,Justyna Steczkowska,North Macedonia,MK,0,0,False,success
2025,Poland,Gaja,Justyna Steczkowska,Malta,MT,0,0,False,success
2025,Poland,Gaja,Justyna Steczkowska,Netherlands,NL,8,2,False,success
2025,Poland,Gaja,Justyna Steczkowska,Norway,NO,0,3,False,success
2025,Poland,Gaja,Justyna Steczkowska,Poland,PL,100,100,True,success
2025,Poland,Gaja,Justyna Steczkowska,Portugal,PT,0,4,False,success
2025,Poland,Gaja,Justyna Steczkowska,Romania,RO,0,1,False,success
2025,Poland,Gaja,Justyna Steczkowska,Serbia,RS,0,1,False,success
2025,Poland,Gaja,Justyna Steczkowska,Russia,RU,0,0,False,success
2025,Poland,Gaja,Justyna Steczkowska,Sweden,SE,10,2,False,success
2025,Poland,Gaja,Justyna Steczkowska,Slovenia,SI,0,14,False,success
2025,Poland,Gaja,Justyna Steczkowska,San Marino,SM,0,0,False,success
2025,Poland,Gaja,Justyna Steczkowska,Ukraine,UA,7,0,False,success
2025,Portugal,Deslocado,Napa,Albania,AL,0,0,False,success
2025,Portugal,Deslocado,Napa,Armenia,AM,0,0,False,success
2025,Portugal,Deslocado,Napa,Austria,AT,0,0,False,success
2025,Portugal,Deslocado,Napa,Australia,AU,0,0,False,success
2025,Portugal,Deslocado,Napa,Azerbaijan,AZ,0,0,False,success
2025,Portugal,Deslocado,Napa,Belgium,BE,0,1,False,success
2025,Portugal,Deslocado,Napa,Bulgaria,BG,0,0,False,success
2025,Portugal,Deslocado,Napa,Belarus,BY,0,0,False,success
2025,Portugal,Deslocado,Napa,Switzerland,CH,0,3,False,success
2025,Portugal,Deslocado,Napa,Cyprus,CY,0,0,False,success
2025,Portugal,Deslocado,Napa,Czechia,CZ,0,0,False,success
2025,Portugal,Deslocado,Napa,Germany,DE,1,0,False,success
2025,Portugal,Deslocado,Napa,Denmark,DK,0,0,False,success
2025,Portugal,Deslocado,Napa,Estonia,EE,0,0,False,success
2025,Portugal,Deslocado,Napa,Spain,ES,1,0,False,success
2025,Portugal,Deslocado,Napa,Finland,FI,0,1,False,success
2025,Portugal,Deslocado,Napa,France,FR,1,0,False,success
2025,Portugal,Deslocado,Napa,United Kingdom,GB,1,0,False,success
2025,Portugal,Deslocado,Napa,Georgia,GE,0,0,False,success
2025,Portugal,Deslocado,Napa,Greece,GR,0,0,False,success
2025,Portugal,Deslocado,Napa,Croatia,HR,0,2,False,success
2025,Portugal,Deslocado,Napa,Hungary,HU,0,0,False,success
2025,Portugal,Deslocado,Napa,Ireland,IE,0,1,False,success
2025,Portugal,Deslocado,Napa,Israel,IL,0,0,False,success
2025,Portugal,Deslocado,Napa,Iceland,IS,0,0,False,success
2025,Portugal,Deslocado,Napa,Italy,IT,1,1,False,success
2025,Portugal,Deslocado,Napa,Lithuania,LT,0,0,False,success
2025,Portugal,Deslocado,Napa,Luxembourg,LU,0,0,False,success
2025,Portugal,Deslocado,Napa,Latvia,LV,0,0,False,success
2025,Portugal,Deslocado,Napa,Moldova,MD,0,0,False,success
2025,Portugal,Deslocado,Napa,Montenegro,ME,0,0,False,success
2025,Portugal,Deslocado,Napa,North Macedonia,MK,0,0,False,success
2025,Portugal,Deslocado,Napa,Malta,MT,0,0,False,success
2025,Portugal,Deslocado,Napa,Netherlands,NL,2,1,False,success
2025,Portugal,Deslocado,Napa,Norway,NO,0,0,False,success
2025,Portugal,Deslocado,Napa,Poland,PL,2,0,False,success
2025,Portugal,Deslocado,Napa,Portugal,PT,100,100,True,success
2025,Portugal,Deslocado,Napa,Romania,RO,0,0,False,success
2025,Portugal,Deslocado,Napa,Serbia,RS,0,0,False,success
2025,Portugal,Deslocado,Napa,Russia,RU,0,0,False,success
2025,Portugal,Deslocado,Napa,Sweden,SE,0,0,False,success
2025,Portugal,Deslocado,Napa,Slovenia,SI,0,0,False,success
2025,Portugal,Deslocado,Napa,San Marino,SM,0,0,False,success
2025,Portugal,Deslocado,Napa,Ukraine,UA,0,0,False,success
2025,San Marino,Tutta l'Italia,Gabry Ponte,Albania,AL,0,2,False,success
2025,San Marino,Tutta l'Italia,Gabry Ponte,Armenia,AM,0,0,False,success
2025,San Marino,Tutta l'Italia,Gabry Ponte,Austria,AT,0,1,False,success
2025,San Marino,Tutta l'Italia,Gabry Ponte,Australia,AU,0,0,False,success
2025,San Marino,Tutta l'Italia,Gabry Ponte,Azerbaijan,AZ,0,0,False,success
2025,San Marino,Tutta l'Italia,Gabry Ponte,Belgium,BE,0,2,False,success
2025,San Marino,Tutta l'Italia,Gabry Ponte,Bulgaria,BG,0,0,False,success
2025,San Marino,Tutta l'Italia,Gabry Ponte,Belarus,BY,0,0,False,success
2025,San Marino,Tutta l'Italia,Gabry Ponte,Switzerland,CH,0,7,False,success
2025,San Marino,Tutta l'Italia,Gabry Ponte,Cyprus,CY,0,0,False,success
2025,San Marino,Tutta l'Italia,Gabry Ponte,Czechia,CZ,0,0,False,success
2025,San Marino,Tutta l'Italia,Gabry Ponte,Germany,DE,0,1,False,success
2025,San Marino,Tutta l'Italia,Gabry Ponte,Denmark,DK,0,0,False,success
2025,San Marino,Tutta l'Italia,Gabry Ponte,Estonia,EE,0,0,False,success
2025,San Marino,Tutta l'Italia,Gabry Ponte,Spain,ES,0,1,False,success
2025,San Marino,Tutta l'Italia,Gabry Ponte,Finland,FI,0,2,False,success
2025,San Marino,Tutta l'Italia,Gabry Ponte,France,FR,0,1,False,success
2025,San Marino,Tutta l'Italia,Gabry Ponte,United Kingdom,GB,0,0,False,success
2025,San Marino,Tutta l'Italia,Gabry Ponte,Georgia,GE,0,0,False,success
2025,San Marino,Tutta l'Italia,Gabry Ponte,Greece,GR,0,1,False,success
2025,San Marino,Tutta l'Italia,Gabry Ponte,Croatia,HR,0,0,False,success
2025,San Marino,Tutta l'Italia,Gabry Ponte,Hungary,HU,0,1,False,success
2025,San Marino,Tutta l'Italia,Gabry Ponte,Ireland,IE,0,0,False,success
2025,San Marino,Tutta l'Italia,Gabry Ponte,Israel,IL,0,0,False,success
2025,San Marino,Tutta l'Italia,Gabry Ponte,Iceland,IS,0,0,False,success
2025,San Marino,Tutta l'Italia,Gabry Ponte,Italy,IT,100,100,False,success
2025,San Marino,Tutta l'Italia,Gabry Ponte,Lithuania,LT,0,3,False,success
2025,San Marino,Tutta l'Italia,Gabry Ponte,Luxembourg,LU,0,0,False,success
2025,San Marino,Tutta l'Italia,Gabry Ponte,Latvia,LV,0,0,False,success
2025,San Marino,Tutta l'Italia,Gabry Ponte,Moldova,MD,0,0,False,success
2025,San Marino,Tutta l'Italia,Gabry Ponte,Montenegro,ME,0,0,False,success
2025,San Marino,Tutta l'Italia,Gabry Ponte,North Macedonia,MK,0,0,False,success
2025,San Marino,Tutta l'Italia,Gabry Ponte,Malta,MT,0,0,False,success
2025,San Marino,Tutta l'Italia,Gabry Ponte,Netherlands,NL,0,1,False,success
2025,San Marino,Tutta l'Italia,Gabry Ponte,Norway,NO,0,0,False,success
2025,San Marino,Tutta l'Italia,Gabry Ponte,Poland,PL,9,1,False,success
2025,San Marino,Tutta l'Italia,Gabry Ponte,Portugal,PT,0,1,False,success
2025,San Marino,Tutta l'Italia,Gabry Ponte,Romania,RO,0,0,False,success
2025,San Marino,Tutta l'Italia,Gabry Ponte,Serbia,RS,0,0,False,success
2025,San Marino,Tutta l'Italia,Gabry Ponte,Russia,RU,0,0,False,success
2025,San Marino,Tutta l'Italia,Gabry Ponte,Sweden,SE,0,1,False,success
2025,San Marino,Tutta l'Italia,Gabry Ponte,Slovenia,SI,0,4,False,success
2025,San Marino,Tutta l'Italia,Gabry Ponte,San Marino,SM,0,0,True,success
2025,San Marino,Tutta l'Italia,Gabry Ponte,Ukraine,UA,0,0,False,success
2025,Spain,Esa diva,Melody,Albania,AL,0,0,False,success
2025,Spain,Esa diva,Melody,Armenia,AM,0,0,False,success
2025,Spain,Esa diva,Melody,Austria,AT,0,0,False,success
2025,Spain,Esa diva,Melody,Australia,AU,0,0,False,success
2025,Spain,Esa diva,Melody,Azerbaijan,AZ,0,0,False,success
2025,Spain,Esa diva,Melody,Belgium,BE,0,3,False,success
2025,Spain,Esa diva,Melody,Bulgaria,BG,0,0,False,success
2025,Spain,Esa diva,Melody,Belarus,BY,0,0,False,success
2025,Spain,Esa diva,Melody,Switzerland,CH,0,4,False,success
2025,Spain,Esa diva,Melody,Cyprus,CY,0,5,False,success
2025,Spain,Esa diva,Melody,Czechia,CZ,0,0,False,success
2025,Spain,Esa diva,Melody,Germany,DE,0,1,False,success
2025,Spain,Esa diva,Melody,Denmark,DK,1,0,False,success
2025,Spain,Esa diva,Melody,Estonia,EE,0,0,False,success
2025,Spain,Esa diva,Melody,Spain,ES,2,100,True,success
2025,Spain,Esa diva,Melody,Finland,FI,1,3,False,success
2025,Spain,Esa diva,Melody,France,FR,0,1,False,success
2025,Spain,Esa diva,Melody,United Kingdom,GB,0,1,False,success
2025,Spain,Esa diva,Melody,Georgia,GE,0,0,False,success
2025,Spain,Esa diva,Melody,Greece,GR,0,5,False,success
2025,Spain,Esa diva,Melody,Croatia,HR,0,5,False,success
2025,Spain,Esa diva,Melody,Hungary,HU,0,0,False,success
2025,Spain,Esa diva,Melody,Ireland,IE,0,0,False,success
2025,Spain,Esa diva,Melody,Israel,IL,0,1,False,success
2025,Spain,Esa diva,Melody,Iceland,IS,0,0,False,success
2025,Spain,Esa diva,Melody,Italy,IT,0,3,False,success
2025,Spain,Esa diva,Melody,Lithuania,LT,0,0,False,success
2025,Spain,Esa diva,Melody,Luxembourg,LU,0,0,False,success
2025,Spain,Esa diva,Melody,Latvia,LV,0,0,False,success
2025,Spain,Esa diva,Melody,Moldova,MD,0,0,False,success
2025,Spain,Esa diva,Melody,Montenegro,ME,0,0,False,success
2025,Spain,Esa diva,Melody,North Macedonia,MK,0,0,False,success
2025,Spain,Esa diva,Melody,Malta,MT,0,0,False,success
2025,Spain,Esa diva,Melody,Netherlands,NL,0,1,False,success
2025,Spain,Esa diva,Melody,Norway,NO,0,4,False,success
2025,Spain,Esa diva,Melody,Poland,PL,0,2,False,success
2025,Spain,Esa diva,Melody,Portugal,PT,0,4,False,success
2025,Spain,Esa diva,Melody,Romania,RO,0,1,False,success
2025,Spain,Esa diva,Melody,Serbia,RS,0,2,False,success
2025,Spain,Esa diva,Melody,Russia,RU,0,0,False,success
2025,Spain,Esa diva,Melody,Sweden,SE,0,2,False,success
2025,Spain,Esa diva,Melody,Slovenia,SI,0,0,False,success
2025,Spain,Esa diva,Melody,San Marino,SM,0,0,False,success
2025,Spain,Esa diva,Melody,Ukraine,UA,0,0,False,success
2025,Sweden,Bara bada bastu,KAJ,Albania,AL,0,1,False,success
2025,Sweden,Bara bada bastu,KAJ,Armenia,AM,0,0,False,success
2025,Sweden,Bara bada bastu,KAJ,Austria,AT,4,1,False,success
2025,Sweden,Bara bada bastu,KAJ,Australia,AU,0,0,False,success
2025,Sweden,Bara bada bastu,KAJ,Azerbaijan,AZ,0,0,False,success
2025,Sweden,Bara bada bastu,KAJ,Belgium,BE,4,1,False,success
2025,Sweden,Bara bada bastu,KAJ,Bulgaria,BG,0,0,False,success
2025,Sweden,Bara bada bastu,KAJ,Belarus,BY,0,0,False,success
2025,Sweden,Bara bada bastu,KAJ,Switzerland,CH,7,1,False,success
2025,Sweden,Bara bada bastu,KAJ,Cyprus,CY,0,1,False,success
2025,Sweden,Bara bada bastu,KAJ,Czechia,CZ,0,0,False,success
2025,Sweden,Bara bada bastu,KAJ,Germany,DE,2,0,False,success
2025,Sweden,Bara bada bastu,KAJ,Denmark,DK,7,3,False,success
2025,Sweden,Bara bada bastu,KAJ,Estonia,EE,0,12,False,success
2025,Sweden,Bara bada bastu,KAJ,Spain,ES,2,1,False,success
2025,Sweden,Bara bada bastu,KAJ,Finland,FI,100,100,False,success
2025,Sweden,Bara bada bastu,KAJ,France,FR,1,0,False,success
2025,Sweden,Bara bada bastu,KAJ,United Kingdom,GB,1,1,False,success
2025,Sweden,Bara bada bastu,KAJ,Georgia,GE,0,0,False,success
2025,Sweden,Bara bada bastu,KAJ,Greece,GR,0,1,False,success
2025,Sweden,Bara bada bastu,KAJ,Croatia,HR,0,1,False,success
2025,Sweden,Bara bada bastu,KAJ,Hungary,HU,0,1,False,success
2025,Sweden,Bara bada bastu,KAJ,Ireland,IE,0,1,False,success
2025,Sweden,Bara bada bastu,KAJ,Israel,IL,0,1,False,success
2025,Sweden,Bara bada bastu,KAJ,Iceland,IS,0,11,False,success
2025,Sweden,Bara bada bastu,KAJ,Italy,IT,1,0,False,success
2025,Sweden,Bara bada bastu,KAJ,Lithuania,LT,0,3,False,success
2025,Sweden,Bara bada bastu,KAJ,Luxembourg,LU,0,0,False,success
2025,Sweden,Bara bada bastu,KAJ,Latvia,LV,0,3,False,success
2025,Sweden,Bara bada bastu,KAJ,Moldova,MD,0,0,False,success
2025,Sweden,Bara bada bastu,KAJ,Montenegro,ME,0,0,False,success
2025,Sweden,Bara bada bastu,KAJ,North Macedonia,MK,0,0,False,success
2025,Sweden,Bara bada bastu,KAJ,Malta,MT,0,0,False,success
2025,Sweden,Bara bada bastu,KAJ,Netherlands,NL,3,1,False,success
2025,Sweden,Bara bada bastu,KAJ,Norway,NO,9,8,False,success
2025,Sweden,Bara bada bastu,KAJ,Poland,PL,5,1,False,success
2025,Sweden,Bara bada bastu,KAJ,Portugal,PT,0,1,False,success
2025,Sweden,Bara bada bastu,KAJ,Romania,RO,0,0,False,success
2025,Sweden,Bara bada bastu,KAJ,Serbia,RS,0,1,False,success
2025,Sweden,Bara bada bastu,KAJ,Russia,RU,1,0,False,success
2025,Sweden,Bara bada bastu,KAJ,Sweden,SE,42,46,True,success
2025,Sweden,Bara bada bastu,KAJ,Slovenia,SI,0,1,False,success
2025,Sweden,Bara bada bastu,KAJ,San Marino,SM,0,0,False,success
2025,Sweden,Bara bada bastu,KAJ,Ukraine,UA,4,0,False,success
2025,Switzerland,Voyage,Zoë Më,Albania,AL,0,4,False,success
2025,Switzerland,Voyage,Zoë Më,Armenia,AM,0,2,False,success
2025,Switzerland,Voyage,Zoë Më,Austria,AT,0,16,False,success
2025,Switzerland,Voyage,Zoë Më,Australia,AU,0,3,False,success
2025,Switzerland,Voyage,Zoë Më,Azerbaijan,AZ,0,1,False,success
2025,Switzerland,Voyage,Zoë Më,Belgium,BE,0,18,False,success
2025,Switzerland,Voyage,Zoë Më,Bulgaria,BG,0,15,False,success
2025,Switzerland,Voyage,Zoë Më,Belarus,BY,0,1,False,success
2025,Switzerland,Voyage,Zoë Më,Switzerland,CH,100,24,True,success
2025,Switzerland,Voyage,Zoë Më,Cyprus,CY,0,2,False,success
2025,Switzerland,Voyage,Zoë Më,Czechia,CZ,0,2,False,success
2025,Switzerland,Voyage,Zoë Më,Germany,DE,5,6,False,success
2025,Switzerland,Voyage,Zoë Më,Denmark,DK,0,4,False,success
2025,Switzerland,Voyage,Zoë Më,Estonia,EE,0,6,False,success
2025,Switzerland,Voyage,Zoë Më,Spain,ES,0,3,False,success
2025,Switzerland,Voyage,Zoë Më,Finland,FI,0,4,False,success
2025,Switzerland,Voyage,Zoë Më,France,FR,0,34,False,success
2025,Switzerland,Voyage,Zoë Më,United Kingdom,GB,0,3,False,success
2025,Switzerland,Voyage,Zoë Më,Georgia,GE,0,2,False,success
2025,Switzerland,Voyage,Zoë Më,Greece,GR,0,5,False,success
2025,Switzerland,Voyage,Zoë Më,Croatia,HR,0,64,False,success
2025,Switzerland,Voyage,Zoë Më,Hungary,HU,0,4,False,success
2025,Switzerland,Voyage,Zoë Më,Ireland,IE,0,4,False,success
2025,Switzerland,Voyage,Zoë Më,Israel,IL,0,2,False,success
2025,Switzerland,Voyage,Zoë Më,Iceland,IS,0,0,False,success
2025,Switzerland,Voyage,Zoë Më,Italy,IT,0,4,False,success
2025,Switzerland,Voyage,Zoë Më,Lithuania,LT,0,6,False,success
2025,Switzerland,Voyage,Zoë Më,Luxembourg,LU,0,16,False,success
2025,Switzerland,Voyage,Zoë Më,Latvia,LV,0,3,False,success
2025,Switzerland,Voyage,Zoë Më,Moldova,MD,0,2,False,success
2025,Switzerland,Voyage,Zoë Më,Montenegro,ME,0,96,False,success
2025,Switzerland,Voyage,Zoë Më,North Macedonia,MK,0,95,False,success
2025,Switzerland,Voyage,Zoë Më,Malta,MT,0,8,False,success
2025,Switzerland,Voyage,Zoë Më,Netherlands,NL,0,3,False,success
2025,Switzerland,Voyage,Zoë Më,Norway,NO,0,3,False,success
2025,Switzerland,Voyage,Zoë Më,Poland,PL,0,3,False,success
2025,Switzerland,Voyage,Zoë Më,Portugal,PT,0,6,False,success
2025,Switzerland,Voyage,Zoë Më,Romania,RO,0,2,False,success
2025,Switzerland,Voyage,Zoë Më,Serbia,RS,0,92,False,success
2025,Switzerland,Voyage,Zoë Më,Russia,RU,0,1,False,success
2025,Switzerland,Voyage,Zoë Më,Sweden,SE,0,5,False,success
2025,Switzerland,Voyage,Zoë Më,Slovenia,SI,0,100,False,success
2025,Switzerland,Voyage,Zoë Më,San Marino,SM,0,0,False,success
2025,Switzerland,Voyage,Zoë Më,Ukraine,UA,0,1,False,success
2025,Ukraine,Bird of Pray,Ziferblat,Albania,AL,0,0,False,success
2025,Ukraine,Bird of Pray,Ziferblat,Armenia,AM,0,0,False,success
2025,Ukraine,Bird of Pray,Ziferblat,Austria,AT,0,0,False,success
2025,Ukraine,Bird of Pray,Ziferblat,Australia,AU,0,0,False,success
2025,Ukraine,Bird of Pray,Ziferblat,Azerbaijan,AZ,0,0,False,success
2025,Ukraine,Bird of Pray,Ziferblat,Belgium,BE,0,0,False,success
2025,Ukraine,Bird of Pray,Ziferblat,Bulgaria,BG,0,0,False,success
2025,Ukraine,Bird of Pray,Ziferblat,Belarus,BY,0,0,False,success
2025,Ukraine,Bird of Pray,Ziferblat,Switzerland,CH,0,0,False,success
2025,Ukraine,Bird of Pray,Ziferblat,Cyprus,CY,0,0,False,success
2025,Ukraine,Bird of Pray,Ziferblat,Czechia,CZ,0,0,False,success
2025,Ukraine,Bird of Pray,Ziferblat,Germany,DE,0,13,False,success
2025,Ukraine,Bird of Pray,Ziferblat,Denmark,DK,0,0,False,success
2025,Ukraine,Bird of Pray,Ziferblat,Estonia,EE,0,0,False,success
2025,Ukraine,Bird of Pray,Ziferblat,Spain,ES,0,0,False,success
2025,Ukraine,Bird of Pray,Ziferblat,Finland,FI,0,0,False,success
2025,Ukraine,Bird of Pray,Ziferblat,France,FR,0,0,False,success
2025,Ukraine,Bird of Pray,Ziferblat,United Kingdom,GB,0,6,False,success
2025,Ukraine,Bird of Pray,Ziferblat,Georgia,GE,0,0,False,success
2025,Ukraine,Bird of Pray,Ziferblat,Greece,GR,0,0,False,success
2025,Ukraine,Bird of Pray,Ziferblat,Croatia,HR,0,0,False,success
2025,Ukraine,Bird of Pray,Ziferblat,Hungary,HU,0,0,False,success
2025,Ukraine,Bird of Pray,Ziferblat,Ireland,IE,0,0,False,success
2025,Ukraine,Bird of Pray,Ziferblat,Israel,IL,0,0,False,success
2025,Ukraine,Bird of Pray,Ziferblat,Iceland,IS,0,0,False,success
2025,Ukraine,Bird of Pray,Ziferblat,Italy,IT,3,14,False,success
2025,Ukraine,Bird of Pray,Ziferblat,Lithuania,LT,0,0,False,success
2025,Ukraine,Bird of Pray,Ziferblat,Luxembourg,LU,0,0,False,success
2025,Ukraine,Bird of Pray,Ziferblat,Latvia,LV,0,0,False,success
2025,Ukraine,Bird of Pray,Ziferblat,Moldova,MD,0,0,False,success
2025,Ukraine,Bird of Pray,Ziferblat,Montenegro,ME,0,0,False,success
2025,Ukraine,Bird of Pray,Ziferblat,North Macedonia,MK,0,0,False,success
2025,Ukraine,Bird of Pray,Ziferblat,Malta,MT,0,0,False,success
2025,Ukraine,Bird of Pray,Ziferblat,Netherlands,NL,0,0,False,success
2025,Ukraine,Bird of Pray,Ziferblat,Norway,NO,0,0,False,success
2025,Ukraine,Bird of Pray,Ziferblat,Poland,PL,5,31,False,success
2025,Ukraine,Bird of Pray,Ziferblat,Portugal,PT,0,0,False,success
2025,Ukraine,Bird of Pray,Ziferblat,Romania,RO,0,0,False,success
2025,Ukraine,Bird of Pray,Ziferblat,Serbia,RS,0,0,False,success
2025,Ukraine,Bird of Pray,Ziferblat,Russia,RU,0,0,False,success
2025,Ukraine,Bird of Pray,Ziferblat,Sweden,SE,0,0,False,success
2025,Ukraine,Bird of Pray,Ziferblat,Slovenia,SI,0,0,False,success
2025,Ukraine,Bird of Pray,Ziferblat,San Marino,SM,0,0,False,success
2025,Ukraine,Bird of Pray,Ziferblat,Ukraine,UA,25,100,True,success
2025,United Kingdom,What The Hell Just Happened?,Remember Monday,Albania,AL,0,0,False,success
2025,United Kingdom,What The Hell Just Happened?,Remember Monday,Armenia,AM,0,0,False,success
2025,United Kingdom,What The Hell Just Happened?,Remember Monday,Austria,AT,0,0,False,success
2025,United Kingdom,What The Hell Just Happened?,Remember Monday,Australia,AU,0,0,False,success
2025,United Kingdom,What The Hell Just Happened?,Remember Monday,Azerbaijan,AZ,0,0,False,success
2025,United Kingdom,What The Hell Just Happened?,Remember Monday,Belgium,BE,0,0,False,success
2025,United Kingdom,What The Hell Just Happened?,Remember Monday,Bulgaria,BG,0,0,False,success
2025,United Kingdom,What The Hell Just Happened?,Remember Monday,Belarus,BY,0,0,False,success
2025,United Kingdom,What The Hell Just Happened?,Remember Monday,Switzerland,CH,0,0,False,success
2025,United Kingdom,What The Hell Just Happened?,Remember Monday,Cyprus,CY,0,0,False,success
2025,United Kingdom,What The Hell Just Happened?,Remember Monday,Czechia,CZ,0,0,False,success
2025,United Kingdom,What The Hell Just Happened?,Remember Monday,Germany,DE,0,0,False,success
2025,United Kingdom,What The Hell Just Happened?,Remember Monday,Denmark,DK,0,0,False,success
2025,United Kingdom,What The Hell Just Happened?,Remember Monday,Estonia,EE,0,0,False,success
2025,United Kingdom,What The Hell Just Happened?,Remember Monday,Spain,ES,0,100,False,success
2025,United Kingdom,What The Hell Just Happened?,Remember Monday,Finland,FI,0,0,False,success
2025,United Kingdom,What The Hell Just Happened?,Remember Monday,France,FR,0,0,False,success
2025,United Kingdom,What The Hell Just Happened?,Remember Monday,United Kingdom,GB,93,0,True,success
2025,United Kingdom,What The Hell Just Happened?,Remember Monday,Georgia,GE,0,0,False,success
2025,United Kingdom,What The Hell Just Happened?,Remember Monday,Greece,GR,0,0,False,success
2025,United Kingdom,What The Hell Just Happened?,Remember Monday,Croatia,HR,0,0,False,success
2025,United Kingdom,What The Hell Just Happened?,Remember Monday,Hungary,HU,0,0,False,success
2025,United Kingdom,What The Hell Just Happened?,Remember Monday,Ireland,IE,0,0,False,success
2025,United Kingdom,What The Hell Just Happened?,Remember Monday,Israel,IL,0,0,False,success
2025,United Kingdom,What The Hell Just Happened?,Remember Monday,Iceland,IS,0,0,False,success
2025,United Kingdom,What The Hell Just Happened?,Remember Monday,Italy,IT,0,0,False,success
2025,United Kingdom,What The Hell Just Happened?,Remember Monday,Lithuania,LT,0,0,False,success
2025,United Kingdom,What The Hell Just Happened?,Remember Monday,Luxembourg,LU,0,0,False,success
2025,United Kingdom,What The Hell Just Happened?,Remember Monday,Latvia,LV,0,0,False,success
2025,United Kingdom,What The Hell Just Happened?,Remember Monday,Moldova,MD,0,0,False,success
2025,United Kingdom,What The Hell Just Happened?,Remember Monday,Montenegro,ME,0,0,False,success
2025,United Kingdom,What The Hell Just Happened?,Remember Monday,North Macedonia,MK,0,0,False,success
2025,United Kingdom,What The Hell Just Happened?,Remember Monday,Malta,MT,0,0,False,success
2025,United Kingdom,What The Hell Just Happened?,Remember Monday,Netherlands,NL,0,0,False,success
2025,United Kingdom,What The Hell Just Happened?,Remember Monday,Norway,NO,0,0,False,success
2025,United Kingdom,What The Hell Just Happened?,Remember Monday,Poland,PL,0,0,False,success
2025,United Kingdom,What The Hell Just Happened?,Remember Monday,Portugal,PT,0,0,False,success
2025,United Kingdom,What The Hell Just Happened?,Remember Monday,Romania,RO,0,0,False,success
2025,United Kingdom,What The Hell Just Happened?,Remember Monday,Serbia,RS,0,0,False,success
2025,United Kingdom,What The Hell Just Happened?,Remember Monday,Russia,RU,0,0,False,success
2025,United Kingdom,What The Hell Just Happened?,Remember Monday,Sweden,SE,0,0,False,success
2025,United Kingdom,What The Hell Just Happened?,Remember Monday,Slovenia,SI,0,0,False,success
2025,United Kingdom,What The Hell Just Happened?,Remember Monday,San Marino,SM,0,0,False,success
2025,United Kingdom,What The Hell Just Happened?,Remember Monday,Ukraine,UA,0,0,False,success
2026,Albania,Nân,Alis,Albania,AL,0,0,True,success
2026,Albania,Nân,Alis,Armenia,AM,0,0,False,success
2026,Albania,Nân,Alis,Austria,AT,0,0,False,success
2026,Albania,Nân,Alis,Australia,AU,0,0,False,success
2026,Albania,Nân,Alis,Azerbaijan,AZ,0,0,False,success
2026,Albania,Nân,Alis,Belgium,BE,0,0,False,success
2026,Albania,Nân,Alis,Bulgaria,BG,0,0,False,success
2026,Albania,Nân,Alis,Belarus,BY,0,0,False,success
2026,Albania,Nân,Alis,Switzerland,CH,0,0,False,success
2026,Albania,Nân,Alis,Cyprus,CY,0,0,False,success
2026,Albania,Nân,Alis,Czechia,CZ,0,0,False,success
2026,Albania,Nân,Alis,Germany,DE,0,0,False,success
2026,Albania,Nân,Alis,Denmark,DK,0,0,False,success
2026,Albania,Nân,Alis,Estonia,EE,0,0,False,success
2026,Albania,Nân,Alis,Spain,ES,0,0,False,success
2026,Albania,Nân,Alis,Finland,FI,0,0,False,success
2026,Albania,Nân,Alis,France,FR,0,0,False,success
2026,Albania,Nân,Alis,United Kingdom,GB,0,0,False,success
2026,Albania,Nân,Alis,Georgia,GE,0,0,False,success
2026,Albania,Nân,Alis,Greece,GR,0,0,False,success
2026,Albania,Nân,Alis,Croatia,HR,0,0,False,success
2026,Albania,Nân,Alis,Hungary,HU,0,0,False,success
2026,Albania,Nân,Alis,Ireland,IE,0,100,False,success
2026,Albania,Nân,Alis,Israel,IL,0,0,False,success
2026,Albania,Nân,Alis,Iceland,IS,0,0,False,success
2026,Albania,Nân,Alis,Italy,IT,0,0,False,success
2026,Albania,Nân,Alis,Lithuania,LT,0,0,False,success
2026,Albania,Nân,Alis,Luxembourg,LU,0,0,False,success
2026,Albania,Nân,Alis,Latvia,LV,0,0,False,success
2026,Albania,Nân,Alis,Moldova,MD,0,0,False,success
2026,Albania,Nân,Alis,Montenegro,ME,0,0,False,success
2026,Albania,Nân,Alis,North Macedonia,MK,0,0,False,success
2026,Albania,Nân,Alis,Malta,MT,0,0,False,success
2026,Albania,Nân,Alis,Netherlands,NL,0,0,False,success
2026,Albania,Nân,Alis,Norway,NO,0,0,False,success
2026,Albania,Nân,Alis,Poland,PL,0,0,False,success
2026,Albania,Nân,Alis,Portugal,PT,0,0,False,success
2026,Albania,Nân,Alis,Romania,RO,0,0,False,success
2026,Albania,Nân,Alis,Serbia,RS,0,0,False,success
2026,Albania,Nân,Alis,Russia,RU,0,0,False,success
2026,Albania,Nân,Alis,Sweden,SE,0,0,False,success
2026,Albania,Nân,Alis,Slovenia,SI,0,0,False,success
2026,Albania,Nân,Alis,San Marino,SM,0,0,False,success
2026,Albania,Nân,Alis,Ukraine,UA,0,0,False,success
2026,Australia,Eclipse,Delta Goodrem,Albania,AL,0,4,False,success
2026,Australia,Eclipse,Delta Goodrem,Armenia,AM,0,1,False,success
2026,Australia,Eclipse,Delta Goodrem,Austria,AT,0,7,False,success
2026,Australia,Eclipse,Delta Goodrem,Australia,AU,100,9,True,success
2026,Australia,Eclipse,Delta Goodrem,Azerbaijan,AZ,0,2,False,success
2026,Australia,Eclipse,Delta Goodrem,Belgium,BE,0,5,False,success
2026,Australia,Eclipse,Delta Goodrem,Bulgaria,BG,0,5,False,success
2026,Australia,Eclipse,Delta Goodrem,Belarus,BY,0,3,False,success
2026,Australia,Eclipse,Delta Goodrem,Switzerland,CH,0,5,False,success
2026,Australia,Eclipse,Delta Goodrem,Cyprus,CY,0,6,False,success
2026,Australia,Eclipse,Delta Goodrem,Czechia,CZ,0,8,False,success
2026,Australia,Eclipse,Delta Goodrem,Germany,DE,11,5,False,success
2026,Australia,Eclipse,Delta Goodrem,Denmark,DK,0,6,False,success
2026,Australia,Eclipse,Delta Goodrem,Estonia,EE,0,4,False,success
2026,Australia,Eclipse,Delta Goodrem,Spain,ES,0,9,False,success
2026,Australia,Eclipse,Delta Goodrem,Finland,FI,0,9,False,success
2026,Australia,Eclipse,Delta Goodrem,France,FR,0,5,False,success
2026,Australia,Eclipse,Delta Goodrem,United Kingdom,GB,13,6,False,success
2026,Australia,Eclipse,Delta Goodrem,Georgia,GE,0,4,False,success
2026,Australia,Eclipse,Delta Goodrem,Greece,GR,0,8,False,success
2026,Australia,Eclipse,Delta Goodrem,Croatia,HR,0,6,False,success
2026,Australia,Eclipse,Delta Goodrem,Hungary,HU,0,5,False,success
2026,Australia,Eclipse,Delta Goodrem,Ireland,IE,0,6,False,success
2026,Australia,Eclipse,Delta Goodrem,Israel,IL,0,3,False,success
2026,Australia,Eclipse,Delta Goodrem,Iceland,IS,0,0,False,success
2026,Australia,Eclipse,Delta Goodrem,Italy,IT,0,6,False,success
2026,Australia,Eclipse,Delta Goodrem,Lithuania,LT,0,7,False,success
2026,Australia,Eclipse,Delta Goodrem,Luxembourg,LU,0,8,False,success
2026,Australia,Eclipse,Delta Goodrem,Latvia,LV,0,3,False,success
2026,Australia,Eclipse,Delta Goodrem,Moldova,MD,0,5,False,success
2026,Australia,Eclipse,Delta Goodrem,Montenegro,ME,0,0,False,success
2026,Australia,Eclipse,Delta Goodrem,North Macedonia,MK,0,3,False,success
2026,Australia,Eclipse,Delta Goodrem,Malta,MT,0,11,False,success
2026,Australia,Eclipse,Delta Goodrem,Netherlands,NL,0,7,False,success
2026,Australia,Eclipse,Delta Goodrem,Norway,NO,0,7,False,success
2026,Australia,Eclipse,Delta Goodrem,Poland,PL,18,5,False,success
2026,Australia,Eclipse,Delta Goodrem,Portugal,PT,0,9,False,success
2026,Australia,Eclipse,Delta Goodrem,Romania,RO,59,5,False,success
2026,Australia,Eclipse,Delta Goodrem,Serbia,RS,0,4,False,success
2026,Australia,Eclipse,Delta Goodrem,Russia,RU,0,3,False,success
2026,Australia,Eclipse,Delta Goodrem,Sweden,SE,0,5,False,success
2026,Australia,Eclipse,Delta Goodrem,Slovenia,SI,0,4,False,success
2026,Australia,Eclipse,Delta Goodrem,San Marino,SM,0,0,False,success
2026,Australia,Eclipse,Delta Goodrem,Ukraine,UA,0,3,False,success
2026,Austria,Tanzschein,COSMÓ,Albania,AL,0,0,False,success
2026,Austria,Tanzschein,COSMÓ,Armenia,AM,0,0,False,success
2026,Austria,Tanzschein,COSMÓ,Austria,AT,0,100,True,success
2026,Austria,Tanzschein,COSMÓ,Australia,AU,0,0,False,success
2026,Austria,Tanzschein,COSMÓ,Azerbaijan,AZ,0,0,False,success
2026,Austria,Tanzschein,COSMÓ,Belgium,BE,0,0,False,success
2026,Austria,Tanzschein,COSMÓ,Bulgaria,BG,0,0,False,success
2026,Austria,Tanzschein,COSMÓ,Belarus,BY,0,0,False,success
2026,Austria,Tanzschein,COSMÓ,Switzerland,CH,0,2,False,success
2026,Austria,Tanzschein,COSMÓ,Cyprus,CY,0,0,False,success
2026,Austria,Tanzschein,COSMÓ,Czechia,CZ,0,0,False,success
2026,Austria,Tanzschein,COSMÓ,Germany,DE,0,3,False,success
2026,Austria,Tanzschein,COSMÓ,Denmark,DK,0,0,False,success
2026,Austria,Tanzschein,COSMÓ,Estonia,EE,0,0,False,success
2026,Austria,Tanzschein,COSMÓ,Spain,ES,0,0,False,success
2026,Austria,Tanzschein,COSMÓ,Finland,FI,0,0,False,success
2026,Austria,Tanzschein,COSMÓ,France,FR,0,0,False,success
2026,Austria,Tanzschein,COSMÓ,United Kingdom,GB,0,0,False,success
2026,Austria,Tanzschein,COSMÓ,Georgia,GE,0,0,False,success
2026,Austria,Tanzschein,COSMÓ,Greece,GR,0,0,False,success
2026,Austria,Tanzschein,COSMÓ,Croatia,HR,0,0,False,success
2026,Austria,Tanzschein,COSMÓ,Hungary,HU,0,0,False,success
2026,Austria,Tanzschein,COSMÓ,Ireland,IE,0,0,False,success
2026,Austria,Tanzschein,COSMÓ,Israel,IL,0,0,False,success
2026,Austria,Tanzschein,COSMÓ,Iceland,IS,0,0,False,success
2026,Austria,Tanzschein,COSMÓ,Italy,IT,0,0,False,success
2026,Austria,Tanzschein,COSMÓ,Lithuania,LT,0,0,False,success
2026,Austria,Tanzschein,COSMÓ,Luxembourg,LU,0,0,False,success
2026,Austria,Tanzschein,COSMÓ,Latvia,LV,0,0,False,success
2026,Austria,Tanzschein,COSMÓ,Moldova,MD,0,0,False,success
2026,Austria,Tanzschein,COSMÓ,Montenegro,ME,0,0,False,success
2026,Austria,Tanzschein,COSMÓ,North Macedonia,MK,0,0,False,success
2026,Austria,Tanzschein,COSMÓ,Malta,MT,0,0,False,success
2026,Austria,Tanzschein,COSMÓ,Netherlands,NL,0,0,False,success
2026,Austria,Tanzschein,COSMÓ,Norway,NO,0,0,False,success
2026,Austria,Tanzschein,COSMÓ,Poland,PL,0,0,False,success
2026,Austria,Tanzschein,COSMÓ,Portugal,PT,0,0,False,success
2026,Austria,Tanzschein,COSMÓ,Romania,RO,0,0,False,success
2026,Austria,Tanzschein,COSMÓ,Serbia,RS,0,0,False,success
2026,Austria,Tanzschein,COSMÓ,Russia,RU,0,0,False,success
2026,Austria,Tanzschein,COSMÓ,Sweden,SE,0,0,False,success
2026,Austria,Tanzschein,COSMÓ,Slovenia,SI,0,0,False,success
2026,Austria,Tanzschein,COSMÓ,San Marino,SM,0,0,False,success
2026,Austria,Tanzschein,COSMÓ,Ukraine,UA,0,0,False,success
2026,Belgium,Dancing on the Ice,ESSYLA,Albania,AL,0,0,False,success
2026,Belgium,Dancing on the Ice,ESSYLA,Armenia,AM,0,0,False,success
2026,Belgium,Dancing on the Ice,ESSYLA,Austria,AT,0,0,False,success
2026,Belgium,Dancing on the Ice,ESSYLA,Australia,AU,0,0,False,success
2026,Belgium,Dancing on the Ice,ESSYLA,Azerbaijan,AZ,0,0,False,success
2026,Belgium,Dancing on the Ice,ESSYLA,Belgium,BE,100,100,True,success
2026,Belgium,Dancing on the Ice,ESSYLA,Bulgaria,BG,0,0,False,success
2026,Belgium,Dancing on the Ice,ESSYLA,Belarus,BY,0,0,False,success
2026,Belgium,Dancing on the Ice,ESSYLA,Switzerland,CH,0,7,False,success
2026,Belgium,Dancing on the Ice,ESSYLA,Cyprus,CY,0,0,False,success
2026,Belgium,Dancing on the Ice,ESSYLA,Czechia,CZ,0,0,False,success
2026,Belgium,Dancing on the Ice,ESSYLA,Germany,DE,0,1,False,success
2026,Belgium,Dancing on the Ice,ESSYLA,Denmark,DK,0,0,False,success
2026,Belgium,Dancing on the Ice,ESSYLA,Estonia,EE,0,0,False,success
2026,Belgium,Dancing on the Ice,ESSYLA,Spain,ES,0,0,False,success
2026,Belgium,Dancing on the Ice,ESSYLA,Finland,FI,0,14,False,success
2026,Belgium,Dancing on the Ice,ESSYLA,France,FR,0,1,False,success
2026,Belgium,Dancing on the Ice,ESSYLA,United Kingdom,GB,0,3,False,success
2026,Belgium,Dancing on the Ice,ESSYLA,Georgia,GE,0,0,False,success
2026,Belgium,Dancing on the Ice,ESSYLA,Greece,GR,0,7,False,success
2026,Belgium,Dancing on the Ice,ESSYLA,Croatia,HR,0,0,False,success
2026,Belgium,Dancing on the Ice,ESSYLA,Hungary,HU,0,0,False,success
2026,Belgium,Dancing on the Ice,ESSYLA,Ireland,IE,0,0,False,success
2026,Belgium,Dancing on the Ice,ESSYLA,Israel,IL,0,0,False,success
2026,Belgium,Dancing on the Ice,ESSYLA,Iceland,IS,0,0,False,success
2026,Belgium,Dancing on the Ice,ESSYLA,Italy,IT,0,2,False,success
2026,Belgium,Dancing on the Ice,ESSYLA,Lithuania,LT,0,0,False,success
2026,Belgium,Dancing on the Ice,ESSYLA,Luxembourg,LU,0,0,False,success
2026,Belgium,Dancing on the Ice,ESSYLA,Latvia,LV,0,0,False,success
2026,Belgium,Dancing on the Ice,ESSYLA,Moldova,MD,0,0,False,success
2026,Belgium,Dancing on the Ice,ESSYLA,Montenegro,ME,0,0,False,success
2026,Belgium,Dancing on the Ice,ESSYLA,North Macedonia,MK,0,0,False,success
2026,Belgium,Dancing on the Ice,ESSYLA,Malta,MT,0,0,False,success
2026,Belgium,Dancing on the Ice,ESSYLA,Netherlands,NL,0,4,False,success
2026,Belgium,Dancing on the Ice,ESSYLA,Norway,NO,0,0,False,success
2026,Belgium,Dancing on the Ice,ESSYLA,Poland,PL,0,3,False,success
2026,Belgium,Dancing on the Ice,ESSYLA,Portugal,PT,0,0,False,success
2026,Belgium,Dancing on the Ice,ESSYLA,Romania,RO,0,0,False,success
2026,Belgium,Dancing on the Ice,ESSYLA,Serbia,RS,0,0,False,success
2026,Belgium,Dancing on the Ice,ESSYLA,Russia,RU,0,0,False,success
2026,Belgium,Dancing on the Ice,ESSYLA,Sweden,SE,0,0,False,success
2026,Belgium,Dancing on the Ice,ESSYLA,Slovenia,SI,0,0,False,success
2026,Belgium,Dancing on the Ice,ESSYLA,San Marino,SM,0,0,False,success
2026,Belgium,Dancing on the Ice,ESSYLA,Ukraine,UA,0,0,False,success
2026,Bulgaria,Bangaranga,DARA,Albania,AL,0,0,False,success
2026,Bulgaria,Bangaranga,DARA,Armenia,AM,0,2,False,success
2026,Bulgaria,Bangaranga,DARA,Austria,AT,8,5,False,success
2026,Bulgaria,Bangaranga,DARA,Australia,AU,0,0,False,success
2026,Bulgaria,Bangaranga,DARA,Azerbaijan,AZ,0,0,False,success
2026,Bulgaria,Bangaranga,DARA,Belgium,BE,0,1,False,success
2026,Bulgaria,Bangaranga,DARA,Bulgaria,BG,100,100,True,success
2026,Bulgaria,Bangaranga,DARA,Belarus,BY,0,0,False,success
2026,Bulgaria,Bangaranga,DARA,Switzerland,CH,0,2,False,success
2026,Bulgaria,Bangaranga,DARA,Cyprus,CY,0,13,False,success
2026,Bulgaria,Bangaranga,DARA,Czechia,CZ,0,1,False,success
2026,Bulgaria,Bangaranga,DARA,Germany,DE,1,1,False,success
2026,Bulgaria,Bangaranga,DARA,Denmark,DK,0,0,False,success
2026,Bulgaria,Bangaranga,DARA,Estonia,EE,0,0,False,success
2026,Bulgaria,Bangaranga,DARA,Spain,ES,1,1,False,success
2026,Bulgaria,Bangaranga,DARA,Finland,FI,7,5,False,success
2026,Bulgaria,Bangaranga,DARA,France,FR,0,0,False,success
2026,Bulgaria,Bangaranga,DARA,United Kingdom,GB,1,1,False,success
2026,Bulgaria,Bangaranga,DARA,Georgia,GE,0,0,False,success
2026,Bulgaria,Bangaranga,DARA,Greece,GR,14,15,False,success
2026,Bulgaria,Bangaranga,DARA,Croatia,HR,0,3,False,success
2026,Bulgaria,Bangaranga,DARA,Hungary,HU,0,1,False,success
2026,Bulgaria,Bangaranga,DARA,Ireland,IE,0,1,False,success
2026,Bulgaria,Bangaranga,DARA,Israel,IL,0,1,False,success
2026,Bulgaria,Bangaranga,DARA,Iceland,IS,0,0,False,success
2026,Bulgaria,Bangaranga,DARA,Italy,IT,1,1,False,success
2026,Bulgaria,Bangaranga,DARA,Lithuania,LT,0,7,False,success
2026,Bulgaria,Bangaranga,DARA,Luxembourg,LU,0,0,False,success
2026,Bulgaria,Bangaranga,DARA,Latvia,LV,0,0,False,success
2026,Bulgaria,Bangaranga,DARA,Moldova,MD,0,0,False,success
2026,Bulgaria,Bangaranga,DARA,Montenegro,ME,0,0,False,success
2026,Bulgaria,Bangaranga,DARA,North Macedonia,MK,0,4,False,success
2026,Bulgaria,Bangaranga,DARA,Malta,MT,0,0,False,success
2026,Bulgaria,Bangaranga,DARA,Netherlands,NL,0,1,False,success
2026,Bulgaria,Bangaranga,DARA,Norway,NO,0,1,False,success
2026,Bulgaria,Bangaranga,DARA,Poland,PL,1,1,False,success
2026,Bulgaria,Bangaranga,DARA,Portugal,PT,0,1,False,success
2026,Bulgaria,Bangaranga,DARA,Romania,RO,0,2,False,success
2026,Bulgaria,Bangaranga,DARA,Serbia,RS,9,6,False,success
2026,Bulgaria,Bangaranga,DARA,Russia,RU,0,0,False,success
2026,Bulgaria,Bangaranga,DARA,Sweden,SE,7,2,False,success
2026,Bulgaria,Bangaranga,DARA,Slovenia,SI,0,4,False,success
2026,Bulgaria,Bangaranga,DARA,San Marino,SM,0,0,False,success
2026,Bulgaria,Bangaranga,DARA,Ukraine,UA,0,0,False,success
2026,Croatia,Andromeda,LELEK,Albania,AL,0,0,False,success
2026,Croatia,Andromeda,LELEK,Armenia,AM,14,0,False,success
2026,Croatia,Andromeda,LELEK,Austria,AT,5,3,False,success
2026,Croatia,Andromeda,LELEK,Australia,AU,0,1,False,success
2026,Croatia,Andromeda,LELEK,Azerbaijan,AZ,0,0,False,success
2026,Croatia,Andromeda,LELEK,Belgium,BE,0,1,False,success
2026,Croatia,Andromeda,LELEK,Bulgaria,BG,0,2,False,success
2026,Croatia,Andromeda,LELEK,Belarus,BY,0,0,False,success
2026,Croatia,Andromeda,LELEK,Switzerland,CH,2,2,False,success
2026,Croatia,Andromeda,LELEK,Cyprus,CY,0,0,False,success
2026,Croatia,Andromeda,LELEK,Czechia,CZ,0,2,False,success
2026,Croatia,Andromeda,LELEK,Germany,DE,1,1,False,success
2026,Croatia,Andromeda,LELEK,Denmark,DK,0,1,False,success
2026,Croatia,Andromeda,LELEK,Estonia,EE,0,2,False,success
2026,Croatia,Andromeda,LELEK,Spain,ES,0,1,False,success
2026,Croatia,Andromeda,LELEK,Finland,FI,0,2,False,success
2026,Croatia,Andromeda,LELEK,France,FR,0,1,False,success
2026,Croatia,Andromeda,LELEK,United Kingdom,GB,0,1,False,success
2026,Croatia,Andromeda,LELEK,Georgia,GE,0,0,False,success
2026,Croatia,Andromeda,LELEK,Greece,GR,2,2,False,success
2026,Croatia,Andromeda,LELEK,Croatia,HR,100,100,True,success
2026,Croatia,Andromeda,LELEK,Hungary,HU,0,1,False,success
2026,Croatia,Andromeda,LELEK,Ireland,IE,0,1,False,success
2026,Croatia,Andromeda,LELEK,Israel,IL,0,0,False,success
2026,Croatia,Andromeda,LELEK,Iceland,IS,0,0,False,success
2026,Croatia,Andromeda,LELEK,Italy,IT,0,1,False,success
2026,Croatia,Andromeda,LELEK,Lithuania,LT,0,1,False,success
2026,Croatia,Andromeda,LELEK,Luxembourg,LU,0,0,False,success
2026,Croatia,Andromeda,LELEK,Latvia,LV,0,0,False,success
2026,Croatia,Andromeda,LELEK,Moldova,MD,0,0,False,success
2026,Croatia,Andromeda,LELEK,Montenegro,ME,0,8,False,success
2026,Croatia,Andromeda,LELEK,North Macedonia,MK,0,3,False,success
2026,Croatia,Andromeda,LELEK,Malta,MT,0,0,False,success
2026,Croatia,Andromeda,LELEK,Netherlands,NL,0,1,False,success
2026,Croatia,Andromeda,LELEK,Norway,NO,0,1,False,success
2026,Croatia,Andromeda,LELEK,Poland,PL,1,3,False,success
2026,Croatia,Andromeda,LELEK,Portugal,PT,0,1,False,success
2026,Croatia,Andromeda,LELEK,Romania,RO,0,1,False,success
2026,Croatia,Andromeda,LELEK,Serbia,RS,11,9,False,success
2026,Croatia,Andromeda,LELEK,Russia,RU,0,1,False,success
2026,Croatia,Andromeda,LELEK,Sweden,SE,1,1,False,success
2026,Croatia,Andromeda,LELEK,Slovenia,SI,8,8,False,success
2026,Croatia,Andromeda,LELEK,San Marino,SM,0,0,False,success
2026,Croatia,Andromeda,LELEK,Ukraine,UA,1,1,False,success
2026,Cyprus,JALLA,Antigoni,Albania,AL,0,4,False,success
2026,Cyprus,JALLA,Antigoni,Armenia,AM,0,0,False,success
2026,Cyprus,JALLA,Antigoni,Austria,AT,0,1,False,success
2026,Cyprus,JALLA,Antigoni,Australia,AU,0,0,False,success
2026,Cyprus,JALLA,Antigoni,Azerbaijan,AZ,0,0,False,success
2026,Cyprus,JALLA,Antigoni,Belgium,BE,0,0,False,success
2026,Cyprus,JALLA,Antigoni,Bulgaria,BG,0,2,False,success
2026,Cyprus,JALLA,Antigoni,Belarus,BY,0,0,False,success
2026,Cyprus,JALLA,Antigoni,Switzerland,CH,0,1,False,success
2026,Cyprus,JALLA,Antigoni,Cyprus,CY,100,100,True,success
2026,Cyprus,JALLA,Antigoni,Czechia,CZ,0,0,False,success
2026,Cyprus,JALLA,Antigoni,Germany,DE,2,0,False,success
2026,Cyprus,JALLA,Antigoni,Denmark,DK,0,0,False,success
2026,Cyprus,JALLA,Antigoni,Estonia,EE,0,0,False,success
2026,Cyprus,JALLA,Antigoni,Spain,ES,0,0,False,success
2026,Cyprus,JALLA,Antigoni,Finland,FI,8,1,False,success
2026,Cyprus,JALLA,Antigoni,France,FR,0,0,False,success
2026,Cyprus,JALLA,Antigoni,United Kingdom,GB,2,1,False,success
2026,Cyprus,JALLA,Antigoni,Georgia,GE,0,0,False,success
2026,Cyprus,JALLA,Antigoni,Greece,GR,25,26,False,success
2026,Cyprus,JALLA,Antigoni,Croatia,HR,0,1,False,success
2026,Cyprus,JALLA,Antigoni,Hungary,HU,0,0,False,success
2026,Cyprus,JALLA,Antigoni,Ireland,IE,0,0,False,success
2026,Cyprus,JALLA,Antigoni,Israel,IL,0,0,False,success
2026,Cyprus,JALLA,Antigoni,Iceland,IS,0,0,False,success
2026,Cyprus,JALLA,Antigoni,Italy,IT,1,0,False,success
2026,Cyprus,JALLA,Antigoni,Lithuania,LT,0,1,False,success
2026,Cyprus,JALLA,Antigoni,Luxembourg,LU,0,0,False,success
2026,Cyprus,JALLA,Antigoni,Latvia,LV,0,0,False,success
2026,Cyprus,JALLA,Antigoni,Moldova,MD,0,0,False,success
2026,Cyprus,JALLA,Antigoni,Montenegro,ME,0,0,False,success
2026,Cyprus,JALLA,Antigoni,North Macedonia,MK,0,1,False,success
2026,Cyprus,JALLA,Antigoni,Malta,MT,0,10,False,success
2026,Cyprus,JALLA,Antigoni,Netherlands,NL,0,0,False,success
2026,Cyprus,JALLA,Antigoni,Norway,NO,0,0,False,success
2026,Cyprus,JALLA,Antigoni,Poland,PL,1,0,False,success
2026,Cyprus,JALLA,Antigoni,Portugal,PT,0,0,False,success
2026,Cyprus,JALLA,Antigoni,Romania,RO,0,1,False,success
2026,Cyprus,JALLA,Antigoni,Serbia,RS,0,1,False,success
2026,Cyprus,JALLA,Antigoni,Russia,RU,0,0,False,success
2026,Cyprus,JALLA,Antigoni,Sweden,SE,0,1,False,success
2026,Cyprus,JALLA,Antigoni,Slovenia,SI,0,0,False,success
2026,Cyprus,JALLA,Antigoni,San Marino,SM,0,0,False,success
2026,Cyprus,JALLA,Antigoni,Ukraine,UA,0,0,False,success
2026,Czechia,CROSSROADS,Daniel Zizka,Albania,AL,0,0,False,success
2026,Czechia,CROSSROADS,Daniel Zizka,Armenia,AM,0,0,False,success
2026,Czechia,CROSSROADS,Daniel Zizka,Austria,AT,0,23,False,success
2026,Czechia,CROSSROADS,Daniel Zizka,Australia,AU,0,27,False,success
2026,Czechia,CROSSROADS,Daniel Zizka,Azerbaijan,AZ,0,0,False,success
2026,Czechia,CROSSROADS,Daniel Zizka,Belgium,BE,0,17,False,success
2026,Czechia,CROSSROADS,Daniel Zizka,Bulgaria,BG,0,15,False,success
2026,Czechia,CROSSROADS,Daniel Zizka,Belarus,BY,0,0,False,success
2026,Czechia,CROSSROADS,Daniel Zizka,Switzerland,CH,0,21,False,success
2026,Czechia,CROSSROADS,Daniel Zizka,Cyprus,CY,0,0,False,success
2026,Czechia,CROSSROADS,Daniel Zizka,Czechia,CZ,0,100,True,success
2026,Czechia,CROSSROADS,Daniel Zizka,Germany,DE,0,10,False,success
2026,Czechia,CROSSROADS,Daniel Zizka,Denmark,DK,0,26,False,success
2026,Czechia,CROSSROADS,Daniel Zizka,Estonia,EE,0,0,False,success
2026,Czechia,CROSSROADS,Daniel Zizka,Spain,ES,0,8,False,success
2026,Czechia,CROSSROADS,Daniel Zizka,Finland,FI,0,44,False,success
2026,Czechia,CROSSROADS,Daniel Zizka,France,FR,0,10,False,success
2026,Czechia,CROSSROADS,Daniel Zizka,United Kingdom,GB,0,29,False,success
2026,Czechia,CROSSROADS,Daniel Zizka,Georgia,GE,0,0,False,success
2026,Czechia,CROSSROADS,Daniel Zizka,Greece,GR,0,14,False,success
2026,Czechia,CROSSROADS,Daniel Zizka,Croatia,HR,0,21,False,success
2026,Czechia,CROSSROADS,Daniel Zizka,Hungary,HU,0,11,False,success
2026,Czechia,CROSSROADS,Daniel Zizka,Ireland,IE,0,24,False,success
2026,Czechia,CROSSROADS,Daniel Zizka,Israel,IL,0,12,False,success
2026,Czechia,CROSSROADS,Daniel Zizka,Iceland,IS,0,0,False,success
2026,Czechia,CROSSROADS,Daniel Zizka,Italy,IT,0,10,False,success
2026,Czechia,CROSSROADS,Daniel Zizka,Lithuania,LT,0,23,False,success
2026,Czechia,CROSSROADS,Daniel Zizka,Luxembourg,LU,0,0,False,success
2026,Czechia,CROSSROADS,Daniel Zizka,Latvia,LV,0,0,False,success
2026,Czechia,CROSSROADS,Daniel Zizka,Moldova,MD,0,0,False,success
2026,Czechia,CROSSROADS,Daniel Zizka,Montenegro,ME,0,0,False,success
2026,Czechia,CROSSROADS,Daniel Zizka,North Macedonia,MK,0,0,False,success
2026,Czechia,CROSSROADS,Daniel Zizka,Malta,MT,0,0,False,success
2026,Czechia,CROSSROADS,Daniel Zizka,Netherlands,NL,0,17,False,success
2026,Czechia,CROSSROADS,Daniel Zizka,Norway,NO,0,23,False,success
2026,Czechia,CROSSROADS,Daniel Zizka,Poland,PL,0,14,False,success
2026,Czechia,CROSSROADS,Daniel Zizka,Portugal,PT,0,15,False,success
2026,Czechia,CROSSROADS,Daniel Zizka,Romania,RO,0,13,False,success
2026,Czechia,CROSSROADS,Daniel Zizka,Serbia,RS,0,18,False,success
2026,Czechia,CROSSROADS,Daniel Zizka,Russia,RU,0,8,False,success
2026,Czechia,CROSSROADS,Daniel Zizka,Sweden,SE,0,14,False,success
2026,Czechia,CROSSROADS,Daniel Zizka,Slovenia,SI,0,0,False,success
2026,Czechia,CROSSROADS,Daniel Zizka,San Marino,SM,0,0,False,success
2026,Czechia,CROSSROADS,Daniel Zizka,Ukraine,UA,0,7,False,success
2026,Denmark,Før Vi Går Hjem,Søren Torpegaard Lund,Albania,AL,0,0,False,success
2026,Denmark,Før Vi Går Hjem,Søren Torpegaard Lund,Armenia,AM,0,0,False,success
2026,Denmark,Før Vi Går Hjem,Søren Torpegaard Lund,Austria,AT,0,0,False,success
2026,Denmark,Før Vi Går Hjem,Søren Torpegaard Lund,Australia,AU,0,0,False,success
2026,Denmark,Før Vi Går Hjem,Søren Torpegaard Lund,Azerbaijan,AZ,0,0,False,success
2026,Denmark,Før Vi Går Hjem,Søren Torpegaard Lund,Belgium,BE,0,0,False,success
2026,Denmark,Før Vi Går Hjem,Søren Torpegaard Lund,Bulgaria,BG,0,0,False,success
2026,Denmark,Før Vi Går Hjem,Søren Torpegaard Lund,Belarus,BY,0,0,False,success
2026,Denmark,Før Vi Går Hjem,Søren Torpegaard Lund,Switzerland,CH,0,0,False,success
2026,Denmark,Før Vi Går Hjem,Søren Torpegaard Lund,Cyprus,CY,0,0,False,success
2026,Denmark,Før Vi Går Hjem,Søren Torpegaard Lund,Czechia,CZ,0,0,False,success
2026,Denmark,Før Vi Går Hjem,Søren Torpegaard Lund,Germany,DE,0,0,False,success
2026,Denmark,Før Vi Går Hjem,Søren Torpegaard Lund,Denmark,DK,1,100,True,success
2026,Denmark,Før Vi Går Hjem,Søren Torpegaard Lund,Estonia,EE,0,0,False,success
2026,Denmark,Før Vi Går Hjem,Søren Torpegaard Lund,Spain,ES,0,0,False,success
2026,Denmark,Før Vi Går Hjem,Søren Torpegaard Lund,Finland,FI,0,0,False,success
2026,Denmark,Før Vi Går Hjem,Søren Torpegaard Lund,France,FR,0,0,False,success
2026,Denmark,Før Vi Går Hjem,Søren Torpegaard Lund,United Kingdom,GB,0,0,False,success
2026,Denmark,Før Vi Går Hjem,Søren Torpegaard Lund,Georgia,GE,0,0,False,success
2026,Denmark,Før Vi Går Hjem,Søren Torpegaard Lund,Greece,GR,0,0,False,success
2026,Denmark,Før Vi Går Hjem,Søren Torpegaard Lund,Croatia,HR,0,0,False,success
2026,Denmark,Før Vi Går Hjem,Søren Torpegaard Lund,Hungary,HU,0,0,False,success
2026,Denmark,Før Vi Går Hjem,Søren Torpegaard Lund,Ireland,IE,0,0,False,success
2026,Denmark,Før Vi Går Hjem,Søren Torpegaard Lund,Israel,IL,0,0,False,success
2026,Denmark,Før Vi Går Hjem,Søren Torpegaard Lund,Iceland,IS,0,0,False,success
2026,Denmark,Før Vi Går Hjem,Søren Torpegaard Lund,Italy,IT,0,0,False,success
2026,Denmark,Før Vi Går Hjem,Søren Torpegaard Lund,Lithuania,LT,0,0,False,success
2026,Denmark,Før Vi Går Hjem,Søren Torpegaard Lund,Luxembourg,LU,0,0,False,success
2026,Denmark,Før Vi Går Hjem,Søren Torpegaard Lund,Latvia,LV,0,0,False,success
2026,Denmark,Før Vi Går Hjem,Søren Torpegaard Lund,Moldova,MD,0,0,False,success
2026,Denmark,Før Vi Går Hjem,Søren Torpegaard Lund,Montenegro,ME,0,0,False,success
2026,Denmark,Før Vi Går Hjem,Søren Torpegaard Lund,North Macedonia,MK,0,0,False,success
2026,Denmark,Før Vi Går Hjem,Søren Torpegaard Lund,Malta,MT,0,0,False,success
2026,Denmark,Før Vi Går Hjem,Søren Torpegaard Lund,Netherlands,NL,0,0,False,success
2026,Denmark,Før Vi Går Hjem,Søren Torpegaard Lund,Norway,NO,0,14,False,success
2026,Denmark,Før Vi Går Hjem,Søren Torpegaard Lund,Poland,PL,0,0,False,success
2026,Denmark,Før Vi Går Hjem,Søren Torpegaard Lund,Portugal,PT,0,0,False,success
2026,Denmark,Før Vi Går Hjem,Søren Torpegaard Lund,Romania,RO,0,0,False,success
2026,Denmark,Før Vi Går Hjem,Søren Torpegaard Lund,Serbia,RS,0,0,False,success
2026,Denmark,Før Vi Går Hjem,Søren Torpegaard Lund,Russia,RU,0,0,False,success
2026,Denmark,Før Vi Går Hjem,Søren Torpegaard Lund,Sweden,SE,0,2,False,success
2026,Denmark,Før Vi Går Hjem,Søren Torpegaard Lund,Slovenia,SI,0,0,False,success
2026,Denmark,Før Vi Går Hjem,Søren Torpegaard Lund,San Marino,SM,0,0,False,success
2026,Denmark,Før Vi Går Hjem,Søren Torpegaard Lund,Ukraine,UA,0,0,False,success
2026,Finland,Liekinheitin,Linda Lampenius x Pete Parkkonen,Albania,AL,0,0,False,success
2026,Finland,Liekinheitin,Linda Lampenius x Pete Parkkonen,Armenia,AM,0,0,False,success
2026,Finland,Liekinheitin,Linda Lampenius x Pete Parkkonen,Austria,AT,0,1,False,success
2026,Finland,Liekinheitin,Linda Lampenius x Pete Parkkonen,Australia,AU,0,0,False,success
2026,Finland,Liekinheitin,Linda Lampenius x Pete Parkkonen,Azerbaijan,AZ,0,0,False,success
2026,Finland,Liekinheitin,Linda Lampenius x Pete Parkkonen,Belgium,BE,0,0,False,success
2026,Finland,Liekinheitin,Linda Lampenius x Pete Parkkonen,Bulgaria,BG,0,0,False,success
2026,Finland,Liekinheitin,Linda Lampenius x Pete Parkkonen,Belarus,BY,0,0,False,success
2026,Finland,Liekinheitin,Linda Lampenius x Pete Parkkonen,Switzerland,CH,0,1,False,success
2026,Finland,Liekinheitin,Linda Lampenius x Pete Parkkonen,Cyprus,CY,0,0,False,success
2026,Finland,Liekinheitin,Linda Lampenius x Pete Parkkonen,Czechia,CZ,0,0,False,success
2026,Finland,Liekinheitin,Linda Lampenius x Pete Parkkonen,Germany,DE,0,0,False,success
2026,Finland,Liekinheitin,Linda Lampenius x Pete Parkkonen,Denmark,DK,0,1,False,success
2026,Finland,Liekinheitin,Linda Lampenius x Pete Parkkonen,Estonia,EE,0,4,False,success
2026,Finland,Liekinheitin,Linda Lampenius x Pete Parkkonen,Spain,ES,0,0,False,success
2026,Finland,Liekinheitin,Linda Lampenius x Pete Parkkonen,Finland,FI,0,100,True,success
2026,Finland,Liekinheitin,Linda Lampenius x Pete Parkkonen,France,FR,0,0,False,success
2026,Finland,Liekinheitin,Linda Lampenius x Pete Parkkonen,United Kingdom,GB,0,0,False,success
2026,Finland,Liekinheitin,Linda Lampenius x Pete Parkkonen,Georgia,GE,0,0,False,success
2026,Finland,Liekinheitin,Linda Lampenius x Pete Parkkonen,Greece,GR,0,2,False,success
2026,Finland,Liekinheitin,Linda Lampenius x Pete Parkkonen,Croatia,HR,0,1,False,success
2026,Finland,Liekinheitin,Linda Lampenius x Pete Parkkonen,Hungary,HU,0,0,False,success
2026,Finland,Liekinheitin,Linda Lampenius x Pete Parkkonen,Ireland,IE,0,0,False,success
2026,Finland,Liekinheitin,Linda Lampenius x Pete Parkkonen,Israel,IL,0,0,False,success
2026,Finland,Liekinheitin,Linda Lampenius x Pete Parkkonen,Iceland,IS,0,0,False,success
2026,Finland,Liekinheitin,Linda Lampenius x Pete Parkkonen,Italy,IT,0,0,False,success
2026,Finland,Liekinheitin,Linda Lampenius x Pete Parkkonen,Lithuania,LT,0,1,False,success
2026,Finland,Liekinheitin,Linda Lampenius x Pete Parkkonen,Luxembourg,LU,0,4,False,success
2026,Finland,Liekinheitin,Linda Lampenius x Pete Parkkonen,Latvia,LV,0,1,False,success
2026,Finland,Liekinheitin,Linda Lampenius x Pete Parkkonen,Moldova,MD,0,0,False,success
2026,Finland,Liekinheitin,Linda Lampenius x Pete Parkkonen,Montenegro,ME,0,0,False,success
2026,Finland,Liekinheitin,Linda Lampenius x Pete Parkkonen,North Macedonia,MK,0,0,False,success
2026,Finland,Liekinheitin,Linda Lampenius x Pete Parkkonen,Malta,MT,0,0,False,success
2026,Finland,Liekinheitin,Linda Lampenius x Pete Parkkonen,Netherlands,NL,0,0,False,success
2026,Finland,Liekinheitin,Linda Lampenius x Pete Parkkonen,Norway,NO,0,1,False,success
2026,Finland,Liekinheitin,Linda Lampenius x Pete Parkkonen,Poland,PL,0,0,False,success
2026,Finland,Liekinheitin,Linda Lampenius x Pete Parkkonen,Portugal,PT,0,0,False,success
2026,Finland,Liekinheitin,Linda Lampenius x Pete Parkkonen,Romania,RO,0,0,False,success
2026,Finland,Liekinheitin,Linda Lampenius x Pete Parkkonen,Serbia,RS,0,0,False,success
2026,Finland,Liekinheitin,Linda Lampenius x Pete Parkkonen,Russia,RU,0,0,False,success
2026,Finland,Liekinheitin,Linda Lampenius x Pete Parkkonen,Sweden,SE,0,2,False,success
2026,Finland,Liekinheitin,Linda Lampenius x Pete Parkkonen,Slovenia,SI,0,0,False,success
2026,Finland,Liekinheitin,Linda Lampenius x Pete Parkkonen,San Marino,SM,0,0,False,success
2026,Finland,Liekinheitin,Linda Lampenius x Pete Parkkonen,Ukraine,UA,0,0,False,success
2026,France,Regarde!,Monroe,Albania,AL,0,0,False,success
2026,France,Regarde!,Monroe,Armenia,AM,0,0,False,success
2026,France,Regarde!,Monroe,Austria,AT,0,2,False,success
2026,France,Regarde!,Monroe,Australia,AU,0,1,False,success
2026,France,Regarde!,Monroe,Azerbaijan,AZ,0,0,False,success
2026,France,Regarde!,Monroe,Belgium,BE,0,24,False,success
2026,France,Regarde!,Monroe,Bulgaria,BG,0,3,False,success
2026,France,Regarde!,Monroe,Belarus,BY,0,0,False,success
2026,France,Regarde!,Monroe,Switzerland,CH,3,10,False,success
2026,France,Regarde!,Monroe,Cyprus,CY,0,0,False,success
2026,France,Regarde!,Monroe,Czechia,CZ,0,0,False,success
2026,France,Regarde!,Monroe,Germany,DE,1,1,False,success
2026,France,Regarde!,Monroe,Denmark,DK,0,0,False,success
2026,France,Regarde!,Monroe,Estonia,EE,0,0,False,success
2026,France,Regarde!,Monroe,Spain,ES,0,1,False,success
2026,France,Regarde!,Monroe,Finland,FI,7,5,False,success
2026,France,Regarde!,Monroe,France,FR,9,43,True,success
2026,France,Regarde!,Monroe,United Kingdom,GB,1,1,False,success
2026,France,Regarde!,Monroe,Georgia,GE,0,0,False,success
2026,France,Regarde!,Monroe,Greece,GR,0,6,False,success
2026,France,Regarde!,Monroe,Croatia,HR,0,0,False,success
2026,France,Regarde!,Monroe,Hungary,HU,0,0,False,success
2026,France,Regarde!,Monroe,Ireland,IE,0,0,False,success
2026,France,Regarde!,Monroe,Israel,IL,0,2,False,success
2026,France,Regarde!,Monroe,Iceland,IS,0,0,False,success
2026,France,Regarde!,Monroe,Italy,IT,1,2,False,success
2026,France,Regarde!,Monroe,Lithuania,LT,0,0,False,success
2026,France,Regarde!,Monroe,Luxembourg,LU,0,0,False,success
2026,France,Regarde!,Monroe,Latvia,LV,0,0,False,success
2026,France,Regarde!,Monroe,Moldova,MD,0,0,False,success
2026,France,Regarde!,Monroe,Montenegro,ME,0,0,False,success
2026,France,Regarde!,Monroe,North Macedonia,MK,0,0,False,success
2026,France,Regarde!,Monroe,Malta,MT,0,0,False,success
2026,France,Regarde!,Monroe,Netherlands,NL,2,1,False,success
2026,France,Regarde!,Monroe,Norway,NO,0,0,False,success
2026,France,Regarde!,Monroe,Poland,PL,0,1,False,success
2026,France,Regarde!,Monroe,Portugal,PT,0,3,False,success
2026,France,Regarde!,Monroe,Romania,RO,0,2,False,success
2026,France,Regarde!,Monroe,Serbia,RS,0,0,False,success
2026,France,Regarde!,Monroe,Russia,RU,0,0,False,success
2026,France,Regarde!,Monroe,Sweden,SE,0,1,False,success
2026,France,Regarde!,Monroe,Slovenia,SI,0,0,False,success
2026,France,Regarde!,Monroe,San Marino,SM,0,0,False,success
2026,France,Regarde!,Monroe,Ukraine,UA,0,0,False,success
2026,Germany,Fire,Sarah Engels,Albania,AL,0,23,False,success
2026,Germany,Fire,Sarah Engels,Armenia,AM,0,8,False,success
2026,Germany,Fire,Sarah Engels,Austria,AT,59,20,False,success
2026,Germany,Fire,Sarah Engels,Australia,AU,0,32,False,success
2026,Germany,Fire,Sarah Engels,Azerbaijan,AZ,0,9,False,success
2026,Germany,Fire,Sarah Engels,Belgium,BE,0,17,False,success
2026,Germany,Fire,Sarah Engels,Bulgaria,BG,0,15,False,success
2026,Germany,Fire,Sarah Engels,Belarus,BY,0,4,False,success
2026,Germany,Fire,Sarah Engels,Switzerland,CH,36,18,False,success
2026,Germany,Fire,Sarah Engels,Cyprus,CY,0,16,False,success
2026,Germany,Fire,Sarah Engels,Czechia,CZ,0,17,False,success
2026,Germany,Fire,Sarah Engels,Germany,DE,100,17,True,success
2026,Germany,Fire,Sarah Engels,Denmark,DK,0,27,False,success
2026,Germany,Fire,Sarah Engels,Estonia,EE,0,18,False,success
2026,Germany,Fire,Sarah Engels,Spain,ES,0,15,False,success
2026,Germany,Fire,Sarah Engels,Finland,FI,0,22,False,success
2026,Germany,Fire,Sarah Engels,France,FR,0,13,False,success
2026,Germany,Fire,Sarah Engels,United Kingdom,GB,0,37,False,success
2026,Germany,Fire,Sarah Engels,Georgia,GE,0,9,False,success
2026,Germany,Fire,Sarah Engels,Greece,GR,0,19,False,success
2026,Germany,Fire,Sarah Engels,Croatia,HR,0,18,False,success
2026,Germany,Fire,Sarah Engels,Hungary,HU,0,17,False,success
2026,Germany,Fire,Sarah Engels,Ireland,IE,0,26,False,success
2026,Germany,Fire,Sarah Engels,Israel,IL,0,10,False,success
2026,Germany,Fire,Sarah Engels,Iceland,IS,0,23,False,success
2026,Germany,Fire,Sarah Engels,Italy,IT,3,15,False,success
2026,Germany,Fire,Sarah Engels,Lithuania,LT,0,18,False,success
2026,Germany,Fire,Sarah Engels,Luxembourg,LU,0,19,False,success
2026,Germany,Fire,Sarah Engels,Latvia,LV,0,14,False,success
2026,Germany,Fire,Sarah Engels,Moldova,MD,0,9,False,success
2026,Germany,Fire,Sarah Engels,Montenegro,ME,0,10,False,success
2026,Germany,Fire,Sarah Engels,North Macedonia,MK,0,14,False,success
2026,Germany,Fire,Sarah Engels,Malta,MT,0,34,False,success
2026,Germany,Fire,Sarah Engels,Netherlands,NL,6,18,False,success
2026,Germany,Fire,Sarah Engels,Norway,NO,0,25,False,success
2026,Germany,Fire,Sarah Engels,Poland,PL,0,12,False,success
2026,Germany,Fire,Sarah Engels,Portugal,PT,0,22,False,success
2026,Germany,Fire,Sarah Engels,Romania,RO,0,18,False,success
2026,Germany,Fire,Sarah Engels,Serbia,RS,0,13,False,success
2026,Germany,Fire,Sarah Engels,Russia,RU,0,7,False,success
2026,Germany,Fire,Sarah Engels,Sweden,SE,0,16,False,success
2026,Germany,Fire,Sarah Engels,Slovenia,SI,0,22,False,success
2026,Germany,Fire,Sarah Engels,San Marino,SM,0,0,False,success
2026,Germany,Fire,Sarah Engels,Ukraine,UA,0,6,False,success
2026,Greece,Ferto,Akylas,Albania,AL,0,3,False,success
2026,Greece,Ferto,Akylas,Armenia,AM,0,1,False,success
2026,Greece,Ferto,Akylas,Austria,AT,7,4,False,success
2026,Greece,Ferto,Akylas,Australia,AU,0,1,False,success
2026,Greece,Ferto,Akylas,Azerbaijan,AZ,0,0,False,success
2026,Greece,Ferto,Akylas,Belgium,BE,0,2,False,success
2026,Greece,Ferto,Akylas,Bulgaria,BG,0,7,False,success
2026,Greece,Ferto,Akylas,Belarus,BY,0,0,False,success
2026,Greece,Ferto,Akylas,Switzerland,CH,0,2,False,success
2026,Greece,Ferto,Akylas,Cyprus,CY,75,89,False,success
2026,Greece,Ferto,Akylas,Czechia,CZ,0,1,False,success
2026,Greece,Ferto,Akylas,Germany,DE,3,2,False,success
2026,Greece,Ferto,Akylas,Denmark,DK,0,2,False,success
2026,Greece,Ferto,Akylas,Estonia,EE,0,11,False,success
2026,Greece,Ferto,Akylas,Spain,ES,0,1,False,success
2026,Greece,Ferto,Akylas,Finland,FI,10,16,False,success
2026,Greece,Ferto,Akylas,France,FR,0,0,False,success
2026,Greece,Ferto,Akylas,United Kingdom,GB,1,1,False,success
2026,Greece,Ferto,Akylas,Georgia,GE,0,0,False,success
2026,Greece,Ferto,Akylas,Greece,GR,100,100,True,success
2026,Greece,Ferto,Akylas,Croatia,HR,0,7,False,success
2026,Greece,Ferto,Akylas,Hungary,HU,0,0,False,success
2026,Greece,Ferto,Akylas,Ireland,IE,0,0,False,success
2026,Greece,Ferto,Akylas,Israel,IL,0,2,False,success
2026,Greece,Ferto,Akylas,Iceland,IS,0,0,False,success
2026,Greece,Ferto,Akylas,Italy,IT,1,1,False,success
2026,Greece,Ferto,Akylas,Lithuania,LT,0,8,False,success
2026,Greece,Ferto,Akylas,Luxembourg,LU,0,0,False,success
2026,Greece,Ferto,Akylas,Latvia,LV,0,4,False,success
2026,Greece,Ferto,Akylas,Moldova,MD,0,4,False,success
2026,Greece,Ferto,Akylas,Montenegro,ME,0,0,False,success
2026,Greece,Ferto,Akylas,North Macedonia,MK,0,0,False,success
2026,Greece,Ferto,Akylas,Malta,MT,0,0,False,success
2026,Greece,Ferto,Akylas,Netherlands,NL,0,1,False,success
2026,Greece,Ferto,Akylas,Norway,NO,0,2,False,success
2026,Greece,Ferto,Akylas,Poland,PL,3,2,False,success
2026,Greece,Ferto,Akylas,Portugal,PT,0,1,False,success
2026,Greece,Ferto,Akylas,Romania,RO,5,2,False,success
2026,Greece,Ferto,Akylas,Serbia,RS,0,7,False,success
2026,Greece,Ferto,Akylas,Russia,RU,0,0,False,success
2026,Greece,Ferto,Akylas,Sweden,SE,0,3,False,success
2026,Greece,Ferto,Akylas,Slovenia,SI,0,0,False,success
2026,Greece,Ferto,Akylas,San Marino,SM,0,0,False,success
2026,Greece,Ferto,Akylas,Ukraine,UA,3,1,False,success
2026,Israel,Michelle,Noam Bettan,Albania,AL,0,9,False,success
2026,Israel,Michelle,Noam Bettan,Armenia,AM,0,4,False,success
2026,Israel,Michelle,Noam Bettan,Austria,AT,0,23,False,success
2026,Israel,Michelle,Noam Bettan,Australia,AU,0,21,False,success
2026,Israel,Michelle,Noam Bettan,Azerbaijan,AZ,0,2,False,success
2026,Israel,Michelle,Noam Bettan,Belgium,BE,0,22,False,success
2026,Israel,Michelle,Noam Bettan,Bulgaria,BG,0,7,False,success
2026,Israel,Michelle,Noam Bettan,Belarus,BY,0,0,False,success
2026,Israel,Michelle,Noam Bettan,Switzerland,CH,0,20,False,success
2026,Israel,Michelle,Noam Bettan,Cyprus,CY,0,16,False,success
2026,Israel,Michelle,Noam Bettan,Czechia,CZ,0,8,False,success
2026,Israel,Michelle,Noam Bettan,Germany,DE,3,17,False,success
2026,Israel,Michelle,Noam Bettan,Denmark,DK,0,19,False,success
2026,Israel,Michelle,Noam Bettan,Estonia,EE,0,10,False,success
2026,Israel,Michelle,Noam Bettan,Spain,ES,3,8,False,success
2026,Israel,Michelle,Noam Bettan,Finland,FI,0,10,False,success
2026,Israel,Michelle,Noam Bettan,France,FR,4,10,False,success
2026,Israel,Michelle,Noam Bettan,United Kingdom,GB,3,21,False,success
2026,Israel,Michelle,Noam Bettan,Georgia,GE,0,8,False,success
2026,Israel,Michelle,Noam Bettan,Greece,GR,0,13,False,success
2026,Israel,Michelle,Noam Bettan,Croatia,HR,0,10,False,success
2026,Israel,Michelle,Noam Bettan,Hungary,HU,0,7,False,success
2026,Israel,Michelle,Noam Bettan,Ireland,IE,0,20,False,success
2026,Israel,Michelle,Noam Bettan,Israel,IL,100,70,True,success
2026,Israel,Michelle,Noam Bettan,Iceland,IS,0,0,False,success
2026,Israel,Michelle,Noam Bettan,Italy,IT,4,24,False,success
2026,Israel,Michelle,Noam Bettan,Lithuania,LT,0,7,False,success
2026,Israel,Michelle,Noam Bettan,Luxembourg,LU,0,10,False,success
2026,Israel,Michelle,Noam Bettan,Latvia,LV,0,9,False,success
2026,Israel,Michelle,Noam Bettan,Moldova,MD,0,8,False,success
2026,Israel,Michelle,Noam Bettan,Montenegro,ME,0,0,False,success
2026,Israel,Michelle,Noam Bettan,North Macedonia,MK,0,7,False,success
2026,Israel,Michelle,Noam Bettan,Malta,MT,0,19,False,success
2026,Israel,Michelle,Noam Bettan,Netherlands,NL,0,39,False,success
2026,Israel,Michelle,Noam Bettan,Norway,NO,0,17,False,success
2026,Israel,Michelle,Noam Bettan,Poland,PL,5,5,False,success
2026,Israel,Michelle,Noam Bettan,Portugal,PT,0,10,False,success
2026,Israel,Michelle,Noam Bettan,Romania,RO,0,13,False,success
2026,Israel,Michelle,Noam Bettan,Serbia,RS,0,7,False,success
2026,Israel,Michelle,Noam Bettan,Russia,RU,0,1,False,success
2026,Israel,Michelle,Noam Bettan,Sweden,SE,0,11,False,success
2026,Israel,Michelle,Noam Bettan,Slovenia,SI,0,16,False,success
2026,Israel,Michelle,Noam Bettan,San Marino,SM,0,0,False,success
2026,Israel,Michelle,Noam Bettan,Ukraine,UA,0,2,False,success
2026,Italy,Per Sempre Sì,Sal Da Vinci,Albania,AL,0,0,False,success
2026,Italy,Per Sempre Sì,Sal Da Vinci,Armenia,AM,0,0,False,success
2026,Italy,Per Sempre Sì,Sal Da Vinci,Austria,AT,0,0,False,success
2026,Italy,Per Sempre Sì,Sal Da Vinci,Australia,AU,0,0,False,success
2026,Italy,Per Sempre Sì,Sal Da Vinci,Azerbaijan,AZ,0,0,False,success
2026,Italy,Per Sempre Sì,Sal Da Vinci,Belgium,BE,17,0,False,success
2026,Italy,Per Sempre Sì,Sal Da Vinci,Bulgaria,BG,0,0,False,success
2026,Italy,Per Sempre Sì,Sal Da Vinci,Belarus,BY,0,0,False,success
2026,Italy,Per Sempre Sì,Sal Da Vinci,Switzerland,CH,0,0,False,success
2026,Italy,Per Sempre Sì,Sal Da Vinci,Cyprus,CY,0,0,False,success
2026,Italy,Per Sempre Sì,Sal Da Vinci,Czechia,CZ,0,0,False,success
2026,Italy,Per Sempre Sì,Sal Da Vinci,Germany,DE,4,1,False,success
2026,Italy,Per Sempre Sì,Sal Da Vinci,Denmark,DK,0,0,False,success
2026,Italy,Per Sempre Sì,Sal Da Vinci,Estonia,EE,0,0,False,success
2026,Italy,Per Sempre Sì,Sal Da Vinci,Spain,ES,0,0,False,success
2026,Italy,Per Sempre Sì,Sal Da Vinci,Finland,FI,0,0,False,success
2026,Italy,Per Sempre Sì,Sal Da Vinci,France,FR,0,0,False,success
2026,Italy,Per Sempre Sì,Sal Da Vinci,United Kingdom,GB,0,0,False,success
2026,Italy,Per Sempre Sì,Sal Da Vinci,Georgia,GE,0,0,False,success
2026,Italy,Per Sempre Sì,Sal Da Vinci,Greece,GR,0,0,False,success
2026,Italy,Per Sempre Sì,Sal Da Vinci,Croatia,HR,0,14,False,success
2026,Italy,Per Sempre Sì,Sal Da Vinci,Hungary,HU,0,0,False,success
2026,Italy,Per Sempre Sì,Sal Da Vinci,Ireland,IE,0,0,False,success
2026,Italy,Per Sempre Sì,Sal Da Vinci,Israel,IL,0,0,False,success
2026,Italy,Per Sempre Sì,Sal Da Vinci,Iceland,IS,0,0,False,success
2026,Italy,Per Sempre Sì,Sal Da Vinci,Italy,IT,100,100,True,success
2026,Italy,Per Sempre Sì,Sal Da Vinci,Lithuania,LT,0,0,False,success
2026,Italy,Per Sempre Sì,Sal Da Vinci,Luxembourg,LU,0,0,False,success
2026,Italy,Per Sempre Sì,Sal Da Vinci,Latvia,LV,0,0,False,success
2026,Italy,Per Sempre Sì,Sal Da Vinci,Moldova,MD,0,0,False,success
2026,Italy,Per Sempre Sì,Sal Da Vinci,Montenegro,ME,0,0,False,success
2026,Italy,Per Sempre Sì,Sal Da Vinci,North Macedonia,MK,0,0,False,success
2026,Italy,Per Sempre Sì,Sal Da Vinci,Malta,MT,0,0,False,success
2026,Italy,Per Sempre Sì,Sal Da Vinci,Netherlands,NL,0,0,False,success
2026,Italy,Per Sempre Sì,Sal Da Vinci,Norway,NO,0,0,False,success
2026,Italy,Per Sempre Sì,Sal Da Vinci,Poland,PL,3,0,False,success
2026,Italy,Per Sempre Sì,Sal Da Vinci,Portugal,PT,0,0,False,success
2026,Italy,Per Sempre Sì,Sal Da Vinci,Romania,RO,0,0,False,success
2026,Italy,Per Sempre Sì,Sal Da Vinci,Serbia,RS,0,0,False,success
2026,Italy,Per Sempre Sì,Sal Da Vinci,Russia,RU,0,0,False,success
2026,Italy,Per Sempre Sì,Sal Da Vinci,Sweden,SE,0,0,False,success
2026,Italy,Per Sempre Sì,Sal Da Vinci,Slovenia,SI,0,0,False,success
2026,Italy,Per Sempre Sì,Sal Da Vinci,San Marino,SM,0,0,False,success
2026,Italy,Per Sempre Sì,Sal Da Vinci,Ukraine,UA,0,0,False,success
2026,Lithuania,Sólo Quiero Más,Lion Ceccah,Albania,AL,0,0,False,success
2026,Lithuania,Sólo Quiero Más,Lion Ceccah,Armenia,AM,0,0,False,success
2026,Lithuania,Sólo Quiero Más,Lion Ceccah,Austria,AT,0,0,False,success
2026,Lithuania,Sólo Quiero Más,Lion Ceccah,Australia,AU,0,0,False,success
2026,Lithuania,Sólo Quiero Más,Lion Ceccah,Azerbaijan,AZ,0,0,False,success
2026,Lithuania,Sólo Quiero Más,Lion Ceccah,Belgium,BE,0,0,False,success
2026,Lithuania,Sólo Quiero Más,Lion Ceccah,Bulgaria,BG,0,0,False,success
2026,Lithuania,Sólo Quiero Más,Lion Ceccah,Belarus,BY,0,0,False,success
2026,Lithuania,Sólo Quiero Más,Lion Ceccah,Switzerland,CH,0,0,False,success
2026,Lithuania,Sólo Quiero Más,Lion Ceccah,Cyprus,CY,0,0,False,success
2026,Lithuania,Sólo Quiero Más,Lion Ceccah,Czechia,CZ,0,0,False,success
2026,Lithuania,Sólo Quiero Más,Lion Ceccah,Germany,DE,0,1,False,success
2026,Lithuania,Sólo Quiero Más,Lion Ceccah,Denmark,DK,0,0,False,success
2026,Lithuania,Sólo Quiero Más,Lion Ceccah,Estonia,EE,0,0,False,success
2026,Lithuania,Sólo Quiero Más,Lion Ceccah,Spain,ES,0,0,False,success
2026,Lithuania,Sólo Quiero Más,Lion Ceccah,Finland,FI,0,0,False,success
2026,Lithuania,Sólo Quiero Más,Lion Ceccah,France,FR,0,0,False,success
2026,Lithuania,Sólo Quiero Más,Lion Ceccah,United Kingdom,GB,0,0,False,success
2026,Lithuania,Sólo Quiero Más,Lion Ceccah,Georgia,GE,0,0,False,success
2026,Lithuania,Sólo Quiero Más,Lion Ceccah,Greece,GR,0,0,False,success
2026,Lithuania,Sólo Quiero Más,Lion Ceccah,Croatia,HR,0,0,False,success
2026,Lithuania,Sólo Quiero Más,Lion Ceccah,Hungary,HU,0,0,False,success
2026,Lithuania,Sólo Quiero Más,Lion Ceccah,Ireland,IE,0,0,False,success
2026,Lithuania,Sólo Quiero Más,Lion Ceccah,Israel,IL,0,0,False,success
2026,Lithuania,Sólo Quiero Más,Lion Ceccah,Iceland,IS,0,0,False,success
2026,Lithuania,Sólo Quiero Más,Lion Ceccah,Italy,IT,0,0,False,success
2026,Lithuania,Sólo Quiero Más,Lion Ceccah,Lithuania,LT,0,100,True,success
2026,Lithuania,Sólo Quiero Más,Lion Ceccah,Luxembourg,LU,0,0,False,success
2026,Lithuania,Sólo Quiero Más,Lion Ceccah,Latvia,LV,0,0,False,success
2026,Lithuania,Sólo Quiero Más,Lion Ceccah,Moldova,MD,0,0,False,success
2026,Lithuania,Sólo Quiero Más,Lion Ceccah,Montenegro,ME,0,0,False,success
2026,Lithuania,Sólo Quiero Más,Lion Ceccah,North Macedonia,MK,0,0,False,success
2026,Lithuania,Sólo Quiero Más,Lion Ceccah,Malta,MT,0,0,False,success
2026,Lithuania,Sólo Quiero Más,Lion Ceccah,Netherlands,NL,0,0,False,success
2026,Lithuania,Sólo Quiero Más,Lion Ceccah,Norway,NO,0,0,False,success
2026,Lithuania,Sólo Quiero Más,Lion Ceccah,Poland,PL,0,0,False,success
2026,Lithuania,Sólo Quiero Más,Lion Ceccah,Portugal,PT,0,0,False,success
2026,Lithuania,Sólo Quiero Más,Lion Ceccah,Romania,RO,0,0,False,success
2026,Lithuania,Sólo Quiero Más,Lion Ceccah,Serbia,RS,0,0,False,success
2026,Lithuania,Sólo Quiero Más,Lion Ceccah,Russia,RU,0,0,False,success
2026,Lithuania,Sólo Quiero Más,Lion Ceccah,Sweden,SE,0,0,False,success
2026,Lithuania,Sólo Quiero Más,Lion Ceccah,Slovenia,SI,0,0,False,success
2026,Lithuania,Sólo Quiero Más,Lion Ceccah,San Marino,SM,0,0,False,success
2026,Lithuania,Sólo Quiero Más,Lion Ceccah,Ukraine,UA,0,0,False,success
2026,Malta,Bella,AIDAN,Albania,AL,0,11,False,success
2026,Malta,Bella,AIDAN,Armenia,AM,0,5,False,success
2026,Malta,Bella,AIDAN,Austria,AT,0,8,False,success
2026,Malta,Bella,AIDAN,Australia,AU,0,6,False,success
2026,Malta,Bella,AIDAN,Azerbaijan,AZ,0,3,False,success
2026,Malta,Bella,AIDAN,Belgium,BE,0,9,False,success
2026,Malta,Bella,AIDAN,Bulgaria,BG,0,7,False,success
2026,Malta,Bella,AIDAN,Belarus,BY,0,1,False,success
2026,Malta,Bella,AIDAN,Switzerland,CH,0,9,False,success
2026,Malta,Bella,AIDAN,Cyprus,CY,0,8,False,success
2026,Malta,Bella,AIDAN,Czechia,CZ,0,7,False,success
2026,Malta,Bella,AIDAN,Germany,DE,0,7,False,success
2026,Malta,Bella,AIDAN,Denmark,DK,0,7,False,success
2026,Malta,Bella,AIDAN,Estonia,EE,0,6,False,success
2026,Malta,Bella,AIDAN,Spain,ES,0,11,False,success
2026,Malta,Bella,AIDAN,Finland,FI,0,6,False,success
2026,Malta,Bella,AIDAN,France,FR,0,7,False,success
2026,Malta,Bella,AIDAN,United Kingdom,GB,0,9,False,success
2026,Malta,Bella,AIDAN,Georgia,GE,0,5,False,success
2026,Malta,Bella,AIDAN,Greece,GR,0,8,False,success
2026,Malta,Bella,AIDAN,Croatia,HR,0,8,False,success
2026,Malta,Bella,AIDAN,Hungary,HU,0,8,False,success
2026,Malta,Bella,AIDAN,Ireland,IE,0,7,False,success
2026,Malta,Bella,AIDAN,Israel,IL,0,2,False,success
2026,Malta,Bella,AIDAN,Iceland,IS,0,3,False,success
2026,Malta,Bella,AIDAN,Italy,IT,0,49,False,success
2026,Malta,Bella,AIDAN,Lithuania,LT,0,5,False,success
2026,Malta,Bella,AIDAN,Luxembourg,LU,0,10,False,success
2026,Malta,Bella,AIDAN,Latvia,LV,0,3,False,success
2026,Malta,Bella,AIDAN,Moldova,MD,0,5,False,success
2026,Malta,Bella,AIDAN,Montenegro,ME,0,8,False,success
2026,Malta,Bella,AIDAN,North Macedonia,MK,0,12,False,success
2026,Malta,Bella,AIDAN,Malta,MT,10,53,True,success
2026,Malta,Bella,AIDAN,Netherlands,NL,0,5,False,success
2026,Malta,Bella,AIDAN,Norway,NO,0,6,False,success
2026,Malta,Bella,AIDAN,Poland,PL,0,8,False,success
2026,Malta,Bella,AIDAN,Portugal,PT,0,7,False,success
2026,Malta,Bella,AIDAN,Romania,RO,0,9,False,success
2026,Malta,Bella,AIDAN,Serbia,RS,0,6,False,success
2026,Malta,Bella,AIDAN,Russia,RU,0,1,False,success
2026,Malta,Bella,AIDAN,Sweden,SE,0,6,False,success
2026,Malta,Bella,AIDAN,Slovenia,SI,0,9,False,success
2026,Malta,Bella,AIDAN,San Marino,SM,0,0,False,success
2026,Malta,Bella,AIDAN,Ukraine,UA,0,1,False,success
2026,Moldova,"Viva, Moldova!",Satoshi,Albania,AL,0,0,False,success
2026,Moldova,"Viva, Moldova!",Satoshi,Armenia,AM,0,0,False,success
2026,Moldova,"Viva, Moldova!",Satoshi,Austria,AT,0,0,False,success
2026,Moldova,"Viva, Moldova!",Satoshi,Australia,AU,0,0,False,success
2026,Moldova,"Viva, Moldova!",Satoshi,Azerbaijan,AZ,0,0,False,success
2026,Moldova,"Viva, Moldova!",Satoshi,Belgium,BE,0,0,False,success
2026,Moldova,"Viva, Moldova!",Satoshi,Bulgaria,BG,0,0,False,success
2026,Moldova,"Viva, Moldova!",Satoshi,Belarus,BY,0,0,False,success
2026,Moldova,"Viva, Moldova!",Satoshi,Switzerland,CH,0,0,False,success
2026,Moldova,"Viva, Moldova!",Satoshi,Cyprus,CY,0,0,False,success
2026,Moldova,"Viva, Moldova!",Satoshi,Czechia,CZ,0,0,False,success
2026,Moldova,"Viva, Moldova!",Satoshi,Germany,DE,0,0,False,success
2026,Moldova,"Viva, Moldova!",Satoshi,Denmark,DK,100,0,False,success
2026,Moldova,"Viva, Moldova!",Satoshi,Estonia,EE,0,0,False,success
2026,Moldova,"Viva, Moldova!",Satoshi,Spain,ES,0,0,False,success
2026,Moldova,"Viva, Moldova!",Satoshi,Finland,FI,0,0,False,success
2026,Moldova,"Viva, Moldova!",Satoshi,France,FR,0,0,False,success
2026,Moldova,"Viva, Moldova!",Satoshi,United Kingdom,GB,0,0,False,success
2026,Moldova,"Viva, Moldova!",Satoshi,Georgia,GE,0,0,False,success
2026,Moldova,"Viva, Moldova!",Satoshi,Greece,GR,0,0,False,success
2026,Moldova,"Viva, Moldova!",Satoshi,Croatia,HR,0,0,False,success
2026,Moldova,"Viva, Moldova!",Satoshi,Hungary,HU,0,0,False,success
2026,Moldova,"Viva, Moldova!",Satoshi,Ireland,IE,0,0,False,success
2026,Moldova,"Viva, Moldova!",Satoshi,Israel,IL,0,0,False,success
2026,Moldova,"Viva, Moldova!",Satoshi,Iceland,IS,0,0,False,success
2026,Moldova,"Viva, Moldova!",Satoshi,Italy,IT,0,0,False,success
2026,Moldova,"Viva, Moldova!",Satoshi,Lithuania,LT,0,0,False,success
2026,Moldova,"Viva, Moldova!",Satoshi,Luxembourg,LU,0,0,False,success
2026,Moldova,"Viva, Moldova!",Satoshi,Latvia,LV,0,0,False,success
2026,Moldova,"Viva, Moldova!",Satoshi,Moldova,MD,0,0,True,success
2026,Moldova,"Viva, Moldova!",Satoshi,Montenegro,ME,0,0,False,success
2026,Moldova,"Viva, Moldova!",Satoshi,North Macedonia,MK,0,0,False,success
2026,Moldova,"Viva, Moldova!",Satoshi,Malta,MT,0,0,False,success
2026,Moldova,"Viva, Moldova!",Satoshi,Netherlands,NL,0,0,False,success
2026,Moldova,"Viva, Moldova!",Satoshi,Norway,NO,0,0,False,success
2026,Moldova,"Viva, Moldova!",Satoshi,Poland,PL,0,0,False,success
2026,Moldova,"Viva, Moldova!",Satoshi,Portugal,PT,0,0,False,success
2026,Moldova,"Viva, Moldova!",Satoshi,Romania,RO,0,0,False,success
2026,Moldova,"Viva, Moldova!",Satoshi,Serbia,RS,0,0,False,success
2026,Moldova,"Viva, Moldova!",Satoshi,Russia,RU,0,0,False,success
2026,Moldova,"Viva, Moldova!",Satoshi,Sweden,SE,0,0,False,success
2026,Moldova,"Viva, Moldova!",Satoshi,Slovenia,SI,0,0,False,success
2026,Moldova,"Viva, Moldova!",Satoshi,San Marino,SM,0,0,False,success
2026,Moldova,"Viva, Moldova!",Satoshi,Ukraine,UA,0,0,False,success
2026,Norway,YA YA YA,JONAS LOVV,Albania,AL,0,1,False,success
2026,Norway,YA YA YA,JONAS LOVV,Armenia,AM,0,2,False,success
2026,Norway,YA YA YA,JONAS LOVV,Austria,AT,0,1,False,success
2026,Norway,YA YA YA,JONAS LOVV,Australia,AU,0,1,False,success
2026,Norway,YA YA YA,JONAS LOVV,Azerbaijan,AZ,0,3,False,success
2026,Norway,YA YA YA,JONAS LOVV,Belgium,BE,0,2,False,success
2026,Norway,YA YA YA,JONAS LOVV,Bulgaria,BG,0,1,False,success
2026,Norway,YA YA YA,JONAS LOVV,Belarus,BY,0,0,False,success
2026,Norway,YA YA YA,JONAS LOVV,Switzerland,CH,0,1,False,success
2026,Norway,YA YA YA,JONAS LOVV,Cyprus,CY,0,2,False,success
2026,Norway,YA YA YA,JONAS LOVV,Czechia,CZ,0,0,False,success
2026,Norway,YA YA YA,JONAS LOVV,Germany,DE,0,1,False,success
2026,Norway,YA YA YA,JONAS LOVV,Denmark,DK,0,1,False,success
2026,Norway,YA YA YA,JONAS LOVV,Estonia,EE,0,0,False,success
2026,Norway,YA YA YA,JONAS LOVV,Spain,ES,0,3,False,success
2026,Norway,YA YA YA,JONAS LOVV,Finland,FI,0,0,False,success
2026,Norway,YA YA YA,JONAS LOVV,France,FR,0,2,False,success
2026,Norway,YA YA YA,JONAS LOVV,United Kingdom,GB,0,1,False,success
2026,Norway,YA YA YA,JONAS LOVV,Georgia,GE,0,1,False,success
2026,Norway,YA YA YA,JONAS LOVV,Greece,GR,0,1,False,success
2026,Norway,YA YA YA,JONAS LOVV,Croatia,HR,0,0,False,success
2026,Norway,YA YA YA,JONAS LOVV,Hungary,HU,0,0,False,success
2026,Norway,YA YA YA,JONAS LOVV,Ireland,IE,0,1,False,success
2026,Norway,YA YA YA,JONAS LOVV,Israel,IL,0,1,False,success
2026,Norway,YA YA YA,JONAS LOVV,Iceland,IS,0,1,False,success
2026,Norway,YA YA YA,JONAS LOVV,Italy,IT,0,1,False,success
2026,Norway,YA YA YA,JONAS LOVV,Lithuania,LT,0,0,False,success
2026,Norway,YA YA YA,JONAS LOVV,Luxembourg,LU,0,1,False,success
2026,Norway,YA YA YA,JONAS LOVV,Latvia,LV,0,0,False,success
2026,Norway,YA YA YA,JONAS LOVV,Moldova,MD,0,0,False,success
2026,Norway,YA YA YA,JONAS LOVV,Montenegro,ME,0,1,False,success
2026,Norway,YA YA YA,JONAS LOVV,North Macedonia,MK,0,1,False,success
2026,Norway,YA YA YA,JONAS LOVV,Malta,MT,0,1,False,success
2026,Norway,YA YA YA,JONAS LOVV,Netherlands,NL,0,1,False,success
2026,Norway,YA YA YA,JONAS LOVV,Norway,NO,100,1,True,success
2026,Norway,YA YA YA,JONAS LOVV,Poland,PL,0,0,False,success
2026,Norway,YA YA YA,JONAS LOVV,Portugal,PT,0,1,False,success
2026,Norway,YA YA YA,JONAS LOVV,Romania,RO,0,1,False,success
2026,Norway,YA YA YA,JONAS LOVV,Serbia,RS,0,0,False,success
2026,Norway,YA YA YA,JONAS LOVV,Russia,RU,0,0,False,success
2026,Norway,YA YA YA,JONAS LOVV,Sweden,SE,0,1,False,success
2026,Norway,YA YA YA,JONAS LOVV,Slovenia,SI,0,0,False,success
2026,Norway,YA YA YA,JONAS LOVV,San Marino,SM,0,0,False,success
2026,Norway,YA YA YA,JONAS LOVV,Ukraine,UA,0,0,False,success
2026,Poland,Pray,ALICJA,Albania,AL,0,6,False,success
2026,Poland,Pray,ALICJA,Armenia,AM,0,2,False,success
2026,Poland,Pray,ALICJA,Austria,AT,0,8,False,success
2026,Poland,Pray,ALICJA,Australia,AU,0,12,False,success
2026,Poland,Pray,ALICJA,Azerbaijan,AZ,0,1,False,success
2026,Poland,Pray,ALICJA,Belgium,BE,0,8,False,success
2026,Poland,Pray,ALICJA,Bulgaria,BG,0,6,False,success
2026,Poland,Pray,ALICJA,Belarus,BY,0,0,False,success
2026,Poland,Pray,ALICJA,Switzerland,CH,0,7,False,success
2026,Poland,Pray,ALICJA,Cyprus,CY,0,4,False,success
2026,Poland,Pray,ALICJA,Czechia,CZ,0,8,False,success
2026,Poland,Pray,ALICJA,Germany,DE,3,6,False,success
2026,Poland,Pray,ALICJA,Denmark,DK,0,10,False,success
2026,Poland,Pray,ALICJA,Estonia,EE,0,7,False,success
2026,Poland,Pray,ALICJA,Spain,ES,0,6,False,success
2026,Poland,Pray,ALICJA,Finland,FI,0,7,False,success
2026,Poland,Pray,ALICJA,France,FR,0,5,False,success
2026,Poland,Pray,ALICJA,United Kingdom,GB,3,12,False,success
2026,Poland,Pray,ALICJA,Georgia,GE,0,4,False,success
2026,Poland,Pray,ALICJA,Greece,GR,0,7,False,success
2026,Poland,Pray,ALICJA,Croatia,HR,0,6,False,success
2026,Poland,Pray,ALICJA,Hungary,HU,0,6,False,success
2026,Poland,Pray,ALICJA,Ireland,IE,0,10,False,success
2026,Poland,Pray,ALICJA,Israel,IL,0,3,False,success
2026,Poland,Pray,ALICJA,Iceland,IS,0,0,False,success
2026,Poland,Pray,ALICJA,Italy,IT,2,5,False,success
2026,Poland,Pray,ALICJA,Lithuania,LT,0,9,False,success
2026,Poland,Pray,ALICJA,Luxembourg,LU,0,10,False,success
2026,Poland,Pray,ALICJA,Latvia,LV,0,5,False,success
2026,Poland,Pray,ALICJA,Moldova,MD,0,3,False,success
2026,Poland,Pray,ALICJA,Montenegro,ME,0,0,False,success
2026,Poland,Pray,ALICJA,North Macedonia,MK,0,6,False,success
2026,Poland,Pray,ALICJA,Malta,MT,0,18,False,success
2026,Poland,Pray,ALICJA,Netherlands,NL,0,8,False,success
2026,Poland,Pray,ALICJA,Norway,NO,0,12,False,success
2026,Poland,Pray,ALICJA,Poland,PL,100,43,True,success
2026,Poland,Pray,ALICJA,Portugal,PT,0,9,False,success
2026,Poland,Pray,ALICJA,Romania,RO,0,5,False,success
2026,Poland,Pray,ALICJA,Serbia,RS,0,4,False,success
2026,Poland,Pray,ALICJA,Russia,RU,0,2,False,success
2026,Poland,Pray,ALICJA,Sweden,SE,0,9,False,success
2026,Poland,Pray,ALICJA,Slovenia,SI,0,7,False,success
2026,Poland,Pray,ALICJA,San Marino,SM,0,0,False,success
2026,Poland,Pray,ALICJA,Ukraine,UA,0,2,False,success
2026,Romania,Choke Me,Alexandra Căpitănescu,Albania,AL,0,0,False,success
2026,Romania,Choke Me,Alexandra Căpitănescu,Armenia,AM,0,0,False,success
2026,Romania,Choke Me,Alexandra Căpitănescu,Austria,AT,0,1,False,success
2026,Romania,Choke Me,Alexandra Căpitănescu,Australia,AU,0,0,False,success
2026,Romania,Choke Me,Alexandra Căpitănescu,Azerbaijan,AZ,0,0,False,success
2026,Romania,Choke Me,Alexandra Căpitănescu,Belgium,BE,0,1,False,success
2026,Romania,Choke Me,Alexandra Căpitănescu,Bulgaria,BG,0,1,False,success
2026,Romania,Choke Me,Alexandra Căpitănescu,Belarus,BY,0,0,False,success
2026,Romania,Choke Me,Alexandra Căpitănescu,Switzerland,CH,0,0,False,success
2026,Romania,Choke Me,Alexandra Căpitănescu,Cyprus,CY,0,0,False,success
2026,Romania,Choke Me,Alexandra Căpitănescu,Czechia,CZ,0,0,False,success
2026,Romania,Choke Me,Alexandra Căpitănescu,Germany,DE,0,0,False,success
2026,Romania,Choke Me,Alexandra Căpitănescu,Denmark,DK,0,0,False,success
2026,Romania,Choke Me,Alexandra Căpitănescu,Estonia,EE,0,0,False,success
2026,Romania,Choke Me,Alexandra Căpitănescu,Spain,ES,0,0,False,success
2026,Romania,Choke Me,Alexandra Căpitănescu,Finland,FI,0,1,False,success
2026,Romania,Choke Me,Alexandra Căpitănescu,France,FR,0,0,False,success
2026,Romania,Choke Me,Alexandra Căpitănescu,United Kingdom,GB,0,0,False,success
2026,Romania,Choke Me,Alexandra Căpitănescu,Georgia,GE,0,0,False,success
2026,Romania,Choke Me,Alexandra Căpitănescu,Greece,GR,0,2,False,success
2026,Romania,Choke Me,Alexandra Căpitănescu,Croatia,HR,0,1,False,success
2026,Romania,Choke Me,Alexandra Căpitănescu,Hungary,HU,0,0,False,success
2026,Romania,Choke Me,Alexandra Căpitănescu,Ireland,IE,0,0,False,success
2026,Romania,Choke Me,Alexandra Căpitănescu,Israel,IL,0,0,False,success
2026,Romania,Choke Me,Alexandra Căpitănescu,Iceland,IS,0,0,False,success
2026,Romania,Choke Me,Alexandra Căpitănescu,Italy,IT,0,0,False,success
2026,Romania,Choke Me,Alexandra Căpitănescu,Lithuania,LT,0,1,False,success
2026,Romania,Choke Me,Alexandra Căpitănescu,Luxembourg,LU,0,0,False,success
2026,Romania,Choke Me,Alexandra Căpitănescu,Latvia,LV,0,0,False,success
2026,Romania,Choke Me,Alexandra Căpitănescu,Moldova,MD,0,0,False,success
2026,Romania,Choke Me,Alexandra Căpitănescu,Montenegro,ME,0,0,False,success
2026,Romania,Choke Me,Alexandra Căpitănescu,North Macedonia,MK,0,0,False,success
2026,Romania,Choke Me,Alexandra Căpitănescu,Malta,MT,0,0,False,success
2026,Romania,Choke Me,Alexandra Căpitănescu,Netherlands,NL,0,0,False,success
2026,Romania,Choke Me,Alexandra Căpitănescu,Norway,NO,0,1,False,success
2026,Romania,Choke Me,Alexandra Căpitănescu,Poland,PL,0,1,False,success
2026,Romania,Choke Me,Alexandra Căpitănescu,Portugal,PT,0,0,False,success
2026,Romania,Choke Me,Alexandra Căpitănescu,Romania,RO,0,15,True,success
2026,Romania,Choke Me,Alexandra Căpitănescu,Serbia,RS,0,1,False,success
2026,Romania,Choke Me,Alexandra Căpitănescu,Russia,RU,0,0,False,success
2026,Romania,Choke Me,Alexandra Căpitănescu,Sweden,SE,0,1,False,success
2026,Romania,Choke Me,Alexandra Căpitănescu,Slovenia,SI,0,0,False,success
2026,Romania,Choke Me,Alexandra Căpitănescu,San Marino,SM,0,0,False,success
2026,Romania,Choke Me,Alexandra Căpitănescu,Ukraine,UA,0,0,False,success
2026,Serbia,Kraj Mene,LAVINA,Albania,AL,0,0,False,success
2026,Serbia,Kraj Mene,LAVINA,Armenia,AM,0,0,False,success
2026,Serbia,Kraj Mene,LAVINA,Austria,AT,6,5,False,success
2026,Serbia,Kraj Mene,LAVINA,Australia,AU,0,0,False,success
2026,Serbia,Kraj Mene,LAVINA,Azerbaijan,AZ,0,0,False,success
2026,Serbia,Kraj Mene,LAVINA,Belgium,BE,0,0,False,success
2026,Serbia,Kraj Mene,LAVINA,Bulgaria,BG,0,5,False,success
2026,Serbia,Kraj Mene,LAVINA,Belarus,BY,0,0,False,success
2026,Serbia,Kraj Mene,LAVINA,Switzerland,CH,0,2,False,success
2026,Serbia,Kraj Mene,LAVINA,Cyprus,CY,0,0,False,success
2026,Serbia,Kraj Mene,LAVINA,Czechia,CZ,0,1,False,success
2026,Serbia,Kraj Mene,LAVINA,Germany,DE,1,1,False,success
2026,Serbia,Kraj Mene,LAVINA,Denmark,DK,0,2,False,success
2026,Serbia,Kraj Mene,LAVINA,Estonia,EE,0,0,False,success
2026,Serbia,Kraj Mene,LAVINA,Spain,ES,0,0,False,success
2026,Serbia,Kraj Mene,LAVINA,Finland,FI,0,1,False,success
2026,Serbia,Kraj Mene,LAVINA,France,FR,0,0,False,success
2026,Serbia,Kraj Mene,LAVINA,United Kingdom,GB,0,0,False,success
2026,Serbia,Kraj Mene,LAVINA,Georgia,GE,0,0,False,success
2026,Serbia,Kraj Mene,LAVINA,Greece,GR,0,2,False,success
2026,Serbia,Kraj Mene,LAVINA,Croatia,HR,0,18,False,success
2026,Serbia,Kraj Mene,LAVINA,Hungary,HU,0,0,False,success
2026,Serbia,Kraj Mene,LAVINA,Ireland,IE,0,0,False,success
2026,Serbia,Kraj Mene,LAVINA,Israel,IL,0,0,False,success
2026,Serbia,Kraj Mene,LAVINA,Iceland,IS,0,0,False,success
2026,Serbia,Kraj Mene,LAVINA,Italy,IT,0,0,False,success
2026,Serbia,Kraj Mene,LAVINA,Lithuania,LT,0,0,False,success
2026,Serbia,Kraj Mene,LAVINA,Luxembourg,LU,0,0,False,success
2026,Serbia,Kraj Mene,LAVINA,Latvia,LV,0,0,False,success
2026,Serbia,Kraj Mene,LAVINA,Moldova,MD,0,0,False,success
2026,Serbia,Kraj Mene,LAVINA,Montenegro,ME,100,28,False,success
2026,Serbia,Kraj Mene,LAVINA,North Macedonia,MK,0,11,False,success
2026,Serbia,Kraj Mene,LAVINA,Malta,MT,0,0,False,success
2026,Serbia,Kraj Mene,LAVINA,Netherlands,NL,0,1,False,success
2026,Serbia,Kraj Mene,LAVINA,Norway,NO,0,0,False,success
2026,Serbia,Kraj Mene,LAVINA,Poland,PL,1,1,False,success
2026,Serbia,Kraj Mene,LAVINA,Portugal,PT,0,0,False,success
2026,Serbia,Kraj Mene,LAVINA,Romania,RO,0,1,False,success
2026,Serbia,Kraj Mene,LAVINA,Serbia,RS,92,100,True,success
2026,Serbia,Kraj Mene,LAVINA,Russia,RU,0,0,False,success
2026,Serbia,Kraj Mene,LAVINA,Sweden,SE,0,1,False,success
2026,Serbia,Kraj Mene,LAVINA,Slovenia,SI,0,9,False,success
2026,Serbia,Kraj Mene,LAVINA,San Marino,SM,0,0,False,success
2026,Serbia,Kraj Mene,LAVINA,Ukraine,UA,3,0,False,success
2026,Sweden,My System,FELICIA,Albania,AL,0,0,False,success
2026,Sweden,My System,FELICIA,Armenia,AM,0,0,False,success
2026,Sweden,My System,FELICIA,Austria,AT,0,8,False,success
2026,Sweden,My System,FELICIA,Australia,AU,0,6,False,success
2026,Sweden,My System,FELICIA,Azerbaijan,AZ,0,0,False,success
2026,Sweden,My System,FELICIA,Belgium,BE,0,5,False,success
2026,Sweden,My System,FELICIA,Bulgaria,BG,0,4,False,success
2026,Sweden,My System,FELICIA,Belarus,BY,0,0,False,success
2026,Sweden,My System,FELICIA,Switzerland,CH,0,5,False,success
2026,Sweden,My System,FELICIA,Cyprus,CY,0,0,False,success
2026,Sweden,My System,FELICIA,Czechia,CZ,0,4,False,success
2026,Sweden,My System,FELICIA,Germany,DE,4,3,False,success
2026,Sweden,My System,FELICIA,Denmark,DK,0,9,False,success
2026,Sweden,My System,FELICIA,Estonia,EE,0,17,False,success
2026,Sweden,My System,FELICIA,Spain,ES,0,2,False,success
2026,Sweden,My System,FELICIA,Finland,FI,39,27,False,success
2026,Sweden,My System,FELICIA,France,FR,0,2,False,success
2026,Sweden,My System,FELICIA,United Kingdom,GB,2,6,False,success
2026,Sweden,My System,FELICIA,Georgia,GE,0,4,False,success
2026,Sweden,My System,FELICIA,Greece,GR,21,12,False,success
2026,Sweden,My System,FELICIA,Croatia,HR,0,11,False,success
2026,Sweden,My System,FELICIA,Hungary,HU,0,3,False,success
2026,Sweden,My System,FELICIA,Ireland,IE,0,5,False,success
2026,Sweden,My System,FELICIA,Israel,IL,0,4,False,success
2026,Sweden,My System,FELICIA,Iceland,IS,0,0,False,success
2026,Sweden,My System,FELICIA,Italy,IT,5,3,False,success
2026,Sweden,My System,FELICIA,Lithuania,LT,0,16,False,success
2026,Sweden,My System,FELICIA,Luxembourg,LU,0,0,False,success
2026,Sweden,My System,FELICIA,Latvia,LV,0,0,False,success
2026,Sweden,My System,FELICIA,Moldova,MD,0,0,False,success
2026,Sweden,My System,FELICIA,Montenegro,ME,0,0,False,success
2026,Sweden,My System,FELICIA,North Macedonia,MK,0,0,False,success
2026,Sweden,My System,FELICIA,Malta,MT,0,0,False,success
2026,Sweden,My System,FELICIA,Netherlands,NL,8,4,False,success
2026,Sweden,My System,FELICIA,Norway,NO,0,13,False,success
2026,Sweden,My System,FELICIA,Poland,PL,4,5,False,success
2026,Sweden,My System,FELICIA,Portugal,PT,0,5,False,success
2026,Sweden,My System,FELICIA,Romania,RO,0,4,False,success
2026,Sweden,My System,FELICIA,Serbia,RS,0,5,False,success
2026,Sweden,My System,FELICIA,Russia,RU,0,1,False,success
2026,Sweden,My System,FELICIA,Sweden,SE,100,100,True,success
2026,Sweden,My System,FELICIA,Slovenia,SI,0,0,False,success
2026,Sweden,My System,FELICIA,San Marino,SM,0,0,False,success
2026,Sweden,My System,FELICIA,Ukraine,UA,11,2,False,success
2026,Ukraine,Ridnym,LELÉKA,Albania,AL,0,0,False,success
2026,Ukraine,Ridnym,LELÉKA,Armenia,AM,0,0,False,success
2026,Ukraine,Ridnym,LELÉKA,Austria,AT,0,0,False,success
2026,Ukraine,Ridnym,LELÉKA,Australia,AU,0,0,False,success
2026,Ukraine,Ridnym,LELÉKA,Azerbaijan,AZ,0,0,False,success
2026,Ukraine,Ridnym,LELÉKA,Belgium,BE,0,0,False,success
2026,Ukraine,Ridnym,LELÉKA,Bulgaria,BG,0,0,False,success
2026,Ukraine,Ridnym,LELÉKA,Belarus,BY,0,0,False,success
2026,Ukraine,Ridnym,LELÉKA,Switzerland,CH,0,0,False,success
2026,Ukraine,Ridnym,LELÉKA,Cyprus,CY,0,0,False,success
2026,Ukraine,Ridnym,LELÉKA,Czechia,CZ,0,0,False,success
2026,Ukraine,Ridnym,LELÉKA,Germany,DE,0,9,False,success
2026,Ukraine,Ridnym,LELÉKA,Denmark,DK,0,0,False,success
2026,Ukraine,Ridnym,LELÉKA,Estonia,EE,0,0,False,success
2026,Ukraine,Ridnym,LELÉKA,Spain,ES,0,0,False,success
2026,Ukraine,Ridnym,LELÉKA,Finland,FI,0,0,False,success
2026,Ukraine,Ridnym,LELÉKA,France,FR,0,0,False,success
2026,Ukraine,Ridnym,LELÉKA,United Kingdom,GB,0,0,False,success
2026,Ukraine,Ridnym,LELÉKA,Georgia,GE,0,0,False,success
2026,Ukraine,Ridnym,LELÉKA,Greece,GR,0,0,False,success
2026,Ukraine,Ridnym,LELÉKA,Croatia,HR,0,0,False,success
2026,Ukraine,Ridnym,LELÉKA,Hungary,HU,0,0,False,success
2026,Ukraine,Ridnym,LELÉKA,Ireland,IE,0,0,False,success
2026,Ukraine,Ridnym,LELÉKA,Israel,IL,0,0,False,success
2026,Ukraine,Ridnym,LELÉKA,Iceland,IS,0,0,False,success
2026,Ukraine,Ridnym,LELÉKA,Italy,IT,0,6,False,success
2026,Ukraine,Ridnym,LELÉKA,Lithuania,LT,0,0,False,success
2026,Ukraine,Ridnym,LELÉKA,Luxembourg,LU,0,0,False,success
2026,Ukraine,Ridnym,LELÉKA,Latvia,LV,0,0,False,success
2026,Ukraine,Ridnym,LELÉKA,Moldova,MD,0,0,False,success
2026,Ukraine,Ridnym,LELÉKA,Montenegro,ME,0,0,False,success
2026,Ukraine,Ridnym,LELÉKA,North Macedonia,MK,0,0,False,success
2026,Ukraine,Ridnym,LELÉKA,Malta,MT,0,0,False,success
2026,Ukraine,Ridnym,LELÉKA,Netherlands,NL,0,0,False,success
2026,Ukraine,Ridnym,LELÉKA,Norway,NO,0,0,False,success
2026,Ukraine,Ridnym,LELÉKA,Poland,PL,0,14,False,success
2026,Ukraine,Ridnym,LELÉKA,Portugal,PT,0,0,False,success
2026,Ukraine,Ridnym,LELÉKA,Romania,RO,0,0,False,success
2026,Ukraine,Ridnym,LELÉKA,Serbia,RS,0,0,False,success
2026,Ukraine,Ridnym,LELÉKA,Russia,RU,0,7,False,success
2026,Ukraine,Ridnym,LELÉKA,Sweden,SE,0,0,False,success
2026,Ukraine,Ridnym,LELÉKA,Slovenia,SI,0,0,False,success
2026,Ukraine,Ridnym,LELÉKA,San Marino,SM,0,0,False,success
2026,Ukraine,Ridnym,LELÉKA,Ukraine,UA,100,100,True,success
2026,United Kingdom,"Eins, Zwei, Drei",LOOK MUM NO COMPUTER,Albania,AL,0,0,False,success
2026,United Kingdom,"Eins, Zwei, Drei",LOOK MUM NO COMPUTER,Armenia,AM,0,0,False,success
2026,United Kingdom,"Eins, Zwei, Drei",LOOK MUM NO COMPUTER,Austria,AT,0,0,False,success
2026,United Kingdom,"Eins, Zwei, Drei",LOOK MUM NO COMPUTER,Australia,AU,0,0,False,success
2026,United Kingdom,"Eins, Zwei, Drei",LOOK MUM NO COMPUTER,Azerbaijan,AZ,0,0,False,success
2026,United Kingdom,"Eins, Zwei, Drei",LOOK MUM NO COMPUTER,Belgium,BE,0,0,False,success
2026,United Kingdom,"Eins, Zwei, Drei",LOOK MUM NO COMPUTER,Bulgaria,BG,0,0,False,success
2026,United Kingdom,"Eins, Zwei, Drei",LOOK MUM NO COMPUTER,Belarus,BY,0,0,False,success
2026,United Kingdom,"Eins, Zwei, Drei",LOOK MUM NO COMPUTER,Switzerland,CH,0,0,False,success
2026,United Kingdom,"Eins, Zwei, Drei",LOOK MUM NO COMPUTER,Cyprus,CY,0,0,False,success
2026,United Kingdom,"Eins, Zwei, Drei",LOOK MUM NO COMPUTER,Czechia,CZ,0,0,False,success
2026,United Kingdom,"Eins, Zwei, Drei",LOOK MUM NO COMPUTER,Germany,DE,0,0,False,success
2026,United Kingdom,"Eins, Zwei, Drei",LOOK MUM NO COMPUTER,Denmark,DK,0,0,False,success
2026,United Kingdom,"Eins, Zwei, Drei",LOOK MUM NO COMPUTER,Estonia,EE,0,0,False,success
2026,United Kingdom,"Eins, Zwei, Drei",LOOK MUM NO COMPUTER,Spain,ES,0,0,False,success
2026,United Kingdom,"Eins, Zwei, Drei",LOOK MUM NO COMPUTER,Finland,FI,0,0,False,success
2026,United Kingdom,"Eins, Zwei, Drei",LOOK MUM NO COMPUTER,France,FR,0,0,False,success
2026,United Kingdom,"Eins, Zwei, Drei",LOOK MUM NO COMPUTER,United Kingdom,GB,0,0,True,success
2026,United Kingdom,"Eins, Zwei, Drei",LOOK MUM NO COMPUTER,Georgia,GE,0,0,False,success
2026,United Kingdom,"Eins, Zwei, Drei",LOOK MUM NO COMPUTER,Greece,GR,0,0,False,success
2026,United Kingdom,"Eins, Zwei, Drei",LOOK MUM NO COMPUTER,Croatia,HR,0,0,False,success
2026,United Kingdom,"Eins, Zwei, Drei",LOOK MUM NO COMPUTER,Hungary,HU,0,0,False,success
2026,United Kingdom,"Eins, Zwei, Drei",LOOK MUM NO COMPUTER,Ireland,IE,0,0,False,success
2026,United Kingdom,"Eins, Zwei, Drei",LOOK MUM NO COMPUTER,Israel,IL,0,0,False,success
2026,United Kingdom,"Eins, Zwei, Drei",LOOK MUM NO COMPUTER,Iceland,IS,0,0,False,success
2026,United Kingdom,"Eins, Zwei, Drei",LOOK MUM NO COMPUTER,Italy,IT,0,0,False,success
2026,United Kingdom,"Eins, Zwei, Drei",LOOK MUM NO COMPUTER,Lithuania,LT,0,0,False,success
2026,United Kingdom,"Eins, Zwei, Drei",LOOK MUM NO COMPUTER,Luxembourg,LU,0,0,False,success
2026,United Kingdom,"Eins, Zwei, Drei",LOOK MUM NO COMPUTER,Latvia,LV,0,0,False,success
2026,United Kingdom,"Eins, Zwei, Drei",LOOK MUM NO COMPUTER,Moldova,MD,0,0,False,success
2026,United Kingdom,"Eins, Zwei, Drei",LOOK MUM NO COMPUTER,Montenegro,ME,0,0,False,success
2026,United Kingdom,"Eins, Zwei, Drei",LOOK MUM NO COMPUTER,North Macedonia,MK,0,0,False,success
2026,United Kingdom,"Eins, Zwei, Drei",LOOK MUM NO COMPUTER,Malta,MT,0,0,False,success
2026,United Kingdom,"Eins, Zwei, Drei",LOOK MUM NO COMPUTER,Netherlands,NL,0,0,False,success
2026,United Kingdom,"Eins, Zwei, Drei",LOOK MUM NO COMPUTER,Norway,NO,0,0,False,success
2026,United Kingdom,"Eins, Zwei, Drei",LOOK MUM NO COMPUTER,Poland,PL,0,0,False,success
2026,United Kingdom,"Eins, Zwei, Drei",LOOK MUM NO COMPUTER,Portugal,PT,0,0,False,success
2026,United Kingdom,"Eins, Zwei, Drei",LOOK MUM NO COMPUTER,Romania,RO,0,0,False,success
2026,United Kingdom,"Eins, Zwei, Drei",LOOK MUM NO COMPUTER,Serbia,RS,0,0,False,success
2026,United Kingdom,"Eins, Zwei, Drei",LOOK MUM NO COMPUTER,Russia,RU,0,0,False,success
2026,United Kingdom,"Eins, Zwei, Drei",LOOK MUM NO COMPUTER,Sweden,SE,0,0,False,success
2026,United Kingdom,"Eins, Zwei, Drei",LOOK MUM NO COMPUTER,Slovenia,SI,0,0,False,success
2026,United Kingdom,"Eins, Zwei, Drei",LOOK MUM NO COMPUTER,San Marino,SM,0,0,False,success
2026,United Kingdom,"Eins, Zwei, Drei",LOOK MUM NO COMPUTER,Ukraine,UA,0,0,False,success
